{
    "site-2": {
        "timeline": [
            0.0,
            10.0,
            25.0,
            30.0,
            40.0,
            50.0,
            60.0,
            70.0
        ],
        "km_estimate": [
            1.0,
            0.8571428571428572,
            0.7142857142857143,
            0.7142857142857143,
            0.5357142857142858,
            0.5357142857142858,
            0.26785714285714285,
            0.0
        ],
        "event_count": [
            0,
            1,
            1,
            1,
            1,
            1,
            1,
            1
        ],
        "survival_rate": [
            0.0,
            0.1428571428571428,
            0.2857142857142857,
            0.2857142857142857,
            0.4642857142857142,
            0.4642857142857142,
            0.7321428571428572,
            1.0
        ]
    },
    "site-1": {
        "timeline": [
            0.0,
            5.0,
            10.0,
            15.0,
            25.0,
            30.0,
            35.0,
            40.0,
            45.0,
            50.0,
            55.0,
            60.0,
            65.0
        ],
        "km_estimate": [
            1.0,
            0.9166666666666667,
            0.9166666666666667,
            0.8250000000000001,
            0.7333333333333331,
            0.6416666666666665,
            0.6416666666666665,
            0.6416666666666665,
            0.5133333333333332,
            0.385,
            0.25666666666666665,
            0.12833333333333333,
            0.0
        ],
        "event_count": [
            0,
            1,
            1,
            1,
            1,
            1,
            1,
            1,
            1,
            1,
            1,
            1,
            1
        ],
        "survival_rate": [
            0.0,
            0.08333333333333326,
            0.08333333333333326,
            0.17499999999999993,
            0.26666666666666694,
            0.3583333333333335,
            0.3583333333333335,
            0.3583333333333335,
            0.4866666666666668,
            0.615,
            0.7433333333333334,
            0.8716666666666667,
            1.0
        ]
    },
    "global": {
        "timeline": [
            0.0,
            5.0,
            10.0,
            15.0,
            25.0,
            30.0,
            35.0,
            40.0,
            45.0,
            50.0,
            55.0,
            60.0,
            65.0,
            70.0
        ],
        "km_estimate": [
            1.0,
            0.9230769230769231,
            0.8461538461538463,
            0.7692307692307694,
            0.6923076923076924,
            0.6153846153846153,
            0.5384615384615384,
            0.4615384615384615,
            0.3846153846153846,
            0.30769230769230765,
            0.23076923076923078,
            0.15384615384615385,
            0.07692307692307693,
            0.0
        ],
        "event_count": [
            1,
            1,
            1,
            1,
            1,
            1,
            1,
            1,
            1,
            1,
            1,
            1,
            1,
            1
        ],
        "survival_rate": [
            0.0,
            0.07692307692307687,
            0.15384615384615374,
            0.23076923076923062,
            0.3076923076923076,
            0.3846153846153847,
            0.46153846153846156,
            0.5384615384615385,
            0.6153846153846154,
            0.6923076923076923,
            0.7692307692307692,
            0.8461538461538461,
            0.9230769230769231,
            1.0
        ]
    }
}