file_id	file_name	file_size	md5sum	case_submitter_id	case_id	sample_submitter_id	sample_type	tissue_type	workflow_type
0019c951-16c5-48d0-85c8-58d96b12d330	ba295155-272e-43eb-9d6a-e4c9c392e68b.rna_seq.augmented_star_gene_counts.tsv	4251623	603d5a827abe6b3f4921f12dbcaeb25b	TCGA-D8-A1XO	6a186809-3422-41d0-83d2-867145830936	TCGA-D8-A1XO-01A	Primary Tumor	Tumor	STAR - Counts
0022cd20-f64f-4773-b9ff-a3de0b71b259	8d1641ea-7552-4d23-9298-094e0056386a.rna_seq.augmented_star_gene_counts.tsv	4248309	7101938d6f12ed28f86bab21ae94e9bc	TCGA-AN-A0FN	c2a742fe-3e8b-4210-85a6-7191a1123609	TCGA-AN-A0FN-01A	Primary Tumor	Tumor	STAR - Counts
00469928-b243-4cae-acd7-134508e99ceb	2f51534b-248b-4999-bc3f-e42a2e98332e.rna_seq.augmented_star_gene_counts.tsv	4232860	e2fff70f2db6eaa2f2f6c5fc9e32f5ab	TCGA-AC-A62X	5b2a4f11-ca46-4974-9420-59b4820920bf	TCGA-AC-A62X-01A	Primary Tumor	Tumor	STAR - Counts
0081f507-b104-4214-9ea1-31dd69130991	b321a3f5-043d-42c6-8c9d-5784d45cb85c.rna_seq.augmented_star_gene_counts.tsv	4254905	6fee2c3426fa94061cbb665386794be3	TCGA-E2-A14U	23b7aaea-1119-4b10-aa1a-0ae255d2f2a6	TCGA-E2-A14U-01A	Primary Tumor	Tumor	STAR - Counts
0094f9d0-45ec-4aad-bca0-71c60bdd7113	cafc9e36-c5f0-45df-ad03-16210ff0d870.rna_seq.augmented_star_gene_counts.tsv	4256688	677b7158f3cd31cb41b2dbb0a7da13c9	TCGA-E9-A1R3	4922cddc-575c-4b8a-8245-ce5f6876760c	TCGA-E9-A1R3-01A	Primary Tumor	Tumor	STAR - Counts
00b13ccf-ad7c-4613-8366-7c583a399691	c763a483-415e-4cb4-9cdf-4e6c31e8a9c9.rna_seq.augmented_star_gene_counts.tsv	4245694	66d28f5c10a9c7989e2fb33d0e62bb3e	TCGA-BH-A18M	f63722c1-a0bb-4bf9-8a10-1d76a8e1a0ba	TCGA-BH-A18M-01A	Primary Tumor	Tumor	STAR - Counts
010e405c-b91d-4046-898e-105d5830d9a9	7135f14b-e84f-4ebf-8d95-b2a3c843fd4d.rna_seq.augmented_star_gene_counts.tsv	4243000	ecf9f30604ded9b1132f8b425d6f5ba3	TCGA-E2-A15T	e68ebfd4-3688-4caa-9e38-7764f9258c30	TCGA-E2-A15T-01A	Primary Tumor	Tumor	STAR - Counts
017d71aa-0999-4d8e-9cb4-88b9013e61eb	c6683fc6-49f4-4e53-94ac-251799c2c638.rna_seq.augmented_star_gene_counts.tsv	4242722	98cdcdd92feca94d1e15defbc2f84081	TCGA-AR-A0TU	dfe6db17-cf45-488e-bd3c-b8433d7343ca	TCGA-AR-A0TU-01A	Primary Tumor	Tumor	STAR - Counts
02a0b95f-ea0f-4c0d-ba2d-9724ed9ad712	5fd42405-ebfe-4210-bc2f-d8310e3e14ee.rna_seq.augmented_star_gene_counts.tsv	4246583	f8b1e5d2df5c02a8854a53bccae100e4	TCGA-EW-A1IX	e8614b7d-132e-4b4e-b1ae-df8bb4f2d4d4	TCGA-EW-A1IX-01A	Primary Tumor	Tumor	STAR - Counts
02a11397-2a9b-4dba-8c6a-6b9f0aa24372	9ccd787f-fde1-4fe6-a11f-d6203eaf9faf.rna_seq.augmented_star_gene_counts.tsv	4256806	7eebc2d62c8fed05d2524e5166f1e913	TCGA-B6-A408	9964f447-92ad-4d1e-af20-11cf84fab7b0	TCGA-B6-A408-01A	Primary Tumor	Tumor	STAR - Counts
02e08315-4d34-421c-acc0-129b1e1de38b	4a88d54f-c88c-4ffd-84c9-069b53f2cb28.rna_seq.augmented_star_gene_counts.tsv	4252919	1fdcecd478e911b9a62234c1de04a7e8	TCGA-E2-A1IE	2d0d7ff4-7866-4ae1-9cf1-a3c7f4cbe48d	TCGA-E2-A1IE-01A	Primary Tumor	Tumor	STAR - Counts
03891509-3109-450d-8564-77b024a6128e	75668632-f0c7-495b-ba34-cd4b00aa9450.rna_seq.augmented_star_gene_counts.tsv	4249531	ed90acdacf8a0d3bf52f6053adb8d375	TCGA-E2-A10E	dc15a8ae-991e-421c-bc70-70e94f79dd17	TCGA-E2-A10E-01A	Primary Tumor	Tumor	STAR - Counts
03a1a105-4856-4e5c-b537-508bdbda50b5	02bbe1b1-44ff-426b-a40e-47a01bc4cf7d.rna_seq.augmented_star_gene_counts.tsv	4250160	b14544f95a55d4916cd5121b61e3bfb8	TCGA-EW-A3U0	d9dc3b59-613d-469e-8b4f-6c5a557eb26a	TCGA-EW-A3U0-01A	Primary Tumor	Tumor	STAR - Counts
03d18286-1038-4c0c-9c05-d1269e280250	8bfd50fb-d6d8-44cd-a492-1e0a983e40b6.rna_seq.augmented_star_gene_counts.tsv	4246254	49b43a7ed0c5692386f398dbb7c8b25a	TCGA-BH-A0H5	cab38ea8-4555-413c-b81e-4621aac4ef85	TCGA-BH-A0H5-01A	Primary Tumor	Tumor	STAR - Counts
04024f75-7405-4ccc-8976-91d0a3035b3a	e6f4bdc7-ab3f-4a62-aa6d-5223b25bbc89.rna_seq.augmented_star_gene_counts.tsv	4229305	24211b883466a4e1934b52dead70b406	TCGA-E2-A14W	eadb0562-2165-4adb-ad58-018e73f82780	TCGA-E2-A14W-01A	Primary Tumor	Tumor	STAR - Counts
040d00da-2bc9-49d4-bf6c-b4515b6a2bbf	d4f91697-1c39-4398-bf2f-85217a22ddff.rna_seq.augmented_star_gene_counts.tsv	4241540	6dcbb58195ba2563da2c63430cf3d018	TCGA-BH-A18V	6b960b58-28e1-41c6-bd6e-7e669c6aa4ef	TCGA-BH-A18V-11A	Solid Tissue Normal	Normal	STAR - Counts
0427af63-b665-4c57-874b-65222c200bfe	99296d22-e605-49cd-b37f-a1b900be5d53.rna_seq.augmented_star_gene_counts.tsv	4237528	b9cd279d7a8f16b93895308e32e423d2	TCGA-AQ-A04L	78582fbc-dcc7-48ae-9f95-5271c9bc5b72	TCGA-AQ-A04L-01B	Primary Tumor	Tumor	STAR - Counts
0437af11-bb89-4901-9764-bb410c2e94c5	5a61d29b-5ae6-41b6-8842-865463f72990.rna_seq.augmented_star_gene_counts.tsv	4246686	99139f15a19876a3be51353113b92e77	TCGA-BH-A1FD	3c8b5af9-c34d-43c2-b8c9-39ea11e44fa6	TCGA-BH-A1FD-01A	Primary Tumor	Tumor	STAR - Counts
046fe29e-7c99-4093-8565-f2f205a00796	61f811cf-9dc1-4f48-ad62-c3ebfd1f0847.rna_seq.augmented_star_gene_counts.tsv	4243915	9279b8d7ff63ceede7a0374d05bb1da2	TCGA-BH-A0BM	c2aeee6c-ba10-4cf9-b560-c739580f7bf3	TCGA-BH-A0BM-11A	Solid Tissue Normal	Normal	STAR - Counts
04a7cce8-c3b3-4994-9dac-c0e53099f37d	676cce88-9f6e-4490-8e73-c0e88bd00075.rna_seq.augmented_star_gene_counts.tsv	4248694	8bd64566a6e28ef70633a906518ec4b6	TCGA-AR-A0TR	d1703dbd-5c93-4cf2-a4d1-0d90640882bd	TCGA-AR-A0TR-01A	Primary Tumor	Tumor	STAR - Counts
04e03ae1-b2f3-446d-862d-172fea6320de	58b399a0-3070-44aa-9a40-f0e2c0fea0fc.rna_seq.augmented_star_gene_counts.tsv	4245525	595a4c3f329ee1612c746f09ed07e137	TCGA-A7-A0CE	9d95a65b-e41d-4f93-92d4-99dce29ff40d	TCGA-A7-A0CE-01A	Primary Tumor	Tumor	STAR - Counts
051a1102-a815-4b39-b903-80d8b4a2348f	7caf8867-7cff-4dbd-b611-4748d86590a8.rna_seq.augmented_star_gene_counts.tsv	4253041	99c1cdd68d27572859aa05189515f00d	TCGA-AO-A0J8	02bf5203-f9cd-4c5a-97b4-e5584dc22325	TCGA-AO-A0J8-01A	Primary Tumor	Tumor	STAR - Counts
0525bcb6-d206-46c8-b37d-b9b7cc90fef6	46cdbe65-5610-4903-9452-518fd6d5787d.rna_seq.augmented_star_gene_counts.tsv	4266236	52a46b7bfc448c4d95f6c1dab007c74e	TCGA-BH-A1F0	21ef1730-e5a7-47ce-b419-d000bb59ae15	TCGA-BH-A1F0-01A	Primary Tumor	Tumor	STAR - Counts
055f6138-ea7a-468d-90c2-87a473486867	43d15c49-f348-48a8-b00f-7f6a7b605a04.rna_seq.augmented_star_gene_counts.tsv	4235673	3f6642204b0eac5512fa19e7d84b5019	TCGA-A2-A0SU	c632675e-e8af-43cd-8744-5be3754c1c14	TCGA-A2-A0SU-01A	Primary Tumor	Tumor	STAR - Counts
05aa6d12-6d48-4ecb-8211-036e647ef72e	08429604-2dc7-4827-8ba5-80818aa45a51.rna_seq.augmented_star_gene_counts.tsv	4253937	b62e401f34b8caa153d4fb8e9bfa2ceb	TCGA-AC-A2FF	3ca67cd0-81da-4f68-a9fa-f1a8c013c28d	TCGA-AC-A2FF-01A	Primary Tumor	Tumor	STAR - Counts
06227b3b-56d0-4657-bb37-8f56a3dc15f7	3574e83f-a983-425b-9082-63d5a32c01d6.rna_seq.augmented_star_gene_counts.tsv	4235175	c6d971a258c32aec1cb6013e48754733	TCGA-LL-A6FP	5c9d8163-a68e-43ce-9cba-effb7405761e	TCGA-LL-A6FP-01A	Primary Tumor	Tumor	STAR - Counts
064215bd-9ec9-4a16-8ea2-9c6604156398	af83a9af-a11f-4c29-a61f-8f0d2b5868c1.rna_seq.augmented_star_gene_counts.tsv	4253697	bfffdb8c2737fa2b2330fd7c474088fe	TCGA-E2-A15S	0f7ab21b-1fd0-45e0-9a47-17c4691eb84f	TCGA-E2-A15S-01A	Primary Tumor	Tumor	STAR - Counts
0648c6fc-df6d-450a-a5a0-e5655febbdf1	f532a6be-de3e-420c-960a-23627589e7ad.rna_seq.augmented_star_gene_counts.tsv	4231354	e00657cea54665d6777e038af0d8c5f5	TCGA-E2-A14N	752ad011-79e0-494f-9868-98bf6feb28f8	TCGA-E2-A14N-01A	Primary Tumor	Tumor	STAR - Counts
06598222-e18b-45b1-9e4b-407aa120442c	a5ecc76e-a696-4e90-8bb4-7a9965e2f8a8.rna_seq.augmented_star_gene_counts.tsv	4233551	df788459dc7b8a1180ac0b6fe64d7fe5	TCGA-D8-A1JK	56203436-8634-4fd0-96b5-ba6be9d87857	TCGA-D8-A1JK-01A	Primary Tumor	Tumor	STAR - Counts
0682b5b9-8529-4152-b6f9-1a13180eedee	d5066dc8-74bb-415a-84aa-9f74b61faa20.rna_seq.augmented_star_gene_counts.tsv	4248081	ccd83c23e5bf9b02d92a83681d3d1204	TCGA-D8-A3Z6	a6e5f869-1182-4f81-b4bb-cf55261c8f3f	TCGA-D8-A3Z6-01A	Primary Tumor	Tumor	STAR - Counts
068841a8-af6a-4925-bad0-586005f59521	f09cc0c7-2896-479b-84db-401f14780092.rna_seq.augmented_star_gene_counts.tsv	4238099	24e84b3f1e1c0eca38d049576cd53385	TCGA-A8-A06U	6bc4c56d-aac5-49a2-9913-9538d06d898f	TCGA-A8-A06U-01A	Primary Tumor	Tumor	STAR - Counts
06952c59-978d-4ef4-b716-c55dd6747699	e843a939-f1a2-4e98-87b5-69abef893a51.rna_seq.augmented_star_gene_counts.tsv	4219617	15ac8ed43d194b7048c061a0a59aa563	TCGA-A7-A13E	8c7e74e0-71ef-49b8-9217-94b8ef740ef9	TCGA-A7-A13E-01B	Primary Tumor	Tumor	STAR - Counts
06fc39a9-8059-4ac7-9b2b-64f6c7d3b8a1	d826d551-cb0f-4d0e-b21d-a7b0c9010a62.rna_seq.augmented_star_gene_counts.tsv	4241716	5e3b2e0edf35596cab243856b3315297	TCGA-UL-AAZ6	4b54e06e-a280-4981-a4e1-9aea154341b4	TCGA-UL-AAZ6-01A	Primary Tumor	Tumor	STAR - Counts
0710056c-2f04-4182-90ca-45492dd6444c	9d0f51bf-a66d-4ea1-8599-2aee772c165b.rna_seq.augmented_star_gene_counts.tsv	4245674	07842cf192dc9b24c0b238860fe2f9d6	TCGA-B6-A0I9	44954053-0b93-4577-a436-42777e442300	TCGA-B6-A0I9-01A	Primary Tumor	Tumor	STAR - Counts
072cae2e-f4c1-4a3f-85e1-6f7e35a65108	91941243-48d2-4416-b104-0affb8c46316.rna_seq.augmented_star_gene_counts.tsv	4244322	94ac78e5d13063dc085b7127a8377af2	TCGA-A8-A099	e98b69bc-766a-485f-b5e8-9166b8d457b3	TCGA-A8-A099-01A	Primary Tumor	Tumor	STAR - Counts
07478a1d-adbe-4fa7-858b-0edb74171eec	647221bc-8100-4bb5-86a5-973fb67fde0b.rna_seq.augmented_star_gene_counts.tsv	4236038	ab78b39d0de588f66eccb7debc475b6d	TCGA-OL-A5RY	8360cec6-daf6-41c9-9a4f-7fc03c958dcc	TCGA-OL-A5RY-01A	Primary Tumor	Tumor	STAR - Counts
08671bd5-f67a-46fa-979d-4aa40fb6575a	ad01e71e-ed1f-4de6-81b5-8ef60f7a38d0.rna_seq.augmented_star_gene_counts.tsv	4246136	8f00e2443c6d7e4a89b17f8e29cc483e	TCGA-E9-A1NA	af577366-0258-49e7-b6af-e70056c081a4	TCGA-E9-A1NA-01A	Primary Tumor	Tumor	STAR - Counts
0877bc64-fbf4-427f-a889-21a4a9102600	13cc2a80-d6fe-49ff-9868-c9eac6df3c5e.rna_seq.augmented_star_gene_counts.tsv	4223933	f2ec56a32acb013c5ceb714b8ddd3ed6	TCGA-D8-A1XV	87b85935-a058-44ad-8fb6-8511130eaffe	TCGA-D8-A1XV-01A	Primary Tumor	Tumor	STAR - Counts
08837ae7-6f4f-4aa1-8722-7c404b66ed75	828c9648-f725-4d7e-ad37-e33692e2c67f.rna_seq.augmented_star_gene_counts.tsv	4242230	4a2ea685b77b738475569a8c17e360d5	TCGA-BH-A18T	30ec8b1f-28c4-4f46-8a1b-a8d51e558c7d	TCGA-BH-A18T-01A	Primary Tumor	Tumor	STAR - Counts
08b0fe4c-ee3c-4510-b75a-6d240cb038cc	e5bcd6f9-680e-4d57-81f3-c8e6b40bb2af.rna_seq.augmented_star_gene_counts.tsv	4255630	f23675ba05ec4a00ef5d6a304c9e31d9	TCGA-B6-A0RT	4bf50455-9ab7-4521-a791-089f66d3b877	TCGA-B6-A0RT-01A	Primary Tumor	Tumor	STAR - Counts
09385f52-e4ad-4ae0-9f09-91e8dd5fc953	6542e1dd-afee-40e9-a16e-aa9a448963b3.rna_seq.augmented_star_gene_counts.tsv	4241539	810acb29d31bca9946bcb1897283224a	TCGA-A1-A0SJ	a2db9dd1-44d5-48b5-817c-a21a85fadb21	TCGA-A1-A0SJ-01A	Primary Tumor	Tumor	STAR - Counts
0972f396-9045-4faa-98f8-e8c3e02f9901	37157138-01ef-49a5-bc74-c45feaf411e2.rna_seq.augmented_star_gene_counts.tsv	4257345	3507d2d812abb9f61cd797432307a479	TCGA-BH-A1F2	6a2972e3-cca9-47e5-aac0-b770f2399eeb	TCGA-BH-A1F2-11A	Solid Tissue Normal	Normal	STAR - Counts
097a38f3-a6c5-4267-8648-cd04e2bd9984	265fc9bf-8f99-4422-b78d-78ecf09b0e53.rna_seq.augmented_star_gene_counts.tsv	4251408	69d37b39455f47d0947e0b71f4be9d13	TCGA-E9-A247	636b0a90-c8c2-4ad6-a77d-6cd428a826d1	TCGA-E9-A247-01A	Primary Tumor	Tumor	STAR - Counts
09a491b5-1bfb-47d9-963f-69f6c7e6c1e5	bae57be0-48af-438d-88fa-cbaaf16b3d33.rna_seq.augmented_star_gene_counts.tsv	4236273	3e732abc0864a811802d17b63a954ee5	TCGA-C8-A12P	abdc76db-f85e-4337-a57e-6d098789da03	TCGA-C8-A12P-01A	Primary Tumor	Tumor	STAR - Counts
09f1c0ee-ee22-435f-88c9-d9f5c936c45c	e55a506c-870f-4011-adfc-37eccbf5f17e.rna_seq.augmented_star_gene_counts.tsv	4238327	5fce5f30abd94d0443ddc25c55dab0c9	TCGA-A8-A09X	27b05b15-a44b-45ed-a6e3-e7d1ca488ea9	TCGA-A8-A09X-01A	Primary Tumor	Tumor	STAR - Counts
09f9ebad-e7cd-4c20-9eab-8fd2066d9051	31c69703-e318-4e31-aae8-c6cfabe61bc3.rna_seq.augmented_star_gene_counts.tsv	4244293	482496c170ea4094573f142fc68cba9b	TCGA-BH-A1FC	b97bf89a-7a85-4eef-ae7e-f787aead1f0a	TCGA-BH-A1FC-01A	Primary Tumor	Tumor	STAR - Counts
0a06329d-82cd-41a9-822e-43cfd49e63a2	a7b067c9-a62a-4d3d-8c4e-668830f7441f.rna_seq.augmented_star_gene_counts.tsv	4239076	562a76c624b508d201b752e304503572	TCGA-A8-A082	5e4187c9-98f8-4bdb-a8da-6a914e96f47a	TCGA-A8-A082-01A	Primary Tumor	Tumor	STAR - Counts
0a511373-8fd3-433a-a5e1-877530d6a239	5991af25-0b64-43d2-867a-6b9713b17af9.rna_seq.augmented_star_gene_counts.tsv	4237547	b2c3b9c92c07f366e07a93c82b3668c4	TCGA-A7-A13E	8c7e74e0-71ef-49b8-9217-94b8ef740ef9	TCGA-A7-A13E-01A	Primary Tumor	Tumor	STAR - Counts
0a688b9b-06ea-4b83-bfce-9cee0d866a0c	b2bcfd01-9662-4730-96de-1e51b4038802.rna_seq.augmented_star_gene_counts.tsv	4230199	bad787cba50515b91198b99c393f093b	TCGA-C8-A12M	dd0f8e5a-383d-4f03-bb71-0e115d4e442c	TCGA-C8-A12M-01A	Primary Tumor	Tumor	STAR - Counts
0a7421d4-5722-427a-9643-da1074e5c25c	83f93d3f-d038-4773-a671-0f218f53821c.rna_seq.augmented_star_gene_counts.tsv	4242686	ded910118e9a4b6fdbcbb4c044b91df9	TCGA-BH-A1EV	417dea5f-f68e-4dab-940e-43ae8c67e5e6	TCGA-BH-A1EV-01A	Primary Tumor	Tumor	STAR - Counts
0a74ea3f-dadc-4c9f-96ea-62a77c1e602c	4fa35f20-e26e-4bb0-811d-b307e3927904.rna_seq.augmented_star_gene_counts.tsv	4234417	770efd27048e2f5be057406087d55e20	TCGA-C8-A135	33cea538-4c3f-470a-972d-257c43241ab4	TCGA-C8-A135-01A	Primary Tumor	Tumor	STAR - Counts
0a7dc8b9-4196-41d3-ada1-a50cb36bfd2b	3c9c665e-9327-45f0-b412-224e8948deb2.rna_seq.augmented_star_gene_counts.tsv	4215648	5779c48c20b3437d035b22ac1b7e14b0	TCGA-WT-AB44	5cd79093-1571-4f71-8136-0d84ccabdcac	TCGA-WT-AB44-01A	Primary Tumor	Tumor	STAR - Counts
0b4cae8e-1a2c-4ba9-b126-5abf35f73b36	d38b6aba-7bfd-43f0-98f7-f669323e6da1.rna_seq.augmented_star_gene_counts.tsv	4253661	958b8895d03085567df6395f969d1eb4	TCGA-A7-A3J0	da70cf7e-0e61-4c72-b4c5-c408569d11b8	TCGA-A7-A3J0-01A	Primary Tumor	Tumor	STAR - Counts
0b798fe4-1c51-4c36-afc8-5bee39fd6077	e3142cf7-334f-4f34-a5da-53ffa4e1ba33.rna_seq.augmented_star_gene_counts.tsv	4252966	eb5e843b2164dcee88d5eda0fb11c0dc	TCGA-E9-A1R0	f2da1d3f-f226-4c99-a97e-9b26f67d7a5d	TCGA-E9-A1R0-01A	Primary Tumor	Tumor	STAR - Counts
0b829610-f28e-418e-b79d-d3351e13e1fe	98f3d2d7-edc4-40aa-b09a-63f8abd2b528.rna_seq.augmented_star_gene_counts.tsv	4246526	23eb309dff9ad9fb156c70d21602a98b	TCGA-B6-A0IJ	2c86c3ea-d926-4d39-a5ae-39ece4774287	TCGA-B6-A0IJ-01A	Primary Tumor	Tumor	STAR - Counts
0ba26ef1-7b7d-48c8-a593-75504769791c	65b4f81a-4439-4d82-ae25-68d63309b053.rna_seq.augmented_star_gene_counts.tsv	4263846	4375d9c376b1afbb9b835aa3961afa27	TCGA-LL-A441	69fc24fc-cfe2-487a-935f-1a954b30b709	TCGA-LL-A441-01A	Primary Tumor	Tumor	STAR - Counts
0c068d5a-ccad-47a5-bfe0-0dc5f136d6aa	bdba14fb-88aa-43b0-8c25-53948b9935b7.rna_seq.augmented_star_gene_counts.tsv	4249842	518eace9d4d12dc66d378770abbb0f00	TCGA-A2-A3XT	c72cb184-462d-4009-9cdb-848782ff8a76	TCGA-A2-A3XT-01A	Primary Tumor	Tumor	STAR - Counts
0c0ddcd7-8b4c-4489-b642-e48c4ab4602a	d1ad6c3b-4e2a-40cd-b3e6-098b845d59cb.rna_seq.augmented_star_gene_counts.tsv	4259629	62d19a6352cd8df21b7e383299c2f1b4	TCGA-D8-A27I	9c55032f-4db7-4026-ae83-8d060dd8e3fe	TCGA-D8-A27I-01A	Primary Tumor	Tumor	STAR - Counts
0c279a15-1250-4923-bcde-96cc3fd32d42	b72689a1-2c14-49db-b489-f1627353a024.rna_seq.augmented_star_gene_counts.tsv	4225248	bc14210e6d81f961f1e8649597486a8d	TCGA-A8-A094	993103b1-e5a1-4c33-8629-be53ebc41d64	TCGA-A8-A094-01A	Primary Tumor	Tumor	STAR - Counts
0c3ddae2-366f-4b21-ab46-a2cfe1963e42	0ef46de9-c9e7-42f0-92bf-c17dc2ede102.rna_seq.augmented_star_gene_counts.tsv	4253191	6ab5fc1c03b21622960b75432251a61b	TCGA-A2-A1G6	295cf595-4a29-46a3-a0c5-e5f08f947031	TCGA-A2-A1G6-01A	Primary Tumor	Tumor	STAR - Counts
0ca579b1-763e-4f6a-a071-c6514aaa2f11	c93e78f6-1c35-4139-a6b4-c29c229c8b68.rna_seq.augmented_star_gene_counts.tsv	4236576	6816116932986d6d9aff0515bdbed971	TCGA-BH-A0GY	7d9d3522-ec3b-4efe-8c8e-c0e675276ef5	TCGA-BH-A0GY-01A	Primary Tumor	Tumor	STAR - Counts
0caa1750-ec80-484f-9097-1e90fbfa41c2	507de54a-b4a5-4778-99fc-2f4f45c6daa0.rna_seq.augmented_star_gene_counts.tsv	4262365	1c925d36371d4c293bf4028dc6d25e29	TCGA-E2-A1B0	996bd3f0-d767-4eff-9c82-99fcb5a3006a	TCGA-E2-A1B0-01A	Primary Tumor	Tumor	STAR - Counts
0d11c50a-8648-48ea-a107-e138a1d3e086	bf3ea4a0-bcd6-4e9d-acbb-3416f6ce53b7.rna_seq.augmented_star_gene_counts.tsv	4233362	9e98790b2c61a368f8dc97f0d55baf6f	TCGA-BH-A1F8	ee554215-bea2-4268-aaf9-784e68cdb969	TCGA-BH-A1F8-11B	Solid Tissue Normal	Normal	STAR - Counts
0d140db1-dc0d-431d-b389-846d05bbb827	d0ee5ff7-a49a-4633-93a6-40c9e29fb0b7.rna_seq.augmented_star_gene_counts.tsv	4243387	26025025d0192577ed275c5b45044abc	TCGA-E9-A1RH	408cb583-6dc3-4698-8bd2-e284042bd5ef	TCGA-E9-A1RH-01A	Primary Tumor	Tumor	STAR - Counts
0d669e80-cb31-4afb-bd3f-07d69f10eb3f	27f20469-cbf5-417f-922a-19cf9e8b790c.rna_seq.augmented_star_gene_counts.tsv	4220835	e2e38ef5c632760e3003a087d7ed7c28	TCGA-C8-A1HG	0c23c380-363c-474d-b64c-b47f612a8225	TCGA-C8-A1HG-01A	Primary Tumor	Tumor	STAR - Counts
0e0df72c-33c0-4e4f-939c-a4d45a6e1ea3	36125e17-48fd-4eea-874c-ed2e2e218402.rna_seq.augmented_star_gene_counts.tsv	4238809	45b96ac6c7a4f1fe0d20373d77d6bb8a	TCGA-A1-A0SB	0045349c-69d9-4306-a403-c9c1fa836644	TCGA-A1-A0SB-01A	Primary Tumor	Tumor	STAR - Counts
0e1999e0-9c02-4804-88b6-60b46d100739	db5dab56-838e-4784-a7cf-f05296e356f7.rna_seq.augmented_star_gene_counts.tsv	4250358	331108d6b22c2bddaf114649f714c220	TCGA-A7-A0DC	cb9f5e50-f49d-4899-8895-9367afcc1015	TCGA-A7-A0DC-01A	Primary Tumor	Tumor	STAR - Counts
0e2a0a41-fc0f-40d0-a0e7-d3eecac3cfd7	80afd34a-fc20-46be-85c5-088951628194.rna_seq.augmented_star_gene_counts.tsv	4244390	2092bc5fac092b49eb3e37503c752e5c	TCGA-A7-A3IZ	15ff4b02-bb69-4d24-8a07-b82f428e428d	TCGA-A7-A3IZ-01A	Primary Tumor	Tumor	STAR - Counts
0e3cf07b-2cea-4ce7-a8f0-c8dc7d3db7a7	c469b31e-857a-4ac6-9a45-978c99391d9d.rna_seq.augmented_star_gene_counts.tsv	4239206	d9c639b97a0e519c8bcea0440697ccf9	TCGA-LL-A5YL	1d75e89d-4b01-443c-be54-749c7a667bf4	TCGA-LL-A5YL-01A	Primary Tumor	Tumor	STAR - Counts
0e56b380-a3d6-4e81-8299-9f8a62330d7b	f13d5df0-7293-4453-942f-2b49a3d33057.rna_seq.augmented_star_gene_counts.tsv	4240992	59158a70e6c542b0fa84cde9f815395d	TCGA-BH-A0DI	27ba717a-5cd8-440a-9345-4ae086f6efca	TCGA-BH-A0DI-01A	Primary Tumor	Tumor	STAR - Counts
0e62a6d0-87a7-4efc-922f-753328694458	c5d4a1ed-8fd3-4435-96f5-ea5e56326f20.rna_seq.augmented_star_gene_counts.tsv	4271877	03dea9d6f5b93d78ef10ed8b91cb02ee	TCGA-E2-A1B1	8a0ef221-8070-43fc-9d98-def90abe4871	TCGA-E2-A1B1-01A	Primary Tumor	Tumor	STAR - Counts
0e89a7ce-aed2-4c74-9bdf-cf50793c73b6	f3f0919f-f9eb-4baf-aeef-c79fbafef237.rna_seq.augmented_star_gene_counts.tsv	4250890	57dadb18476b6c1b1781c93e883f7ff7	TCGA-BH-A0H3	6cdc0d53-f813-4101-81e5-9bee68270536	TCGA-BH-A0H3-01A	Primary Tumor	Tumor	STAR - Counts
0e89f9f0-419f-46e7-981d-781a1302e4be	98f19a00-fd01-46b1-a75d-f66522ebde2d.rna_seq.augmented_star_gene_counts.tsv	4240405	b83d212b0ea13e7675ef9d9cd1833343	TCGA-BH-A18S	433427a1-bacf-4381-91ba-5fec8a0953f9	TCGA-BH-A18S-11A	Solid Tissue Normal	Normal	STAR - Counts
0e9ea184-c4bc-43f0-817c-8a950008e4bd	470b6305-67ca-487c-b9b1-9b74f673f9fd.rna_seq.augmented_star_gene_counts.tsv	4253308	888bb7c8c91723098c532f29d545c4de	TCGA-D8-A27K	7f97971b-2818-4e4b-9c9e-7c0246f9484c	TCGA-D8-A27K-01A	Primary Tumor	Tumor	STAR - Counts
0ed77a2e-a2c9-4557-8ba3-2c8bade9b792	5842a066-d158-474e-a4db-034f5797d865.rna_seq.augmented_star_gene_counts.tsv	4228051	2e711c88d20f77ee4f2f2a19f42d4ef1	TCGA-A2-A04U	1c3610f7-e0aa-48d7-9a27-0dbaf6e244f9	TCGA-A2-A04U-01A	Primary Tumor	Tumor	STAR - Counts
0f0b1a31-1f88-40e0-bd25-320046de4970	9eb69ff7-492b-4ed3-8762-c25c3dffa1fe.rna_seq.augmented_star_gene_counts.tsv	4248923	382cb13386c9647ec105ee73601d086c	TCGA-AO-A0J6	e9f4f373-37a5-48ad-a1a0-b0d47820111a	TCGA-AO-A0J6-01A	Primary Tumor	Tumor	STAR - Counts
0f1bec43-6235-4390-a148-e7038126c0c8	040e40de-4c19-423f-98dc-151e2633d085.rna_seq.augmented_star_gene_counts.tsv	4240975	472397d706d76e80acac67a1a5aae80b	TCGA-BH-A0E2	8ace3b8c-f23e-48a9-a137-9e046bd9549b	TCGA-BH-A0E2-01A	Primary Tumor	Tumor	STAR - Counts
0f1cf3a6-6e68-440a-9744-85e44d88b61f	e6b6dada-24d1-4020-b5c0-3824670d079e.rna_seq.augmented_star_gene_counts.tsv	4250804	ac15f0c0a026d09df60d531619d80984	TCGA-E2-A1L8	eebad74f-5961-4e91-b0eb-157a2f6f952b	TCGA-E2-A1L8-01A	Primary Tumor	Tumor	STAR - Counts
0fc096b2-7fb5-4dc6-ae94-aa7dae6f885f	33527fe8-7215-45bd-8520-b290995b839d.rna_seq.augmented_star_gene_counts.tsv	4229601	3db268e81d7ea6d3c474ee04c6a4055e	TCGA-OL-A5RZ	7e8713bd-0b17-4f09-9696-bc29707d862b	TCGA-OL-A5RZ-01A	Primary Tumor	Tumor	STAR - Counts
0fef4f4a-1c4e-4035-acff-af12febbaf1e	f383e1a0-2847-49e0-bede-abe5ce5147ce.rna_seq.augmented_star_gene_counts.tsv	4230005	3f1165575e6a7265301c71e7c85e4c44	TCGA-B6-A1KF	f30eb65f-fb44-4062-ac39-a38d072f655f	TCGA-B6-A1KF-01A	Primary Tumor	Tumor	STAR - Counts
104e3cb5-c6df-422b-a55f-6b19408594d4	2056c543-2f73-4a2f-995e-3af2dda7b514.rna_seq.augmented_star_gene_counts.tsv	4238667	6a9b5ab6f51dce916319b6c2d6930505	TCGA-E2-A1L7	791c5768-f0f5-4ab6-86eb-998e5c4b49e3	TCGA-E2-A1L7-01A	Primary Tumor	Tumor	STAR - Counts
1051db4c-40a5-4a98-a239-d96c986aa349	691c297b-b48d-4e65-84d4-cb4fcdf03fc0.rna_seq.augmented_star_gene_counts.tsv	4238213	115e5acd322d7c31a04cb5c85641907a	TCGA-B6-A0I6	045c13ef-3db7-4adf-b0a3-23338f0479f3	TCGA-B6-A0I6-01A	Primary Tumor	Tumor	STAR - Counts
10d1a1f0-c89b-4b1e-93fa-7c6fd7f5bb8f	05b55f88-290a-4abd-bbc3-44561ba1f8b7.rna_seq.augmented_star_gene_counts.tsv	4245933	63543a54590e2ed3012fd15c88db4d88	TCGA-AN-A0XL	4649dee3-b668-44cd-ab97-3834de3ef8f8	TCGA-AN-A0XL-01A	Primary Tumor	Tumor	STAR - Counts
111b2865-e7dc-45c9-b206-20b5713714bc	6798cbfe-7aca-4f33-b4fc-162bf579a303.rna_seq.augmented_star_gene_counts.tsv	4218584	776f052bff7a529e379df6d137c7848e	TCGA-A8-A08B	d8d7a6c2-6427-4f47-968c-6c3affba4617	TCGA-A8-A08B-01A	Primary Tumor	Tumor	STAR - Counts
11396f70-0482-493b-b64f-60ce00c58837	18294571-5fc3-4e68-8b31-5fc6a207639f.rna_seq.augmented_star_gene_counts.tsv	4259281	63aa6bf0ce1dfc31d5b637cd6b404291	TCGA-AC-A6IX	7486a2b3-b09f-4e9c-9864-8b51b58d9fb3	TCGA-AC-A6IX-06A	Metastatic	Tumor	STAR - Counts
115d8b96-f3ac-4e6f-a975-60b71b32531a	b6a8beee-f393-4d3b-943e-1c44fad65526.rna_seq.augmented_star_gene_counts.tsv	4251751	e03e2f66a96ba9506f28874d4b127c9e	TCGA-E2-A2P6	f83b866b-0b2e-4bba-9367-be6dccf56232	TCGA-E2-A2P6-01A	Primary Tumor	Tumor	STAR - Counts
11631339-f447-4b28-97a8-3c7c6ccbc843	97ec0a19-d386-48fc-842c-78488b0d41f3.rna_seq.augmented_star_gene_counts.tsv	4253012	40e5ae1bf663ec0c403a1720691749d6	TCGA-E2-A3DX	31427699-e27a-4035-8925-6d8d6900d097	TCGA-E2-A3DX-01A	Primary Tumor	Tumor	STAR - Counts
11a64d0e-1dd1-471e-87bf-9e2a7fc13f09	4ba90a73-b2e0-415b-9cd2-fad805840aff.rna_seq.augmented_star_gene_counts.tsv	4247907	88d085cca037e1ac5460bf9935110391	TCGA-E2-A159	d7308344-5bab-4073-bb4f-4d8cd8d7bd17	TCGA-E2-A159-01A	Primary Tumor	Tumor	STAR - Counts
11e658a7-64e3-47ac-8993-eea0d17fc949	36e48370-2ecb-4d2c-91ab-7f7426647213.rna_seq.augmented_star_gene_counts.tsv	4239437	92361f6129dab70a315c8a580410cba9	TCGA-E9-A1NH	b2aac45b-2073-4c7a-adb9-769a4fdcc111	TCGA-E9-A1NH-01A	Primary Tumor	Tumor	STAR - Counts
121a48ed-798d-4102-bb8f-e736570e18d6	f988afae-48f8-4ecc-bb84-87924b454bf0.rna_seq.augmented_star_gene_counts.tsv	4233710	0573715f49c871bd7d5d2aee6ec9cb57	TCGA-A8-A0A1	3efa245d-177d-4ef9-94f7-f554c54e345e	TCGA-A8-A0A1-01A	Primary Tumor	Tumor	STAR - Counts
1277b2ec-0374-403f-8bba-cb57aeeb0d01	0631de29-6e9a-4928-ab8a-c76bd44dbd45.rna_seq.augmented_star_gene_counts.tsv	4242672	7c55960e1c21ea1ab385725aee1da6e4	TCGA-D8-A4Z1	80419545-4e5d-4baf-8948-f84589b5ef3e	TCGA-D8-A4Z1-01A	Primary Tumor	Tumor	STAR - Counts
128bf144-f452-48af-941d-f6069e3bb0bb	550812e9-ad67-4ae6-900e-572a051208a4.rna_seq.augmented_star_gene_counts.tsv	4229900	a6b10b08e2b9f9e9e70d9e2c13a0f9c1	TCGA-AR-A1AS	7d681cc6-689d-41c8-9e84-e13733089ec9	TCGA-AR-A1AS-01A	Primary Tumor	Tumor	STAR - Counts
12959673-a8ec-4223-a5fe-0648276db5fc	ba2e1bd2-56f5-4dfb-94b5-92c50c58b31e.rna_seq.augmented_star_gene_counts.tsv	4252801	2fbef173968c3b083ec625ee76cc673d	TCGA-AR-A24P	d1fd8ed2-be13-4272-b31e-df86911db3b1	TCGA-AR-A24P-01A	Primary Tumor	Tumor	STAR - Counts
12b68e56-a83f-4b65-bb66-59e8522acbc9	07aa7c0a-ef47-495a-93be-b23a799d71d8.rna_seq.augmented_star_gene_counts.tsv	4233799	187d4ffabfd453c876ceb19acffbbbe0	TCGA-A8-A09Z	81e7a3d3-be70-4834-8018-4d2cc077a4e6	TCGA-A8-A09Z-01A	Primary Tumor	Tumor	STAR - Counts
12c6b269-434e-4a18-aa93-844bc9c5eb4d	947967e5-9255-49e1-886b-3dd81909a9da.rna_seq.augmented_star_gene_counts.tsv	4247032	e8e608183ae77edb68b4daf905f542e0	TCGA-BH-A0HL	602083f0-18d9-48b6-a529-31e165c54b37	TCGA-BH-A0HL-01A	Primary Tumor	Tumor	STAR - Counts
12f8a326-1417-478e-a45e-abdff8b44266	3ccab1b1-39f2-4947-bbac-1c25750f0464.rna_seq.augmented_star_gene_counts.tsv	4227310	b1de0dcee51925927fa2bca69ecdb534	TCGA-A8-A08X	f5539207-6534-4edc-a5a5-7666b5d16ba4	TCGA-A8-A08X-01A	Primary Tumor	Tumor	STAR - Counts
1300bf72-ead0-4c03-b140-fca26302b43c	2f21d781-2df5-4de1-a595-a61507cfe610.rna_seq.augmented_star_gene_counts.tsv	4261055	ce2aad18ed2d81763e5f46953816fee1	TCGA-A8-A09V	cc348a26-ee11-47a4-8b51-de922967e175	TCGA-A8-A09V-01A	Primary Tumor	Tumor	STAR - Counts
130343f0-62f4-4400-8002-e596edb3c02a	fcc2a5c0-ec23-43b5-b616-9b03c8ff4129.rna_seq.augmented_star_gene_counts.tsv	4252447	cc67e83a01a50164150750a5edfd413a	TCGA-D8-A1XT	64975923-d032-4182-8565-59fc37127d8d	TCGA-D8-A1XT-01A	Primary Tumor	Tumor	STAR - Counts
131d96e3-0799-4956-a752-dc244a05c493	8ddd5f98-9ebc-488d-830c-817ebd796939.rna_seq.augmented_star_gene_counts.tsv	4227316	7ae0826ccb3769b5f7e1f73e802c9e6e	TCGA-GM-A4E0	6397d7bc-9cb1-4a84-81ad-76954e0a8cee	TCGA-GM-A4E0-01A	Primary Tumor	Tumor	STAR - Counts
1320db11-22a5-417f-8ec7-65c0bf4681a2	9926a02f-9fa7-42c9-bfa1-e6ec45018fed.rna_seq.augmented_star_gene_counts.tsv	4246161	7868110c22b25bcb07742c79a41a697c	TCGA-BH-A0AY	93ed6066-b567-4e1c-ab81-23370f9d3452	TCGA-BH-A0AY-11A	Solid Tissue Normal	Normal	STAR - Counts
1341b934-ead3-4c4a-bd84-09084895fa83	6ddab78f-8bf5-43ef-847b-f68c15475d46.rna_seq.augmented_star_gene_counts.tsv	4231620	783496a60f6b4d55af112aa1fd8a76ea	TCGA-AN-A0XN	4e3699da-4367-4a43-9d66-a117d3ad460d	TCGA-AN-A0XN-01A	Primary Tumor	Tumor	STAR - Counts
136df0c2-a2a4-42e9-9cc6-9051d4f4c13d	7faebca5-c36a-4a24-b785-5e673cf5a0ed.rna_seq.augmented_star_gene_counts.tsv	4236315	d62abe0b79cc95ca8644d2281079be38	TCGA-A2-A04V	64f67506-f2df-4f0a-b7be-29b4949e986a	TCGA-A2-A04V-01A	Primary Tumor	Tumor	STAR - Counts
1479c033-ebe7-423d-8460-bbe84fd5ffb6	967fde0b-9c38-4c69-97f2-9640ebe1dc9a.rna_seq.augmented_star_gene_counts.tsv	4257770	086ffa491885cf44784476ba9ac8278c	TCGA-BH-A0DG	0bc5744c-5fa3-45bb-87d0-70a02068b392	TCGA-BH-A0DG-11A	Solid Tissue Normal	Normal	STAR - Counts
148fc636-0b7b-4f10-b513-45edcf71a79e	ec2e3ab8-18a2-4d4e-b0dc-36411ce35357.rna_seq.augmented_star_gene_counts.tsv	4252294	36fef8041381de8957041d85db7f4623	TCGA-A7-A26I	b2ecbc0f-2c30-4200-8d5e-7b95424bcadb	TCGA-A7-A26I-01B	Primary Tumor	Tumor	STAR - Counts
14979d31-e8b1-4948-beea-f913dfefa200	deb14c1d-474c-4d6f-bb8a-2b6df5dce5c9.rna_seq.augmented_star_gene_counts.tsv	4252274	36946ef0c730515335ad58f52942f433	TCGA-A2-A3XS	a78b04b4-2380-4803-963e-e4e633cd69ab	TCGA-A2-A3XS-01A	Primary Tumor	Tumor	STAR - Counts
14edb678-3b6c-4a58-aabf-0f9d1f7d9bdc	f5b3a6d0-3b56-4ad2-b520-8bcaadb6bd0e.rna_seq.augmented_star_gene_counts.tsv	4235171	54029f660fbd07f2a8cdb61d586b67dc	TCGA-BH-A0BP	f251cb6c-d18e-4691-9c82-24ed1ac0abf9	TCGA-BH-A0BP-01A	Primary Tumor	Tumor	STAR - Counts
150cf3db-44a8-4553-a648-66913d68adde	099445c1-bd35-43ac-ab7e-9a8a9999c9a7.rna_seq.augmented_star_gene_counts.tsv	4228932	92ff46a6053021b8417225f4ca399ee6	TCGA-AC-A3QQ	95cef916-5545-455b-920c-773a54fc7676	TCGA-AC-A3QQ-01B	Primary Tumor	Tumor	STAR - Counts
152c8e57-1f2f-464c-ad13-de0f4d81dbff	8d0f534a-a0b1-4d8e-9ca5-042f8a0a4e52.rna_seq.augmented_star_gene_counts.tsv	4238654	36d301217cac4a9396230b903c4fdfb0	TCGA-AO-A12C	71626753-cc34-4731-abc0-ae188b0964e7	TCGA-AO-A12C-01A	Primary Tumor	Tumor	STAR - Counts
1581b466-9502-491e-828b-dd9b721690cb	51bced11-ff98-4338-8e54-0b1a35a6d982.rna_seq.augmented_star_gene_counts.tsv	4249517	57aef6f7070060537c7f15183affb019	TCGA-E2-A1IH	ec0155ab-1b14-498d-8fa9-9f63e3ccb990	TCGA-E2-A1IH-01A	Primary Tumor	Tumor	STAR - Counts
158cc60a-89b0-40f0-8536-8c0f0e31429b	a5e348aa-d0fd-40fb-a171-b51a36e53612.rna_seq.augmented_star_gene_counts.tsv	4234270	e3ceb495d8d999ca4a041239cff23c81	TCGA-BH-A0DS	fb57c598-b45b-478a-9d34-ca1f050d5b7c	TCGA-BH-A0DS-01A	Primary Tumor	Tumor	STAR - Counts
15d7e135-acb7-46ef-a8b1-f424e40a9e4d	e20191d9-fddf-47a3-9ff9-d4a36af7d762.rna_seq.augmented_star_gene_counts.tsv	4256006	f299f4a6471109cdc2f8f733f853c401	TCGA-AN-A0FS	10c9be1e-2cc0-45e4-8d2c-c013ea63ef05	TCGA-AN-A0FS-01A	Primary Tumor	Tumor	STAR - Counts
15e249cf-4c45-4006-84fd-899f9927e376	4796719b-2fa2-40ee-9fa9-6a8caa703823.rna_seq.augmented_star_gene_counts.tsv	4240933	5d5a8c0be1eb04888d3cd08905b037b4	TCGA-E2-A15F	ec77a23d-84f5-47e4-bf2a-fa1c03baf3db	TCGA-E2-A15F-01A	Primary Tumor	Tumor	STAR - Counts
15f0e499-8d53-4e97-a392-334875d25cf4	467bd108-f391-4dd1-92de-43879822400d.rna_seq.augmented_star_gene_counts.tsv	4260296	a449648688482afd89a2479495859fd1	TCGA-BH-A0C0	7875018b-91dc-4ab1-83b0-ee3883e2816e	TCGA-BH-A0C0-11A	Solid Tissue Normal	Normal	STAR - Counts
15f5f60a-13f0-41a2-8711-171d19c2903a	9c706e45-00da-42cd-933f-1f42f0b6942e.rna_seq.augmented_star_gene_counts.tsv	4241664	23d51e22d95865bd3b0961b4835cc2fc	TCGA-BH-A0H7	2021ed1f-dc75-4701-b8b8-1386466e4802	TCGA-BH-A0H7-01A	Primary Tumor	Tumor	STAR - Counts
165fe176-2dea-489f-92d6-34b0c6848312	16e1fcb7-863d-40c1-b2d6-365d519148f6.rna_seq.augmented_star_gene_counts.tsv	4243558	3bdc864b41972adadec334f5fb637ed1	TCGA-BH-A0BA	49dc3e68-6206-4f16-969f-a758cc7be8ed	TCGA-BH-A0BA-11A	Solid Tissue Normal	Normal	STAR - Counts
16786247-5ff5-47e0-83e2-fee15779e522	cf86835f-2bd2-4b15-a9a9-66fe369a560d.rna_seq.augmented_star_gene_counts.tsv	4241351	af60c61e283fda0fb0d382bffacb4bd8	TCGA-A8-A079	31c31cce-1b4d-4f12-922f-84f389403170	TCGA-A8-A079-01A	Primary Tumor	Tumor	STAR - Counts
16b9a021-447f-44d8-a1f9-ad45edc73bc9	13d6ae6d-1662-4e0a-a10b-a733efc216b2.rna_seq.augmented_star_gene_counts.tsv	4247091	4b8aa78f000b12f34a03c0e960c3bbe8	TCGA-D8-A1XY	0130d616-885e-4a6c-9d03-2f17dd692a05	TCGA-D8-A1XY-01A	Primary Tumor	Tumor	STAR - Counts
16ffdede-3d07-431a-a4ed-318c7a66c096	42ed2e82-e41d-4e2e-8bf3-8dfc324b040f.rna_seq.augmented_star_gene_counts.tsv	4236952	60cccf0621079ec26398517b32599815	TCGA-AO-A0JD	0a229f95-0ea1-4d63-953e-74f5ec2f3028	TCGA-AO-A0JD-01A	Primary Tumor	Tumor	STAR - Counts
1737104f-367e-4098-a068-12f8ece492bf	b4a9422c-ed5b-435f-aa13-e8a8f2484e97.rna_seq.augmented_star_gene_counts.tsv	4240560	dc19d10278544bb1e029e55333c2a010	TCGA-B6-A0WZ	08740d7f-5a5e-4dfa-bd48-7fbf228a7a28	TCGA-B6-A0WZ-01A	Primary Tumor	Tumor	STAR - Counts
176e739b-87e2-49b7-80e1-c27a6a632576	48077485-61e6-4d16-a74c-ee216a9455f1.rna_seq.augmented_star_gene_counts.tsv	4238417	7460912e5d08c1466dfd702b30171fcc	TCGA-D8-A1XB	d2694b09-7844-4496-865c-5d3d8cd03330	TCGA-D8-A1XB-01A	Primary Tumor	Tumor	STAR - Counts
17b87e41-8f42-48d8-90f8-d2c9b8553481	b35809ed-747b-46b9-9921-e14d859e5b5d.rna_seq.augmented_star_gene_counts.tsv	4236157	9ac50e58e8b845430e983100d0902c56	TCGA-BH-A0BS	2b22db1d-54a1-4b9e-a86e-a174cf51d95c	TCGA-BH-A0BS-01A	Primary Tumor	Tumor	STAR - Counts
17ff23ff-17b3-4ed1-b10c-2d922c045807	663797a8-ffd2-48a2-a5f6-992b5eb3c745.rna_seq.augmented_star_gene_counts.tsv	4260528	5ec573b0a66ff55ceb94676675470a65	TCGA-BH-A1EX	7b892055-c59d-4550-8688-ad039790af3d	TCGA-BH-A1EX-01A	Primary Tumor	Tumor	STAR - Counts
18022491-5c13-4a17-aed9-ea85e1088267	5a1c17e7-53a2-472a-b4de-8f60522a8c6e.rna_seq.augmented_star_gene_counts.tsv	4247675	ef364c23312c6309b15c3a72c357ef7e	TCGA-D8-A1X8	8624354c-af25-423c-9c71-48a5dd821097	TCGA-D8-A1X8-01A	Primary Tumor	Tumor	STAR - Counts
18340589-696e-4f56-80c2-dc7d7428c471	2b00c53b-e257-4305-a0cc-3dfa9ac10d12.rna_seq.augmented_star_gene_counts.tsv	4241884	d940f2bbeb1ded36de5b743719e3a33e	TCGA-HN-A2OB	61204cdf-3b1c-44a1-bda6-0fef1ac4a333	TCGA-HN-A2OB-01A	Primary Tumor	Tumor	STAR - Counts
1852f5d0-ce76-4f0d-87a7-0383f338c96b	de57eef8-932d-4e4f-a67d-835a87d72116.rna_seq.augmented_star_gene_counts.tsv	4248561	835429fb521091f61a3edbd1dd00c551	TCGA-B6-A0I1	5dd423e8-feaa-4568-a750-500948c41d6c	TCGA-B6-A0I1-01A	Primary Tumor	Tumor	STAR - Counts
1873c44d-4dcb-41d3-8c3c-dec38f7ac3d1	b69294e4-e359-43b3-b3df-04bf9401fb9e.rna_seq.augmented_star_gene_counts.tsv	4228628	88b9502169adc5264b69bb75c2173048	TCGA-OL-A97C	6ffd1b8c-6f0b-456a-9160-e0c8021e5897	TCGA-OL-A97C-01A	Primary Tumor	Tumor	STAR - Counts
189f1a1b-96d6-4cb9-9000-001e08dca1ba	1044dff3-e077-4086-8d78-e3c125ec0c84.rna_seq.augmented_star_gene_counts.tsv	4224948	6dcf4c78be4da29f879fd906da9f1fbc	TCGA-E2-A1LK	1d27253f-b036-44e7-a04d-8da5bbf57419	TCGA-E2-A1LK-01A	Primary Tumor	Tumor	STAR - Counts
18b0bd2d-505f-4ecb-9bea-b52e6a74cebd	678aa892-0631-47cc-b19e-cdcef42cecb3.rna_seq.augmented_star_gene_counts.tsv	4241734	3cd4f631b375790b3dc75b3037e372d3	TCGA-E2-A1LH	d8ecba6a-9fff-4993-a799-9a8d2aea524e	TCGA-E2-A1LH-11A	Solid Tissue Normal	Normal	STAR - Counts
19264a73-b106-4b24-be01-0a9a137c6de9	2966096f-4a35-4dca-ab38-ac86074fa29e.rna_seq.augmented_star_gene_counts.tsv	4249540	1e58a741cf7f8fc0cac4197a835e0b59	TCGA-D8-A1J8	62d70067-ff77-4f95-8b69-f537abaf74ce	TCGA-D8-A1J8-01A	Primary Tumor	Tumor	STAR - Counts
192d2e5c-31a1-45aa-8bb5-b33e4f873077	e96b0282-8ff5-4390-9466-119534a50628.rna_seq.augmented_star_gene_counts.tsv	4245795	ba6551f0215016d69b7fe712af7c1eaf	TCGA-A8-A06P	5f90d955-bbb0-4b44-a5ac-ba6fda9ca0fb	TCGA-A8-A06P-01A	Primary Tumor	Tumor	STAR - Counts
19318058-604e-4c3b-a037-eab07708ff82	ede34eaa-699a-496a-a3d3-8ef57ddbdb43.rna_seq.augmented_star_gene_counts.tsv	4253059	2917e90f2281bb03150135c7fb4457bd	TCGA-D8-A3Z5	77e25ae8-82ec-4dea-8e62-1176f27e47ba	TCGA-D8-A3Z5-01A	Primary Tumor	Tumor	STAR - Counts
1936440a-9cfc-4b04-af40-3fbc22fe87f6	7dc54973-bfae-4811-b947-f98a6ac24b25.rna_seq.augmented_star_gene_counts.tsv	4237555	70da14cb1166a06087cf7e04f9207f21	TCGA-E2-A152	a8015490-9740-45c9-8bd2-eb6d1beefc2e	TCGA-E2-A152-01A	Primary Tumor	Tumor	STAR - Counts
1936f1a9-66bc-4e48-8189-f0e3a67a5593	674907a1-381a-4952-924a-52e2adf5ad19.rna_seq.augmented_star_gene_counts.tsv	4244911	773fc28929c9d51a08c52d2888c38c2f	TCGA-BH-A0DT	74f31744-0aed-4633-beec-4e203315f0b7	TCGA-BH-A0DT-01A	Primary Tumor	Tumor	STAR - Counts
19520ee7-658f-4e16-8a24-291beed9f0af	40a31ab3-71fa-4f7b-a3b1-22e15ff0f358.rna_seq.augmented_star_gene_counts.tsv	4236321	212a0de04619dee541d9e33a4cca2054	TCGA-A1-A0SQ	08de63a2-7b76-43c3-80dc-df748b1d81bc	TCGA-A1-A0SQ-01A	Primary Tumor	Tumor	STAR - Counts
195c9f03-31c3-465a-ac58-3949246b173b	8f08cee9-a91f-4305-bf8d-efeee9cd386c.rna_seq.augmented_star_gene_counts.tsv	4256121	48e304f2d6da55850e80658c9c97f740	TCGA-BH-A1FE	4aa68586-6331-4795-b40c-859386640df6	TCGA-BH-A1FE-01A	Primary Tumor	Tumor	STAR - Counts
196aed5b-6812-47c5-ad7b-4dd1743ed0b5	8cf6a0f3-9dfb-41f5-b855-c313c583e707.rna_seq.augmented_star_gene_counts.tsv	4237523	cbade97e98a4cc70f1e2dc2d7b1e8588	TCGA-BH-A0BR	3ecb0147-276d-486c-9af0-ce437c24ba83	TCGA-BH-A0BR-01A	Primary Tumor	Tumor	STAR - Counts
19baf63b-8488-4b90-83b7-a6c671da0095	9440b088-b04e-4417-9543-5001b0a2b217.rna_seq.augmented_star_gene_counts.tsv	4247063	99c301cba4be8a232ca1169c21f875ce	TCGA-BH-A18V	6b960b58-28e1-41c6-bd6e-7e669c6aa4ef	TCGA-BH-A18V-01A	Primary Tumor	Tumor	STAR - Counts
1a000feb-3b71-4f95-8b39-68ec25b64d96	30a67cbd-940c-40c4-9f86-a8ba9fe63177.rna_seq.augmented_star_gene_counts.tsv	4255995	eb0c825ca7bc47f8fba0b2681d22062d	TCGA-GM-A3XN	0930e97a-72ea-4bd5-b2f0-50c76af695f3	TCGA-GM-A3XN-01A	Primary Tumor	Tumor	STAR - Counts
1a4285b8-765b-4954-b9f2-dc8609572889	61ad862c-0bd2-4fcd-a9e1-f42e8099bd81.rna_seq.augmented_star_gene_counts.tsv	4248070	b3cbab0d69ad2765c8ca1359446d9bb9	TCGA-A8-A09B	3828b534-908e-4953-a3fb-07d01cf49c7d	TCGA-A8-A09B-01A	Primary Tumor	Tumor	STAR - Counts
1a4e1855-911d-4eb4-bc77-547bc3b8e063	ce76e826-0792-4dec-ace7-7efa3bb8db94.rna_seq.augmented_star_gene_counts.tsv	4232684	dea88e4fcab85a70ffa076924d5d703a	TCGA-PL-A8LY	9ba11ea8-97d3-464a-90a4-ec1151be9088	TCGA-PL-A8LY-01A	Primary Tumor	Tumor	STAR - Counts
1a8d6cfd-095d-4461-875a-56d27816a0f5	d32c4662-2b0b-4f78-b031-e6ff5286664c.rna_seq.augmented_star_gene_counts.tsv	4247023	be604e287bd0eac5dcb2ddc1d5d03e9c	TCGA-E2-A10A	4da7abaf-ac7a-41c0-8033-5780a398545c	TCGA-E2-A10A-01A	Primary Tumor	Tumor	STAR - Counts
1aa289bb-8ac9-4e9e-be61-3164afbe06a2	fff3f42f-5e42-4653-b91b-1676f914e9fa.rna_seq.augmented_star_gene_counts.tsv	4244267	593338503511106320dc3260d44d1e9d	TCGA-A7-A6VV	57af5c72-0d60-4a6b-b1b4-ec6dab90f80f	TCGA-A7-A6VV-01A	Primary Tumor	Tumor	STAR - Counts
1ab2be1b-4a61-480e-aa1b-eafab958f1f7	aeee03c3-20b3-4f96-b686-52111ce99a63.rna_seq.augmented_star_gene_counts.tsv	4248247	59f7833753825e8bf3b0821a0a149e66	TCGA-BH-A0BW	5d1d00c6-fcae-479e-ae1e-de76efd41d98	TCGA-BH-A0BW-01A	Primary Tumor	Tumor	STAR - Counts
1ace2a0c-773d-45b5-8fd6-968c88731bbb	c33ecc28-d5ba-4416-b93d-445b7883b6e8.rna_seq.augmented_star_gene_counts.tsv	4239626	ff767304460d3385c372d7e0818cb45a	TCGA-AN-A04A	e5aae05a-478e-4a55-a27c-12b2b4be302a	TCGA-AN-A04A-01A	Primary Tumor	Tumor	STAR - Counts
1af79ae6-8b40-40ae-8f68-195d8367ac38	f0bc4292-6662-460a-8bf8-a3c9fa2fd7be.rna_seq.augmented_star_gene_counts.tsv	4219592	cf0d9d4e823107209db1b69d020bcb38	TCGA-OL-A66P	f81ac8a2-4ce6-439e-b027-1c0bfc88ceaa	TCGA-OL-A66P-01A	Primary Tumor	Tumor	STAR - Counts
1b65bcb7-8170-4eb8-af93-c547b984c571	ad502a9c-1f1a-4118-a8f9-2cffb9b0c610.rna_seq.augmented_star_gene_counts.tsv	4248511	a76a6ba060d463430185ef80bd9984bb	TCGA-A2-A0SV	ad01259b-d858-40bc-a6ba-0bb06e996afb	TCGA-A2-A0SV-01A	Primary Tumor	Tumor	STAR - Counts
1b8dddf2-89d9-43aa-84c7-1d18e8865106	02a50d1b-ff62-4936-a0ce-ac0e22a5b41c.rna_seq.augmented_star_gene_counts.tsv	4246430	c4606791ad2e5602ebf1a13742d7b7c8	TCGA-E2-A1LG	ef4cbd38-bc79-4d60-a715-647edd2ebe9e	TCGA-E2-A1LG-01A	Primary Tumor	Tumor	STAR - Counts
1b98fd3e-d3e3-4ecc-9fe3-02600177efed	acb208ab-def4-4b55-b1c7-abe2130e61c9.rna_seq.augmented_star_gene_counts.tsv	4225415	1a1ad91956c97af6e1df9547365bb22d	TCGA-E2-A1LL	2a84997d-ccee-4f46-bea2-752534f26416	TCGA-E2-A1LL-01A	Primary Tumor	Tumor	STAR - Counts
1c386dc6-8279-4156-bd7c-47e2f8af27bf	83834ecf-bc98-416a-98c0-824229e6cfe0.rna_seq.augmented_star_gene_counts.tsv	4245974	e6ffc6528bf689d1ad32de4ca460a39a	TCGA-A2-A0ET	96f23d8a-be0f-4925-ba00-805dc293414c	TCGA-A2-A0ET-01A	Primary Tumor	Tumor	STAR - Counts
1c3a771f-43db-4b45-93f8-f8e6d2ab6847	420197bd-db07-4df9-8f72-3d7d509ae1d0.rna_seq.augmented_star_gene_counts.tsv	4246276	3c972d2c147f01246564e56401d4d391	TCGA-B6-A0RI	bfd55808-dddd-44c3-97d7-41600497b992	TCGA-B6-A0RI-01A	Primary Tumor	Tumor	STAR - Counts
1c74a1ed-8000-4dc0-970f-03831ca5e167	9935bf3a-de25-401c-bf1b-5225a62b24f7.rna_seq.augmented_star_gene_counts.tsv	4235304	ece61edcff79f942e07f86f3318d1f2a	TCGA-BH-A0GZ	27dfb9d4-3a2c-44bc-9acf-8f638d3f3004	TCGA-BH-A0GZ-01A	Primary Tumor	Tumor	STAR - Counts
1ca86ab0-2f8a-4cd3-81b8-d19e8579b1d6	b9bfdf3b-d23e-433b-892f-1b61e24abdfa.rna_seq.augmented_star_gene_counts.tsv	4268204	e9246495a5a86915767ea3044a1980b9	TCGA-A2-A25A	aaea5f9c-b35b-47f8-93cb-bdc7b81844ff	TCGA-A2-A25A-01A	Primary Tumor	Tumor	STAR - Counts
1cb0d51d-def6-40ec-9c5f-4a98315b0382	a2a798c5-3b1e-4192-8c6a-8c627cd0879e.rna_seq.augmented_star_gene_counts.tsv	4253034	7e32f8736310851716ab2a7698495ed8	TCGA-A8-A06N	3a711140-1b89-4611-9992-3861e3d0e01a	TCGA-A8-A06N-01A	Primary Tumor	Tumor	STAR - Counts
1ce0d66a-176d-4d8a-b1c4-64d847e299be	ed108cc1-3b34-4ee5-b029-48b80ccaae19.rna_seq.augmented_star_gene_counts.tsv	4258379	c85cfa4ef882c382b7c3b92ae7d632f2	TCGA-BH-A1FM	7eb18190-5a41-4637-9783-f81bbde499e4	TCGA-BH-A1FM-11B	Solid Tissue Normal	Normal	STAR - Counts
1cf56202-05e5-41ad-9f27-3519bee045f4	f1600b0c-f3ac-4c19-8c43-6af450abb6a3.rna_seq.augmented_star_gene_counts.tsv	4265300	0248a28d27904e74d428f46f68d22c9a	TCGA-EW-A1J5	5d8ed961-a012-4b6b-bffb-9468d3953646	TCGA-EW-A1J5-01A	Primary Tumor	Tumor	STAR - Counts
1d0878a6-5c7c-40b9-8eab-64981d783b71	44df0b54-867f-4aef-8769-5d3fa8887b94.rna_seq.augmented_star_gene_counts.tsv	4260022	b091d577989335f50834405de1250284	TCGA-D8-A27V	ad6d26ab-6568-40db-bfb0-394d40e801cf	TCGA-D8-A27V-01A	Primary Tumor	Tumor	STAR - Counts
1d15f05d-2ac2-4b83-987e-6f4b157b0b74	694ca3d8-9748-4c0f-9021-d599d81a325e.rna_seq.augmented_star_gene_counts.tsv	4241548	269fadc3bc3ba48e0cdf9dfa8215955f	TCGA-A2-A0ST	12d31787-e54d-4729-ace8-9141043c92b8	TCGA-A2-A0ST-01A	Primary Tumor	Tumor	STAR - Counts
1d7789a1-1ff1-4865-a9c9-dfb40e57aff5	66941b24-9c8f-4657-a4eb-8cc267e38bdc.rna_seq.augmented_star_gene_counts.tsv	4234368	343f96d8135303e35a14bb691e42ca94	TCGA-A2-A0CT	378778d2-b331-4867-a93b-c64028c8b4c7	TCGA-A2-A0CT-01A	Primary Tumor	Tumor	STAR - Counts
1d7e99d8-052d-491a-8088-91cb0790cb17	a37d7ef3-0840-4114-acec-ce9e29bb54e9.rna_seq.augmented_star_gene_counts.tsv	4241610	6e6905b1eb321bb93cbd43af86a2503d	TCGA-AR-A0TT	13ca97a1-75bb-4a49-b8c3-181e5b2c9e86	TCGA-AR-A0TT-01A	Primary Tumor	Tumor	STAR - Counts
1d8697f1-4e89-4987-b26b-a29d791f19ca	7d2b6ff4-8f35-41cf-b078-3e78d0b81800.rna_seq.augmented_star_gene_counts.tsv	4232606	fd3a1e9594e49324f9499fac9e31fcdf	TCGA-LL-A8F5	e1786e78-ac46-46fd-8ce0-8f7456e46082	TCGA-LL-A8F5-01A	Primary Tumor	Tumor	STAR - Counts
1dacccf9-58ae-490f-9f3f-31c82f93b3b8	b707621f-1f89-4058-be18-33020b9ebec3.rna_seq.augmented_star_gene_counts.tsv	4244756	352d2d202aa647394d7a3a6182db11ef	TCGA-AN-A0FW	e112b452-8850-4353-bfed-0dbdc243290b	TCGA-AN-A0FW-01A	Primary Tumor	Tumor	STAR - Counts
1db8a1bb-fef2-4e06-9cd5-a1f6579573a5	c24618ee-27b7-4760-99d1-fa9b338f05c4.rna_seq.augmented_star_gene_counts.tsv	4244597	d1f6bbaca6de124a4e1290ed1860368e	TCGA-BH-A18U	233b02f3-c4f0-4a67-9db5-e68d5cdaccb6	TCGA-BH-A18U-01A	Primary Tumor	Tumor	STAR - Counts
1dd5828f-8e81-4196-992f-70b8203c915f	e4e983eb-2aa3-4858-b67f-9cc70452768c.rna_seq.augmented_star_gene_counts.tsv	4248910	920ed53e93c9ebde50c48bff6750e3e2	TCGA-E9-A248	539bbbed-43fb-4fef-9c67-6406f58b186a	TCGA-E9-A248-01A	Primary Tumor	Tumor	STAR - Counts
1dd898ab-3b85-4932-b889-0eb0a494f2b6	e0e050cc-5e2a-41fc-8394-b4816a9dc8a2.rna_seq.augmented_star_gene_counts.tsv	4242201	2edc4071ee61ac47fd0ff24e61e353d4	TCGA-A2-A0CU	332423a7-8866-4ee3-b08f-3c8d7c16af80	TCGA-A2-A0CU-01A	Primary Tumor	Tumor	STAR - Counts
1deadf31-dc7d-4361-8041-ab0a27edebb3	01661d94-fc16-4456-95cf-a5fa4e1e196c.rna_seq.augmented_star_gene_counts.tsv	4236680	7fd93d1fb4464d22adee35594caab567	TCGA-BH-A0HY	844ad251-3ee4-42f6-ad00-59a7a1670eea	TCGA-BH-A0HY-01A	Primary Tumor	Tumor	STAR - Counts
1eca5ea8-093a-494d-968b-2ffcfe2b4604	1cb7f73e-af63-4d6a-b6a1-fe289435a93f.rna_seq.augmented_star_gene_counts.tsv	4241317	dca828ae93845a901b345199410a5733	TCGA-D8-A1XG	de531604-bd1a-49df-96c2-6de3ae703f1d	TCGA-D8-A1XG-01A	Primary Tumor	Tumor	STAR - Counts
1f224847-d745-4dc5-9338-4044413e8ec4	2db5e0aa-342e-4766-8725-c1d677fd52b2.rna_seq.augmented_star_gene_counts.tsv	4252712	a337b0d6fed67a60f56a14c56a480650	TCGA-BH-A204	05135396-df5c-49db-b34e-f4add5b65a2b	TCGA-BH-A204-01A	Primary Tumor	Tumor	STAR - Counts
1f5bbb4e-9b0e-4953-a360-83fd7b6a2267	d61a8ec1-aa99-41c3-8633-018cdb0ccb1a.rna_seq.augmented_star_gene_counts.tsv	4242522	5fea9da6efe4a400a7785171ecdaa734	TCGA-AR-A0U4	71f97b63-c970-44ee-98c2-e02e663d5a40	TCGA-AR-A0U4-01A	Primary Tumor	Tumor	STAR - Counts
1f9a9190-4157-457e-9794-a9217d2aa2f8	cf4160bb-9ef4-43c1-ac83-f6ca897101ee.rna_seq.augmented_star_gene_counts.tsv	4248776	a64d7559982aa695e38e6ba5b64b3b44	TCGA-E2-A14S	c2b104ee-f914-4e79-9e1b-56bf88157472	TCGA-E2-A14S-01A	Primary Tumor	Tumor	STAR - Counts
20110ed9-8b45-4a62-bd13-e0281915a06b	c6151c87-ab96-49c3-a250-b56211cd20e5.rna_seq.augmented_star_gene_counts.tsv	4233155	5905c93cbad925eca01702c0fd39b322	TCGA-D8-A1JS	0d03055c-186b-418a-b614-e2035757bc3b	TCGA-D8-A1JS-01A	Primary Tumor	Tumor	STAR - Counts
2040d4e4-0ecb-4081-9478-9d2707833a1b	10376443-40df-451a-91e5-6be34850558c.rna_seq.augmented_star_gene_counts.tsv	4228256	964354a7cb6390a22972920044ccd9e5	TCGA-C8-A1HK	52c35691-efca-42f5-a03e-02c9f872275c	TCGA-C8-A1HK-01A	Primary Tumor	Tumor	STAR - Counts
206804c1-e5be-4076-9793-406d11094266	57d2c12f-e3ae-457b-b92c-22002aecdba0.rna_seq.augmented_star_gene_counts.tsv	4251591	0e356e298f62166a2b8780f77553dcf3	TCGA-AR-A250	a0963e93-b63e-4de2-86c1-81302e271d3e	TCGA-AR-A250-01A	Primary Tumor	Tumor	STAR - Counts
207ea988-6795-460c-bfeb-382d8c758f31	2c555b4c-f219-40f9-95a4-bf96122b9c1c.rna_seq.augmented_star_gene_counts.tsv	4236909	fb7cc39ac70aa243e8eb3c9e907c8007	TCGA-E9-A1NG	659b0170-e914-45ff-aa55-fcb8d3dc7b8a	TCGA-E9-A1NG-11A	Solid Tissue Normal	Normal	STAR - Counts
2081a155-9d2d-41f6-b243-68a12e9b342a	62ca3ce8-77f9-4e02-ace4-af79519b53fd.rna_seq.augmented_star_gene_counts.tsv	4244011	0c6a23a41efb2dc0b10900228ccc500f	TCGA-EW-A1PB	88db1340-e4bf-451a-87c0-6e9168296f5e	TCGA-EW-A1PB-01A	Primary Tumor	Tumor	STAR - Counts
20e1a6f6-c34f-4744-9b2a-392ea074ebe2	d1d3d623-2de6-4d6f-b2a3-a50758f46b64.rna_seq.augmented_star_gene_counts.tsv	4259282	5414410d743424cdbfaea156f4476cfb	TCGA-AC-A2B8	6e126b73-d3e8-4641-a128-306f3b313e40	TCGA-AC-A2B8-01A	Primary Tumor	Tumor	STAR - Counts
20e90b8d-aa05-4918-8e54-1b969488148f	59fe0f14-0415-43b7-87c7-1098e4b434ea.rna_seq.augmented_star_gene_counts.tsv	4268842	528cec3fca6434f973510150ff727e05	TCGA-A8-A08I	7acf33e7-c386-45fd-8c9a-469600378687	TCGA-A8-A08I-01A	Primary Tumor	Tumor	STAR - Counts
216378aa-8619-43fb-8a23-7db2fd71b441	cc3ac2f0-9d26-407d-a8ff-d78170062983.rna_seq.augmented_star_gene_counts.tsv	4256557	dcf1110f2361a7876b644a57e1248d88	TCGA-BH-A18V	6b960b58-28e1-41c6-bd6e-7e669c6aa4ef	TCGA-BH-A18V-06A	Metastatic	Tumor	STAR - Counts
21836f98-cc95-46d3-8f40-6c9625f940ba	b6df0d7c-1c41-4b7d-8685-ce6fba4e7ab3.rna_seq.augmented_star_gene_counts.tsv	4228706	fc906144d7aabf338da29eb930f785be	TCGA-LL-A6FQ	92b842c5-f71b-4ef7-ba86-358d28e0966f	TCGA-LL-A6FQ-01A	Primary Tumor	Tumor	STAR - Counts
21f16535-a7bb-4bbd-affe-bff937467374	930d7c02-c230-4d19-9247-74fb0e02d524.rna_seq.augmented_star_gene_counts.tsv	4238934	46147814e6efbeba517a13e938b0fae4	TCGA-BH-A0E0	20e8106b-1290-4735-abe4-7621e08e3dc8	TCGA-BH-A0E0-11A	Solid Tissue Normal	Normal	STAR - Counts
222b562a-3ef7-4e69-a60d-54aac5104102	e0527b4b-de23-4b9f-8871-13f64f6976cd.rna_seq.augmented_star_gene_counts.tsv	4244140	d4c737d27e18342109001a0e7981dcfe	TCGA-A1-A0SP	a9bb8159-32f0-454c-a946-b3286a52b9d5	TCGA-A1-A0SP-01A	Primary Tumor	Tumor	STAR - Counts
2291d3f5-8269-4f31-adad-4b873c7ac770	2f3e03a2-8764-4791-b53a-a599c6159e19.rna_seq.augmented_star_gene_counts.tsv	4250939	b661dc03c037320850eed4e501f7aa86	TCGA-LL-A442	3f56d67f-5a9c-4353-9408-e7f60eb6477b	TCGA-LL-A442-01A	Primary Tumor	Tumor	STAR - Counts
22dad91c-889d-4d40-b9b8-c9facd752dc9	8319b13e-475e-440f-855a-bdba3036db73.rna_seq.augmented_star_gene_counts.tsv	4231239	c086a60ea336554988cc0b563a992715	TCGA-A2-A3XU	a8e7d8a4-bbf0-496b-b387-8e014cfdcea6	TCGA-A2-A3XU-01A	Primary Tumor	Tumor	STAR - Counts
22fdb34e-9f50-4382-9800-e6e35773c538	e558015e-969b-4354-9bc9-219a60092734.rna_seq.augmented_star_gene_counts.tsv	4240656	73041e378146b31807530aefa5087d90	TCGA-A2-A25B	eadf8482-e60e-4307-adb7-d5c3b9fa6cae	TCGA-A2-A25B-01A	Primary Tumor	Tumor	STAR - Counts
23304266-b28c-4ff2-8dcf-bb18f56417b4	2485ee80-8de4-4f98-b4f9-7c012bb29f6c.rna_seq.augmented_star_gene_counts.tsv	4249175	9ac8cf2079534a2a856ed4c09e40ace2	TCGA-AO-A1KT	1f8f87cb-8a0b-474c-97fb-c71b4fd88d97	TCGA-AO-A1KT-01A	Primary Tumor	Tumor	STAR - Counts
235a9719-23a6-48b5-bbb1-248dbec23a35	689ba70a-9664-459e-aee5-fd16b3b993a8.rna_seq.augmented_star_gene_counts.tsv	4254207	badbf636bc79ab9becba0bca43568258	TCGA-B6-A1KN	271404de-24e8-43f6-806b-fb510c1124c4	TCGA-B6-A1KN-01A	Primary Tumor	Tumor	STAR - Counts
236805b9-ea89-43b4-ba51-c09276778e90	0bceb3fb-af69-4427-8ce1-767da4b31c37.rna_seq.augmented_star_gene_counts.tsv	4237836	96abd8c1bdc92d41c491fd423a7dee45	TCGA-LL-A5YP	6d24e675-2fa4-4102-861f-7516650b3049	TCGA-LL-A5YP-01A	Primary Tumor	Tumor	STAR - Counts
2377e521-919f-4f6f-b426-ddc993775597	23f366c0-41f3-4159-86f0-5fa3d0059761.rna_seq.augmented_star_gene_counts.tsv	4246291	7be09ca94dc13945707501d4fb5f3633	TCGA-AR-A1AU	36220587-1c1c-4f92-b177-3b2155e7e273	TCGA-AR-A1AU-01A	Primary Tumor	Tumor	STAR - Counts
23ac8b84-f000-45ea-ad35-a46323d3670a	df6189e5-bd61-4be2-9d31-efef56cb4739.rna_seq.augmented_star_gene_counts.tsv	4253247	434e86b5aede1baa14eee57c2cce013b	TCGA-A7-A26J	6cb6f179-defd-4661-af0a-c353b74c0c49	TCGA-A7-A26J-01A	Primary Tumor	Tumor	STAR - Counts
23bf74db-bb4e-44c5-8473-e651b818e460	308e15c9-16b0-4f24-b9dc-e9dc91038579.rna_seq.augmented_star_gene_counts.tsv	4258207	f18e21a3660cda11ede50ccdbebd7493	TCGA-A7-A0CE	9d95a65b-e41d-4f93-92d4-99dce29ff40d	TCGA-A7-A0CE-11A	Solid Tissue Normal	Normal	STAR - Counts
243fe98b-3355-4b09-8094-b9e06a2b8329	6db579c1-ef18-42a1-9921-d0456b90ff6f.rna_seq.augmented_star_gene_counts.tsv	4236540	11003f10159a4a7cbcbaab7d2edacbde	TCGA-E9-A245	8218119a-f68b-4ea7-9ee4-5e2edc2ae342	TCGA-E9-A245-01A	Primary Tumor	Tumor	STAR - Counts
2455f280-a23c-48ec-b4c1-698b56f72a45	5383a729-554e-4d3e-ba62-449f45b7567d.rna_seq.augmented_star_gene_counts.tsv	4247651	426dd8cce7ebdbdade968f7d66809416	TCGA-BH-A42T	10c829ec-fd66-49c4-8afe-ad3ae567372c	TCGA-BH-A42T-01A	Primary Tumor	Tumor	STAR - Counts
247f1d7d-fc33-4f35-aca7-60aa1c9631ad	ba42632e-b94c-4620-adcf-a0585652860f.rna_seq.augmented_star_gene_counts.tsv	4230073	d139f950bb2c7258ade5ea931edd9105	TCGA-E9-A1N5	f954de05-1b44-4087-8933-6cc72d81028d	TCGA-E9-A1N5-11A	Solid Tissue Normal	Normal	STAR - Counts
248ac510-a5af-4608-9cdc-5c8673633b82	d23ff3bc-5524-4dca-b0f4-a1561a30566c.rna_seq.augmented_star_gene_counts.tsv	4234609	2487dc1a9a8b96ed72817a7fba2dac8e	TCGA-BH-A1FC	b97bf89a-7a85-4eef-ae7e-f787aead1f0a	TCGA-BH-A1FC-11A	Solid Tissue Normal	Normal	STAR - Counts
24c5fcbb-019c-4636-813b-0b9d4d1d9501	ca823082-ede5-4bfd-8498-7e492f39bcd6.rna_seq.augmented_star_gene_counts.tsv	4238873	cdd0149b45ca6b3aa96ca09f39f2ff5f	TCGA-A2-A0EM	2fdfd287-d13c-4910-9788-73987d45908a	TCGA-A2-A0EM-01A	Primary Tumor	Tumor	STAR - Counts
25294e7a-1f15-411c-a2fd-93097e387db2	6f72a3df-b4db-4f04-aa1f-644dca35d3ab.rna_seq.augmented_star_gene_counts.tsv	4244371	6330ef4af2530746e2e69a037bbd43a8	TCGA-PE-A5DC	76099beb-0abe-4b56-8b4e-e4485e0402e6	TCGA-PE-A5DC-01A	Primary Tumor	Tumor	STAR - Counts
25352bc8-c94c-4542-a7da-d4423adf72cf	1e742dad-8e44-452a-bf2b-9b8ae1ed8bb2.rna_seq.augmented_star_gene_counts.tsv	4214727	5ed2e41fb88225d79047974700a45c70	TCGA-A7-A13D	8785012f-f73e-4d68-87cf-1d804af32782	TCGA-A7-A13D-01A	Primary Tumor	Tumor	STAR - Counts
25c20f52-1031-4cd1-a9ed-4b2049b01a3e	87568e73-7eac-4243-9d74-03efb86b6f29.rna_seq.augmented_star_gene_counts.tsv	4229638	a75faf1eb74a60acdd18c39ab92fced0	TCGA-BH-A0HK	24334ac1-28a3-4b61-b590-3f51e375b247	TCGA-BH-A0HK-01A	Primary Tumor	Tumor	STAR - Counts
263123b0-ec68-47cd-96dd-4f0795503d89	fb49b14e-d40f-4270-98b3-458ce60f2cde.rna_seq.augmented_star_gene_counts.tsv	4253418	0cdc73bf7f3d1e6f8bb59c4e494819b4	TCGA-B6-A0IP	1402082d-25c9-4148-8a1e-f58450b706bb	TCGA-B6-A0IP-01A	Primary Tumor	Tumor	STAR - Counts
26415014-f0fe-4b7c-b9dc-2a6f85d47a5e	231b4ae3-8543-47f4-a9f6-0ac26210b26d.rna_seq.augmented_star_gene_counts.tsv	4239993	7600a36528f51ad766d69eb8eca4b0d3	TCGA-D8-A1XA	739cb132-51e9-41be-8064-311a13da0d74	TCGA-D8-A1XA-01A	Primary Tumor	Tumor	STAR - Counts
26466526-2d6e-4869-a06a-c33344e5fab2	586df577-513d-4d43-ac47-89c52f322d30.rna_seq.augmented_star_gene_counts.tsv	4235242	5efb673d8416606432b362299859ea1e	TCGA-D8-A1X5	eb93df3d-9e25-4e4c-9a5d-350f296e5acf	TCGA-D8-A1X5-01A	Primary Tumor	Tumor	STAR - Counts
26702590-872f-4e36-a631-ee6cb3f61ec4	09cf8de3-bb0f-434d-8cb3-9f5eeb264b6b.rna_seq.augmented_star_gene_counts.tsv	4264504	e67505d603a6b99a2db0b1979af8c159	TCGA-D8-A27L	6020d1b4-ee20-4cc9-82a3-340b5e3122f1	TCGA-D8-A27L-01A	Primary Tumor	Tumor	STAR - Counts
268eed55-913e-470b-8940-68daae0b21aa	42b32308-71f1-4f21-935f-7e4e5751e332.rna_seq.augmented_star_gene_counts.tsv	4249043	f1a98648086b46da1a5eff1edb8e7b1b	TCGA-D8-A1JJ	f7ab565c-83b5-4988-b9be-8a46f65dca8c	TCGA-D8-A1JJ-01A	Primary Tumor	Tumor	STAR - Counts
269215ae-9040-4ac6-9d3d-017c0cbb2811	eb805bd1-e1d5-47b1-8bbd-31f91fcee225.rna_seq.augmented_star_gene_counts.tsv	4250646	5926821985763ce5630847947899131e	TCGA-A2-A1G1	75b5529b-565a-4eba-918a-910b2f441d32	TCGA-A2-A1G1-01A	Primary Tumor	Tumor	STAR - Counts
26caf8b1-0202-4656-9bb9-4a80ffc94118	1516c4ec-98c0-41dc-9ad1-86cc05305fc1.rna_seq.augmented_star_gene_counts.tsv	4239546	bd56038053d2c9c610dd9e3df19f9f68	TCGA-E2-A1IL	b63391a0-73f8-4544-9e94-f6529245ca2a	TCGA-E2-A1IL-01A	Primary Tumor	Tumor	STAR - Counts
2700aca8-b120-4655-87ab-a9f8f7f633db	8c92ecf0-5d81-48c3-ad9f-9adf51860962.rna_seq.augmented_star_gene_counts.tsv	4232011	a751c4021464acac5ce2901d7af8b6ac	TCGA-A7-A4SB	a947a945-4721-45cc-bc45-13b8ea41c10e	TCGA-A7-A4SB-01A	Primary Tumor	Tumor	STAR - Counts
270356b5-f258-49b3-a850-16ea88ec6c76	5c0aa745-6bad-4f9c-901b-5f0a0277b12d.rna_seq.augmented_star_gene_counts.tsv	4255432	9713fe7131b56cea6b199097669d4c3b	TCGA-A7-A13H	2e243f0e-9d7d-4cb0-9678-70607f90430a	TCGA-A7-A13H-01A	Primary Tumor	Tumor	STAR - Counts
27513ce4-3807-481f-abcb-c59774a90519	e682e28e-0611-4e92-899c-637fde17423d.rna_seq.augmented_star_gene_counts.tsv	4233945	eff0d5a74dadb4307db0bdc952793a06	TCGA-BH-A0AY	93ed6066-b567-4e1c-ab81-23370f9d3452	TCGA-BH-A0AY-01A	Primary Tumor	Tumor	STAR - Counts
27aab1a6-96af-4dc1-b9ce-4690ead0d355	39eaa466-f50c-402e-b127-b6b016d0480d.rna_seq.augmented_star_gene_counts.tsv	4241441	b7d32e042546f8febe2f7a276e9ee74d	TCGA-A8-A075	7861a5f2-8910-4bcb-9c34-f79c5acd6e21	TCGA-A8-A075-01A	Primary Tumor	Tumor	STAR - Counts
27f4c9d4-d6ba-4fea-9f0b-fb06066e69a8	dd1d9d28-3929-4361-a6ff-0ac781fb0ac3.rna_seq.augmented_star_gene_counts.tsv	4247156	4be54a6d046de4c54599d9c233d2c944	TCGA-E2-A158	a6edb6ca-ae9f-4da7-8ebe-92d83d2987fb	TCGA-E2-A158-01A	Primary Tumor	Tumor	STAR - Counts
280141da-fd54-4901-bc15-5d106c56fb23	aad82145-5742-4ef6-9de3-2c57e84642fc.rna_seq.augmented_star_gene_counts.tsv	4220810	8c203f5e33166c402d485123170926c7	TCGA-BH-A0B4	c710f4ab-fbd9-42ed-95d4-4e6d51207f38	TCGA-BH-A0B4-01A	Primary Tumor	Tumor	STAR - Counts
287a036d-5b2d-4faf-93a0-cf0be006fa6b	52ff2501-c6d1-4469-a2b7-c458d98cfc8e.rna_seq.augmented_star_gene_counts.tsv	4248162	2911da0d8dafaf463082325d72f14e0b	TCGA-BH-A0DV	96b9c7db-1be1-4b60-b47c-26b654c3d64c	TCGA-BH-A0DV-01A	Primary Tumor	Tumor	STAR - Counts
28aa7b6c-d5ec-4aa1-9c39-70d571efe6fb	8408e231-e0d2-4650-b269-9a7f7ff4a597.rna_seq.augmented_star_gene_counts.tsv	4253627	de635bce2e2278c251d7ae311845b353	TCGA-A2-A0EP	670f5022-5066-48f1-8472-5670129a1e0f	TCGA-A2-A0EP-01A	Primary Tumor	Tumor	STAR - Counts
28b84c2b-6524-46ee-9d1e-24e7d6379af4	b55e91d5-8675-4f6e-b9f0-cef4c82b7323.rna_seq.augmented_star_gene_counts.tsv	4252794	f53059ae73be01b8bf2de75baf73cee4	TCGA-EW-A1PE	f3b86c02-09a5-4e97-aa7a-86f13f7cda4b	TCGA-EW-A1PE-01A	Primary Tumor	Tumor	STAR - Counts
28c03f8f-7f7a-4a53-a840-db0f4052ed26	2d4c2aed-34ae-4232-9b42-29b1a821f791.rna_seq.augmented_star_gene_counts.tsv	4241246	a2f282bede097da9a4a2e07e87d01952	TCGA-LL-A73Z	3e637872-f5e5-49d3-bb0d-9c16b8713382	TCGA-LL-A73Z-01A	Primary Tumor	Tumor	STAR - Counts
28ecd88f-6249-425c-99e1-9055989feff8	768e0380-9183-4600-849b-0d315ba502fc.rna_seq.augmented_star_gene_counts.tsv	4244622	c7a3d195732fbefdacfa4ade967acf58	TCGA-AR-A1AJ	23e7a78a-1d56-4ad1-9bb4-72ec0178aff2	TCGA-AR-A1AJ-01A	Primary Tumor	Tumor	STAR - Counts
295d363f-0366-4102-a35c-86e4a4fe7d84	db360c44-bf72-41f4-8ca4-01c9973fce95.rna_seq.augmented_star_gene_counts.tsv	4248816	a2757592fe471ffacb639b0ef479a8d5	TCGA-E9-A227	89a8da07-4487-47c6-8d3c-442a87e4f632	TCGA-E9-A227-01A	Primary Tumor	Tumor	STAR - Counts
2a09e101-9e01-45ec-9b02-d806f4cd7469	ba6e6579-8858-467a-9d0b-b8df38cd5d62.rna_seq.augmented_star_gene_counts.tsv	4201892	fbe91eaa8fdd7066fe1667e22c40eb6b	TCGA-AO-A0JB	3ea9412b-429e-4dcf-90cd-c53be06885a1	TCGA-AO-A0JB-01A	Primary Tumor	Tumor	STAR - Counts
2a18db7b-b054-4210-b8cb-a647c26f90c1	5dfb4024-ca51-4296-9fc7-0037b7b1e27b.rna_seq.augmented_star_gene_counts.tsv	4237375	c5810a1c261bccd8a544d28f2df21cfe	TCGA-E9-A1RI	dd3bfb26-b534-4917-9c4d-9fe7b6477762	TCGA-E9-A1RI-11A	Solid Tissue Normal	Normal	STAR - Counts
2a2d5de1-44d7-4c83-91d6-fc1b3c136143	f602fb69-df50-4b19-8e14-c1979a120119.rna_seq.augmented_star_gene_counts.tsv	4232703	2032f8c718a287c6794b8855ba949288	TCGA-A8-A09N	33919e92-4ea9-47e5-a6f4-36e51845d50f	TCGA-A8-A09N-01A	Primary Tumor	Tumor	STAR - Counts
2a3dc057-3c00-405e-a18f-23e8c43494d4	6c40b30a-d103-4397-997f-9b2bda66793a.rna_seq.augmented_star_gene_counts.tsv	4246669	cd1d4e429dc6ba16ad178567cedcd5ae	TCGA-E2-A15A	73ccc949-01b7-48d3-a7c4-c4bcd261672a	TCGA-E2-A15A-01A	Primary Tumor	Tumor	STAR - Counts
2a73a18d-eca4-475b-9c37-283feb92915f	553e13f9-e00e-4b05-b934-c3837ad4d02d.rna_seq.augmented_star_gene_counts.tsv	4241758	12c3b915189ae959dac7cff594081061	TCGA-A8-A08A	7fe4670d-4626-459d-869b-ab15f478c6a7	TCGA-A8-A08A-01A	Primary Tumor	Tumor	STAR - Counts
2a73e390-7415-486e-8d15-d9ea6ede09ba	5b875575-24fd-40c1-910c-38775c73004e.rna_seq.augmented_star_gene_counts.tsv	4238674	424b7b15644d073cc47ba937fd406027	TCGA-AC-A5XS	d9627184-b972-4e00-8c11-b0b946ac357a	TCGA-AC-A5XS-01A	Primary Tumor	Tumor	STAR - Counts
2a898b49-54b6-4cb6-8af4-fb69d0818562	69303772-638d-4171-84d2-cfa535256976.rna_seq.augmented_star_gene_counts.tsv	4229676	91af93fd97fce14f3beb5dd240dfd3bc	TCGA-E2-A15I	64089c20-939f-48b4-ae8b-904ad0597145	TCGA-E2-A15I-11A	Solid Tissue Normal	Normal	STAR - Counts
2aa3a845-cce2-4fe2-92f7-1fece9e619d5	3fab2674-2e00-4748-9d33-9e52631cebfd.rna_seq.augmented_star_gene_counts.tsv	4253482	a9eddeb1e5676982d8c61efd02838181	TCGA-BH-A209	5258294f-ef5b-4091-9183-6bcc545d54b2	TCGA-BH-A209-01A	Primary Tumor	Tumor	STAR - Counts
2abc5233-1389-4efb-ba21-de05251ab25a	b31c9e1c-be79-4264-81a3-40b67f1f0bde.rna_seq.augmented_star_gene_counts.tsv	4250421	be409b89108d76cbb877d8f541958d5f	TCGA-AR-A24S	074e8b06-3929-4896-9263-3b80ad6a355b	TCGA-AR-A24S-01A	Primary Tumor	Tumor	STAR - Counts
2b519fff-dd2a-458e-ac2b-573167aeb7f2	a02fb212-a6cc-40b2-9d31-481fc1ce0911.rna_seq.augmented_star_gene_counts.tsv	4255868	37e33763b42e600b4e1cc818633ac5a4	TCGA-A7-A26E	011b9b2d-ebe5-42bf-9662-d922faccc7a1	TCGA-A7-A26E-01A	Primary Tumor	Tumor	STAR - Counts
2b64d9ef-56fc-4362-99c7-d0cc6011c2a4	68bf0c2e-f2ad-48f3-b29d-b2a3c5d1c568.rna_seq.augmented_star_gene_counts.tsv	4230464	45c1e03a6ae265cec474f77510e1bff3	TCGA-EW-A1P6	ee5744c0-a8dc-43f2-abdd-0b5529a3e9fb	TCGA-EW-A1P6-01A	Primary Tumor	Tumor	STAR - Counts
2bf56d2d-8c5e-4579-847b-03fd0ba46143	fb3713b9-fad5-4d66-b419-8f53530b14cd.rna_seq.augmented_star_gene_counts.tsv	4255541	4683e7678af75fd1ded802db37bc1653	TCGA-BH-A0DK	f2bbfa9d-9a9d-4f46-9fde-378e4c44e2ad	TCGA-BH-A0DK-11A	Solid Tissue Normal	Normal	STAR - Counts
2c3000b7-4db9-4f00-a82a-ca6802806631	db70cd04-821e-43a7-bac1-815a30172be1.rna_seq.augmented_star_gene_counts.tsv	4233972	306061dfe746b3c74fa22ff078cb630a	TCGA-C8-A1HM	8b525ec6-d24b-49d4-bfcb-b354de4dae7c	TCGA-C8-A1HM-01A	Primary Tumor	Tumor	STAR - Counts
2c74854f-4afe-48c3-9c81-d64634c14677	4fb219d8-519a-4ce9-a3f1-28fae295424f.rna_seq.augmented_star_gene_counts.tsv	4214428	0fa74219005b91aace12dbed002c6900	TCGA-OL-A6VQ	34126cd5-cc38-4198-8582-c14fb5db7acb	TCGA-OL-A6VQ-01A	Primary Tumor	Tumor	STAR - Counts
2cd221ee-4d29-4f40-ab4c-780cc9045c5a	6a182962-93fc-482f-aa53-a14d7574763a.rna_seq.augmented_star_gene_counts.tsv	4241469	f705334f68fbd1b8aa7ae1e82c3c6906	TCGA-E2-A1B5	7241b3d4-31ee-4fd2-a4a5-35a9d5f37d6a	TCGA-E2-A1B5-01A	Primary Tumor	Tumor	STAR - Counts
2ce2b916-b768-424c-a57b-96ab4a77276e	b85209a5-128a-4aff-83d4-1ab336d82b95.rna_seq.augmented_star_gene_counts.tsv	4253369	c5a340b434978de848bd82826591f5ef	TCGA-A2-A0CV	ad7fcc89-82a3-48aa-8461-581c1a857677	TCGA-A2-A0CV-01A	Primary Tumor	Tumor	STAR - Counts
2d148c3a-7bbd-414f-872e-dd916d0e3ccf	bd1f12ab-ee49-4e7e-aad4-14924c49d306.rna_seq.augmented_star_gene_counts.tsv	4254315	107ac481b891cc7f897a9b282a72543e	TCGA-BH-A1EN	858652b8-c4c2-41d8-be32-fdc88e1a7bb0	TCGA-BH-A1EN-11A	Solid Tissue Normal	Normal	STAR - Counts
2d5b0962-b5c4-4482-9f28-47e4dcdb6df6	602e3d24-a45d-4fe4-9b70-a679d93f470d.rna_seq.augmented_star_gene_counts.tsv	4221019	e55f74a99e6c797b03ecd3fdb43bc27a	TCGA-5L-AAT1	16fc3677-0393-4ed1-ad3f-c8355f056369	TCGA-5L-AAT1-01A	Primary Tumor	Tumor	STAR - Counts
2d75b6a1-0f93-4c6a-9554-73a214969c6b	1cbbe329-a471-425e-b14d-e9043fce6926.rna_seq.augmented_star_gene_counts.tsv	4261873	b5afc3fe576b86f97653701118128447	TCGA-E9-A1N4	69a68fbc-e43d-4652-85ee-693211bded47	TCGA-E9-A1N4-11A	Solid Tissue Normal	Normal	STAR - Counts
2dc5eb24-fb84-455a-ae05-3b58ad2fc284	54aca121-5b70-4833-84ac-c7506a57bd02.rna_seq.augmented_star_gene_counts.tsv	4228178	2dcdfde47a00f83dc515e8b967cad374	TCGA-B6-A0X4	4e42fdc5-2a8b-49e9-87ef-6db7a6692d08	TCGA-B6-A0X4-01A	Primary Tumor	Tumor	STAR - Counts
2e60bad2-2dd2-4dc3-aa45-dfc36ef4884b	e1ef10f3-a1e2-4391-bfec-ac6b0231ae5d.rna_seq.augmented_star_gene_counts.tsv	4249606	38e73dd766d27b5a545e285bac31fab5	TCGA-E2-A105	b0bcb829-cee0-4247-bb75-093a5bea89ee	TCGA-E2-A105-01A	Primary Tumor	Tumor	STAR - Counts
2e6baa15-85d7-43b0-8a89-a0dc169ae16a	c62cda08-6134-47c6-8796-9da0788d9717.rna_seq.augmented_star_gene_counts.tsv	4259705	f6fdd6a7af35613392829a945a4af1a2	TCGA-AC-A3HN	e37ae674-a107-4eb3-94d8-b86b0035a9f7	TCGA-AC-A3HN-01A	Primary Tumor	Tumor	STAR - Counts
2e753306-2df6-4666-b1ce-06992d109d02	3a6cc4be-eff8-4725-a416-46ed35316192.rna_seq.augmented_star_gene_counts.tsv	4246227	00f59ad3e2697e8fc4206c705829c06a	TCGA-A1-A0SO	6644fd4e-d2fe-4785-a73c-0f36fcc740e2	TCGA-A1-A0SO-01A	Primary Tumor	Tumor	STAR - Counts
2e7a0005-4efb-4121-91d9-c2ca2cb5201d	f9a27067-7485-4c9f-986b-878aa6cd132c.rna_seq.augmented_star_gene_counts.tsv	4251670	b62132ae97594d809bd776fc84ddc2ca	TCGA-E2-A10B	f801aeed-dc43-49d7-a319-84c8851979d9	TCGA-E2-A10B-01A	Primary Tumor	Tumor	STAR - Counts
2e9902c2-e171-465e-ae13-45c413f7515f	95bb2613-9194-434c-801b-fd18aa183f6a.rna_seq.augmented_star_gene_counts.tsv	4238780	9e7a62bba1ef8caa3a89207ed793d572	TCGA-A1-A0SH	a6a863d9-b39d-4965-b47f-79a1bcf3c976	TCGA-A1-A0SH-01A	Primary Tumor	Tumor	STAR - Counts
2ea0b718-c634-4692-9cf0-4f118adfafbd	39e27085-909a-436b-b8e9-624c16303208.rna_seq.augmented_star_gene_counts.tsv	4246436	acb2e7c41539303717e9a8ef27c447c6	TCGA-E9-A2JS	4a831893-f4ca-4357-a756-b5e954e35dd7	TCGA-E9-A2JS-01A	Primary Tumor	Tumor	STAR - Counts
2fa144d0-2776-46d9-a7d4-41f68a1d3727	89424841-6b5a-4f5f-b5c2-209630c6f597.rna_seq.augmented_star_gene_counts.tsv	4237107	ceb5280fa26e533912417a354cd6794b	TCGA-A2-A04R	f3a058b9-fb7f-4098-8f0e-83c2acfa1ed5	TCGA-A2-A04R-01A	Primary Tumor	Tumor	STAR - Counts
2faa9332-e577-4884-94e4-b895827db8b6	8b5be676-9118-4038-9d54-6b80b14e43dc.rna_seq.augmented_star_gene_counts.tsv	4249339	f7127c72f9c82b7b0d1275f7f692daad	TCGA-C8-A12Q	a824b3bd-34d5-4cc1-a92f-f9d6ac0f1814	TCGA-C8-A12Q-01A	Primary Tumor	Tumor	STAR - Counts
2ff175d2-100f-4ce8-8d1e-b3b95b41ae56	7d746ed3-9bfa-4f66-9c5a-594284ecd811.rna_seq.augmented_star_gene_counts.tsv	4232581	494a8c926b3e402469e341bb11dd17a7	TCGA-AN-A0FT	baf5e81f-2322-41ec-9053-b9559a7993bc	TCGA-AN-A0FT-01A	Primary Tumor	Tumor	STAR - Counts
3071e512-94ea-4820-9573-668235188e34	da549530-7ba5-4302-acd2-40a766860216.rna_seq.augmented_star_gene_counts.tsv	4249785	5c8c4a05d55677456bf1615a8cf5e0b2	TCGA-BH-A0B7	214a4507-d974-4b3e-8525-7408fccc6a0f	TCGA-BH-A0B7-11A	Solid Tissue Normal	Normal	STAR - Counts
307261f2-f88f-4658-b6d1-98ef946148e2	75d91076-9d8a-415e-9ee6-00b877e55874.rna_seq.augmented_star_gene_counts.tsv	4239847	fe75dd0900e8da4580e13c57eda6b9a3	TCGA-4H-AAAK	6623fc5e-00be-4476-967a-cbd55f676ea6	TCGA-4H-AAAK-01A	Primary Tumor	Tumor	STAR - Counts
309dcac2-7efa-467c-9dc7-222c130b0fec	d29744c4-3aa3-44b2-83fb-0e74ba697cd9.rna_seq.augmented_star_gene_counts.tsv	4268333	245f500a8a8632e0ba846db331b4d839	TCGA-E2-A15M	59be60a3-e0f6-4d63-b98c-574ef92428c4	TCGA-E2-A15M-01A	Primary Tumor	Tumor	STAR - Counts
30ff778c-844b-4140-9025-7ab1938f10a9	5167da8c-2b1c-4139-a2c4-355e9f07d0be.rna_seq.augmented_star_gene_counts.tsv	4236362	072e46120c7198706ab93dab0b9926d0	TCGA-A8-A08H	db8d38ab-cc61-49ee-863d-40060112f2af	TCGA-A8-A08H-01A	Primary Tumor	Tumor	STAR - Counts
31180222-da6e-4106-9b49-09be93d68138	7289e7d5-65af-4d53-a4de-2691991d90d6.rna_seq.augmented_star_gene_counts.tsv	4245219	2931bd7bc9dc967d508b0e68a39b7f62	TCGA-C8-A273	5a5f0f48-2b13-4e78-b130-901b85d9a7f3	TCGA-C8-A273-01A	Primary Tumor	Tumor	STAR - Counts
3173d46f-7344-41e4-bd4c-027fe5b5ec06	876216c7-72a1-4b1e-bd2b-fcb125ca91ae.rna_seq.augmented_star_gene_counts.tsv	4243729	bfd0fe0c2be47325b564adfc2e6022c4	TCGA-BH-A0DE	7f0bbba1-9bc3-45db-bdda-eb3319bb15d2	TCGA-BH-A0DE-01A	Primary Tumor	Tumor	STAR - Counts
318c3a49-64bc-4704-8739-d4cf31cef51f	1d18e4b7-83a5-4c40-94ef-f77c1ba2fdbb.rna_seq.augmented_star_gene_counts.tsv	4234821	1433d999b6d9ac049d92fe56bad8df2b	TCGA-C8-A12U	97b5f490-1cd9-4833-b903-5f4c6e45670d	TCGA-C8-A12U-01A	Primary Tumor	Tumor	STAR - Counts
31e1dbf5-8c97-4e4d-a488-d6737ab304c2	6e24acde-7dd0-46b9-b3c5-b0b617912910.rna_seq.augmented_star_gene_counts.tsv	4242517	7f28e5a73e447e0fb994dae451e5063a	TCGA-A2-A0EO	bf88ddf5-a6d4-498c-bf7f-db9bfabff72d	TCGA-A2-A0EO-01A	Primary Tumor	Tumor	STAR - Counts
3208ca18-f70a-415e-8d10-5e9cb8a24b52	0b59b278-d2f6-4aa6-bf6d-b8d743ae83af.rna_seq.augmented_star_gene_counts.tsv	4247003	540d3204cb43d419a04d777f6f6a376b	TCGA-AC-A6IW	8183f0fb-2303-4d7b-bccd-55e5031fc7df	TCGA-AC-A6IW-01A	Primary Tumor	Tumor	STAR - Counts
3253f315-5ea3-44fc-899f-f9e8f5b6fa96	01f6286b-8422-4f16-bec3-871c86396790.rna_seq.augmented_star_gene_counts.tsv	4229284	47ce58e09da2a59df3358137c045d0aa	TCGA-LL-A50Y	91da548b-5c64-49c3-a44a-1ef115f53311	TCGA-LL-A50Y-01A	Primary Tumor	Tumor	STAR - Counts
3293a2fa-d57c-448e-a336-a92def5dd92a	acda1855-14ba-4e05-89f7-50f7823f38b3.rna_seq.augmented_star_gene_counts.tsv	4246745	104124844ab5027c91e5523c9a277e7d	TCGA-A7-A0DA	3afa1e93-1df8-4e4c-aaa4-557463f4bb77	TCGA-A7-A0DA-01A	Primary Tumor	Tumor	STAR - Counts
336f0e3e-878e-4ee8-b2aa-cc536f3432f3	0a950719-ca7a-4dbf-8755-262cabf3d4b7.rna_seq.augmented_star_gene_counts.tsv	4261615	e06e1d24ed19e04ae1d43afb3222f6bd	TCGA-BH-A18Q	db4bc6aa-2e7d-4bcb-8519-a455f624d33b	TCGA-BH-A18Q-11A	Solid Tissue Normal	Normal	STAR - Counts
3396edba-0d2a-4485-ad0a-5114b38c1abe	2e64abe2-6024-4d28-9e09-560ce2a9fd15.rna_seq.augmented_star_gene_counts.tsv	4231290	25a162e0b1fa52e5a06881efcb56784e	TCGA-GM-A2DL	a76774fe-7298-4d68-a2b2-c1bad93f0c31	TCGA-GM-A2DL-01A	Primary Tumor	Tumor	STAR - Counts
3448aa6c-0de2-4d47-9bac-19507aee7492	4da20b00-8ed6-41ed-88d9-9969d15761c7.rna_seq.augmented_star_gene_counts.tsv	4260041	ad351b198e1a81ed4956b78b99531179	TCGA-BH-A0BV	87f03d04-e651-4a6e-aea6-1c946aa46202	TCGA-BH-A0BV-11A	Solid Tissue Normal	Normal	STAR - Counts
34d68427-f4e7-4c9e-97ee-c853519961fb	f3eb5b26-5414-454f-a01f-a282b0369596.rna_seq.augmented_star_gene_counts.tsv	4241810	b8e908680f1918043571a76ba7a1082f	TCGA-E9-A244	a4c59287-1ad5-46a5-8040-e591e6ce064f	TCGA-E9-A244-01A	Primary Tumor	Tumor	STAR - Counts
35f78d43-917b-4a7b-b992-d004056a370f	87c074cd-bcd8-4280-a12e-b205f50e139c.rna_seq.augmented_star_gene_counts.tsv	4243678	b53b579c9c7d22f4cb501e4220d82929	TCGA-E2-A15C	da840a22-8d30-4682-bbd0-8fa87bd40528	TCGA-E2-A15C-01A	Primary Tumor	Tumor	STAR - Counts
35fd75aa-21e8-49c0-8b40-159839c3cc19	7de22a44-8f58-4a73-90a3-a16d161160e8.rna_seq.augmented_star_gene_counts.tsv	4241494	b0c46031272e8c209a2eab5edbb73e57	TCGA-BH-A0BT	a32cb96a-78bf-456e-a6ab-2d47b2c67ad4	TCGA-BH-A0BT-01A	Primary Tumor	Tumor	STAR - Counts
363736c4-cc2d-4920-a10b-bd0de899cdb1	387e08dc-a77e-4dd7-939c-1e6f515e692d.rna_seq.augmented_star_gene_counts.tsv	4253724	ee5bec3e2223f32f6b825471c649e683	TCGA-BH-A0E9	76ace6aa-0505-442c-978a-f889cf2d44bb	TCGA-BH-A0E9-01B	Primary Tumor	Tumor	STAR - Counts
3690d431-165d-40bb-af61-cfda445b3be8	0e8857f9-6f8b-46c5-a019-9c69bdc50525.rna_seq.augmented_star_gene_counts.tsv	4256760	416f2d872285efa99d76277d2785ee92	TCGA-BH-A18I	9c1ceb7d-6fed-4c2f-a89a-bf3c5b15ca58	TCGA-BH-A18I-01A	Primary Tumor	Tumor	STAR - Counts
36a42825-dbc2-4dff-828c-e5008207d254	66116a4d-210d-45f8-8dba-3f8c79566ecc.rna_seq.augmented_star_gene_counts.tsv	4239358	beff02c743a1fa3f13c674e45cbe0613	TCGA-BH-A0HI	e0375a8b-a135-4103-a59d-39063fcf4a6f	TCGA-BH-A0HI-01A	Primary Tumor	Tumor	STAR - Counts
36e4ffb0-0bab-4035-88f1-a181b195fce1	d78126ec-68b1-4d77-bf7a-19a47678a5fb.rna_seq.augmented_star_gene_counts.tsv	4236185	4b71eb19d00c7303f4fb95912bba60ec	TCGA-A2-A0CZ	9f93ea0a-1687-44e0-9e8a-eeb4097d471c	TCGA-A2-A0CZ-01A	Primary Tumor	Tumor	STAR - Counts
3728cb73-4a8a-4392-8140-f027ad876cf2	61325789-0b1e-473d-8b71-5ec13ec1dcb7.rna_seq.augmented_star_gene_counts.tsv	4252762	b1e2befb0b0fcdddda4f02a93f5986c9	TCGA-D8-A1X9	34a74805-300c-4773-ab59-2085fcc2e6cc	TCGA-D8-A1X9-01A	Primary Tumor	Tumor	STAR - Counts
373e0f41-a47e-4f4e-88fe-9703d16a840c	e869b178-9abe-44ca-ae6b-a6caae1834fb.rna_seq.augmented_star_gene_counts.tsv	4249061	df5335aaebb1715ac57e8bb8a5d26d7c	TCGA-BH-A18R	f6e1ec78-5ad9-4879-9b7e-262d17b166ad	TCGA-BH-A18R-01A	Primary Tumor	Tumor	STAR - Counts
3782bc2e-5a29-4380-9b44-735ca1ac8896	ffe82e73-0990-4d3d-a4d1-7d4e169dfdf5.rna_seq.augmented_star_gene_counts.tsv	4230598	f728f3a8f8f881e8a3be1da9d061ae5b	TCGA-AO-A12B	f6ed684f-ee7a-496c-80d5-6eacd494d16a	TCGA-AO-A12B-01A	Primary Tumor	Tumor	STAR - Counts
37939d7d-074b-42b7-8d68-95a8afef4c38	41bdc474-8e6e-4f39-98ec-6d73ee41837c.rna_seq.augmented_star_gene_counts.tsv	4240259	29cda5073bc2a0c72501fd745f2bb1fc	TCGA-BH-A0B3	18eb4dfc-556f-4bf3-a411-4780209ed1e0	TCGA-BH-A0B3-01A	Primary Tumor	Tumor	STAR - Counts
37af19f9-56f9-48ec-97a9-5b0b6e364293	a37efe02-9662-4b90-8251-003ccb96aed4.rna_seq.augmented_star_gene_counts.tsv	4231059	478d2e0ca49bab7a8040ef26dc222cc6	TCGA-C8-A8HP	8db69f1d-72e2-40ba-ad8a-cf228499840d	TCGA-C8-A8HP-01A	Primary Tumor	Tumor	STAR - Counts
37bf6454-a4e7-4e00-9562-57ba6fd58b6d	7fe106c5-4235-4930-83cd-84dc5250db89.rna_seq.augmented_star_gene_counts.tsv	4252688	f603c6bafd5830ee650bd449db192719	TCGA-AR-A1AM	ebd1512a-4865-4193-97b3-f599d555759a	TCGA-AR-A1AM-01A	Primary Tumor	Tumor	STAR - Counts
383b947b-6824-4c75-b4f3-ccfa933d3d33	857c31be-44ec-42bc-ba2c-5f17ac1d9a8c.rna_seq.augmented_star_gene_counts.tsv	4230482	b36670d08806bb65daa42f37a3cc893f	TCGA-A2-A4S0	a53dd490-e0ba-419a-90c6-b905e241a8e5	TCGA-A2-A4S0-01A	Primary Tumor	Tumor	STAR - Counts
3841a099-bf19-4891-9b12-5db1d699e922	c2628a29-fe4e-493b-a324-ed402ad54a26.rna_seq.augmented_star_gene_counts.tsv	4240619	c1071c81a64de7e50987ae97584c5f38	TCGA-AO-A126	cc0902fd-a2fc-4327-929e-d4219e32e1d7	TCGA-AO-A126-01A	Primary Tumor	Tumor	STAR - Counts
3844ac53-a01f-41f1-a3f3-d9decf12d024	cff71f50-9056-40dd-b358-0de3e079cad0.rna_seq.augmented_star_gene_counts.tsv	4251737	6cf38e3198e159bca01742fa00aa8faa	TCGA-AR-A5QN	077506ea-8f11-405d-bb8e-3c9924fe54d0	TCGA-AR-A5QN-01A	Primary Tumor	Tumor	STAR - Counts
385ddd6f-c126-4c4f-acde-1ef2d74d3639	616b6b60-8c4a-4d85-9a24-f47df6ad497e.rna_seq.augmented_star_gene_counts.tsv	4239597	7a9d08cffc0b7d4fe898b4ec19539137	TCGA-A8-A08F	0a017f15-1c6b-45e7-8d55-e0a71df1b2e8	TCGA-A8-A08F-01A	Primary Tumor	Tumor	STAR - Counts
386ce911-e1c2-4d68-b0a3-aac157e1a555	c456f144-7f26-4f58-b4f0-4d91ddfec18e.rna_seq.augmented_star_gene_counts.tsv	4238186	e58f08d28edf43edbcd2d3155d465c29	TCGA-PE-A5DE	89c128b9-1c6b-4c04-a4af-7066772e783c	TCGA-PE-A5DE-01A	Primary Tumor	Tumor	STAR - Counts
38854c85-fc09-4a51-93a7-257762517583	c058aa43-349b-4f45-8217-6b193bf7c610.rna_seq.augmented_star_gene_counts.tsv	4266598	cc99fe14ee5020192b1776c5b919b84d	TCGA-BH-A1ET	8986a141-eae7-4157-b695-02cc6fc3b071	TCGA-BH-A1ET-11B	Solid Tissue Normal	Normal	STAR - Counts
391a3465-d22e-424b-af09-3e6342159bbb	ed1fa4ae-5e58-465c-b106-379f7456656e.rna_seq.augmented_star_gene_counts.tsv	4251308	6a8916b639106db09425e54a40adf795	TCGA-A8-A076	23dabeef-8e3c-44bc-9a12-a9522d17be5c	TCGA-A8-A076-01A	Primary Tumor	Tumor	STAR - Counts
392edd04-fdec-4eb7-ba2e-cef02519c219	3daeb643-20a6-4273-b1fc-eed2a3bb5a18.rna_seq.augmented_star_gene_counts.tsv	4239641	6537ef72327ea4005dabf37c9ffd9d6e	TCGA-E9-A1RC	5cdae21d-eee5-478f-932a-0f51fcf5f031	TCGA-E9-A1RC-11A	Solid Tissue Normal	Normal	STAR - Counts
3974a62d-d399-42f3-b550-336e793b0cfe	081b4937-85e7-44b3-9124-a612f4f2e0ca.rna_seq.augmented_star_gene_counts.tsv	4250733	3cedaf381890a75b920538761f0dc2ca	TCGA-A2-A3XZ	fe7f74b8-20f4-4471-91dc-4cca8c68e5c0	TCGA-A2-A3XZ-01A	Primary Tumor	Tumor	STAR - Counts
398fa6bf-78af-473b-8f2c-a2b3b605131f	a852a227-c31f-410f-baee-81135917a7d2.rna_seq.augmented_star_gene_counts.tsv	4245036	300bd799d99d4968aa1eb35bbd6385ea	TCGA-AR-A256	d3d545b3-457f-4389-821f-704cb24aff7f	TCGA-AR-A256-01A	Primary Tumor	Tumor	STAR - Counts
39b28d5e-fc51-4dfc-bcbe-0285c3bad830	3129e1d1-9844-4df4-b30e-29b1c438983b.rna_seq.augmented_star_gene_counts.tsv	4241955	529061544684a0f71879e967a03a6463	TCGA-BH-A0DG	0bc5744c-5fa3-45bb-87d0-70a02068b392	TCGA-BH-A0DG-01A	Primary Tumor	Tumor	STAR - Counts
39e5a93f-7474-44f8-974a-7ce44f909002	e88a6a51-24b3-4b52-bd5a-f306f1c9e0d9.rna_seq.augmented_star_gene_counts.tsv	4248157	6aab2c4346bb9a2e0478002f332c1165	TCGA-C8-A26Z	dc11b1c7-1f00-4813-b4b5-ecf776b2eb37	TCGA-C8-A26Z-01A	Primary Tumor	Tumor	STAR - Counts
3a0c96d3-4cea-44a3-99e5-71622279700f	1bc678a3-1850-4ab6-874b-d68992fddc7b.rna_seq.augmented_star_gene_counts.tsv	4247488	e1050cfa182f26170b0acf2e5c6ce7f1	TCGA-BH-A0HW	29fdc464-f216-4828-b456-829f71436e27	TCGA-BH-A0HW-01A	Primary Tumor	Tumor	STAR - Counts
3aad7b0b-9f82-41d0-b3e5-5614afcac6a8	7aac48b4-dbb0-49a5-a3e0-04916a9270b8.rna_seq.augmented_star_gene_counts.tsv	4250299	218ff2abc8bbff4aa49b8153848e62ad	TCGA-BH-A0HA	e666081b-caaf-4e8b-9446-807be71201a5	TCGA-BH-A0HA-11A	Solid Tissue Normal	Normal	STAR - Counts
3b9e620f-a661-4a1d-ac46-ab4c56a4b241	04c428b5-d0b9-4ecf-86e8-8a42dc4cbb5e.rna_seq.augmented_star_gene_counts.tsv	4248729	5d0d7892f916c80d94a48789d59f7909	TCGA-A1-A0SD	c462e422-eb8d-4daf-9897-2a9c6cbd783a	TCGA-A1-A0SD-01A	Primary Tumor	Tumor	STAR - Counts
3bb2e240-9cea-4dd2-be32-6bc6976a79b1	ce362483-60b7-4654-b201-834c60e38690.rna_seq.augmented_star_gene_counts.tsv	4235616	e59ee7996d136eb173ab87273752c2ec	TCGA-A2-A0CX	c744fc13-3aca-4245-9e24-abd368cc8bef	TCGA-A2-A0CX-01A	Primary Tumor	Tumor	STAR - Counts
3bc9d1c0-b57f-44b5-8624-b3ee99aeafe4	f4847715-a3e0-49a4-bcc9-95175d0be463.rna_seq.augmented_star_gene_counts.tsv	4221507	2087c56d930b5fb3961ef4a9b7715043	TCGA-AO-A03R	2e82e576-3095-4aee-9853-65f676647c34	TCGA-AO-A03R-01A	Primary Tumor	Tumor	STAR - Counts
3c2914f4-200f-4bec-93f0-b0fdb6460378	61d00f8c-f198-4181-82bd-99b063dfffc6.rna_seq.augmented_star_gene_counts.tsv	4238683	d5cf8e212e017afadbb52e989b97e7f7	TCGA-PL-A8LZ	9087585f-e792-4f33-baaa-56ffe0f745be	TCGA-PL-A8LZ-01A	Primary Tumor	Tumor	STAR - Counts
3c70b5af-2238-4fbe-991b-dc68975cc7f1	7050a8f4-f7f5-41ba-9bda-942d369cf317.rna_seq.augmented_star_gene_counts.tsv	4261876	eca4731c0819624b7364b68eb4975f5d	TCGA-A7-A26F	3b7b9c1e-a84c-47ed-983c-9e4b00cbf01a	TCGA-A7-A26F-01A	Primary Tumor	Tumor	STAR - Counts
3ce988e2-61c5-4f53-b9c8-cfc280649c1f	8d2f240f-43c3-4e0d-a6cc-79f6b174dace.rna_seq.augmented_star_gene_counts.tsv	4246409	baeed408238645d8c71ef319050fd06d	TCGA-BH-A1F8	ee554215-bea2-4268-aaf9-784e68cdb969	TCGA-BH-A1F8-01A	Primary Tumor	Tumor	STAR - Counts
3d075fc4-5a01-47ce-bef0-a77acf71061d	707fad7d-f284-456a-abfa-17289b40579f.rna_seq.augmented_star_gene_counts.tsv	4245511	4cf1aac9059262bf40c0d80b1c52ff22	TCGA-BH-A0BZ	4a032bad-e726-48f2-8f39-e3acc109cc91	TCGA-BH-A0BZ-01A	Primary Tumor	Tumor	STAR - Counts
3d0b3b80-92ae-44dc-89fc-2ead925b81a2	eb44c266-8b8f-4012-ad67-f4ac40698391.rna_seq.augmented_star_gene_counts.tsv	4237555	ba6d1d51bc864678f2b6e84edb7c7dd7	TCGA-AC-A8OP	b9c6c069-2a2b-4cc7-a398-dc45c132d979	TCGA-AC-A8OP-01A	Primary Tumor	Tumor	STAR - Counts
3e0c80d6-5091-454c-ad27-eb513cf6f45d	b161c26d-64b1-4e03-94da-4f9b9de25e88.rna_seq.augmented_star_gene_counts.tsv	4248818	95dab2fffc861226d58a651c28a1b1b2	TCGA-GI-A2C9	9f6be944-83de-42ab-8738-f0022f475e61	TCGA-GI-A2C9-01A	Primary Tumor	Tumor	STAR - Counts
3e0cc1e4-0882-4e9b-9373-34bcbce097d7	d9a1fa44-0877-423f-9beb-55f3fc936f7b.rna_seq.augmented_star_gene_counts.tsv	4243103	3e74ce602a93a4ee166d3e68b30f6485	TCGA-AO-A125	8577ffcb-242e-40e2-98d4-2831d952be34	TCGA-AO-A125-01A	Primary Tumor	Tumor	STAR - Counts
3e3125cd-a554-4a76-a9e2-b9187e0db6ab	3d1bf8fc-c86b-436e-ab0c-3734af129b09.rna_seq.augmented_star_gene_counts.tsv	4241736	67df736fc20eff2e11b1e30224c2cd13	TCGA-EW-A1OZ	8f912a40-3251-4e1f-ae65-1f93d71f9881	TCGA-EW-A1OZ-01A	Primary Tumor	Tumor	STAR - Counts
3e5dce7b-3f1e-4b43-b83e-8c0fc654e9c4	1b392450-2b27-4dce-9205-7de33a64ba42.rna_seq.augmented_star_gene_counts.tsv	4272362	8b9fd2c868940ce2c001e9b5483528a6	TCGA-A7-A26I	b2ecbc0f-2c30-4200-8d5e-7b95424bcadb	TCGA-A7-A26I-01A	Primary Tumor	Tumor	STAR - Counts
3e8cff80-ed17-479c-8327-ca8e71ee7482	0c814cd9-5b2c-4764-9e6a-6ad0403fcd7d.rna_seq.augmented_star_gene_counts.tsv	4249009	2fbb6954c6dc133c3f618b3a1fae68ba	TCGA-A7-A0DC	cb9f5e50-f49d-4899-8895-9367afcc1015	TCGA-A7-A0DC-01B	Primary Tumor	Tumor	STAR - Counts
3eadce70-ba3d-4806-b112-6ac83bc89dc4	a3595c7e-948b-4d93-a623-477d7af84e15.rna_seq.augmented_star_gene_counts.tsv	4236836	56dad300ad3f41c405fe2a0bc9f52f3c	TCGA-BH-A0C0	7875018b-91dc-4ab1-83b0-ee3883e2816e	TCGA-BH-A0C0-01A	Primary Tumor	Tumor	STAR - Counts
3eb2d652-73f5-41c0-bf73-f40e85e1ecae	eecb45f4-ea57-4aea-814e-9895d42034e9.rna_seq.augmented_star_gene_counts.tsv	4239635	9652896584ddd9f89fea8369b698d8da	TCGA-AN-A03Y	a991644b-3ee6-4cda-acf0-e37de48a49fc	TCGA-AN-A03Y-01A	Primary Tumor	Tumor	STAR - Counts
3ecfecef-4180-4b7a-8d9a-5532b47ef500	c2fe2d79-efb1-4e4d-a297-bd6b15703d10.rna_seq.augmented_star_gene_counts.tsv	4248652	e450da693d84fff631132c64f0c190c0	TCGA-D8-A145	4958c36f-1dc7-4f14-9dec-36e14107dbe3	TCGA-D8-A145-01A	Primary Tumor	Tumor	STAR - Counts
3f44f7ab-7299-4b8e-b2b9-16ed5291e727	5ea12b9b-56ac-4d0c-8761-bf172b2f23e0.rna_seq.augmented_star_gene_counts.tsv	4244189	24acd7a1228998ab1e6f3e9bbc0eaca4	TCGA-OL-A66I	35bd694d-1dd2-466f-ab27-03320614b40e	TCGA-OL-A66I-01A	Primary Tumor	Tumor	STAR - Counts
3fafe34a-38e2-4645-af4e-0d77fd5464c1	e7e4c883-af18-41bf-9383-e5b9f354bc8d.rna_seq.augmented_star_gene_counts.tsv	4232912	b018d3acef60b819579156c19c7be6c0	TCGA-OL-A5S0	43b3bf47-7313-4dfb-952a-ec0b9d48e16c	TCGA-OL-A5S0-01A	Primary Tumor	Tumor	STAR - Counts
4004cdd0-51fa-4330-bd03-5448f6c7b787	bce4dcd7-d9e8-408a-8ab0-f993f9297a68.rna_seq.augmented_star_gene_counts.tsv	4227158	0303bf55910d1370b888492dbc22d1a8	TCGA-B6-A0I5	1a18974d-967c-4727-b42e-12ae7be66589	TCGA-B6-A0I5-01A	Primary Tumor	Tumor	STAR - Counts
404cea41-efa9-44c0-84a1-5dd603d7a2a4	69ed2c6f-9495-475c-b8d6-c1db8f4b0537.rna_seq.augmented_star_gene_counts.tsv	4240696	2c4de00b4b27c611edf7b9403baf6f5c	TCGA-Z7-A8R6	b1d44c81-747d-471f-9093-aeb262a17975	TCGA-Z7-A8R6-01A	Primary Tumor	Tumor	STAR - Counts
406cb497-badd-4bbe-be62-e1dac7b49180	49563aad-aeb3-4a9b-8849-a60c119cbaa4.rna_seq.augmented_star_gene_counts.tsv	4238311	396d90c1fcaa36efc71992fd5f6532de	TCGA-LD-A9QF	95c53ecf-d8f1-4bcb-9b1a-c9a0542939f0	TCGA-LD-A9QF-01A	Primary Tumor	Tumor	STAR - Counts
4081fb70-afcd-4be3-a071-6df014f4fa52	0d71189d-6801-4d6b-b306-22efcaa2564a.rna_seq.augmented_star_gene_counts.tsv	4261154	8349d55f0989a5527b6ce7c6ddaaad48	TCGA-C8-A134	f1692f4b-ce1b-4fc5-ac55-1022ecae0d1e	TCGA-C8-A134-01A	Primary Tumor	Tumor	STAR - Counts
40ad8a2a-abd2-4701-b984-4afa4c27c260	9d2a209e-f610-4bde-8265-ef7e7e7ac0c4.rna_seq.augmented_star_gene_counts.tsv	4238612	2e1903f64807fa5cd0ffe55c35becc87	TCGA-AN-A0XT	3e25056d-d137-49f5-abaa-f68509426600	TCGA-AN-A0XT-01A	Primary Tumor	Tumor	STAR - Counts
40d222ea-3a59-45b9-91a2-0566b239c89e	ea030b7d-26eb-4f0e-b7b9-c6b165061118.rna_seq.augmented_star_gene_counts.tsv	4236987	1b98de2e2db987d0145ec784d09faeac	TCGA-BH-A0HA	e666081b-caaf-4e8b-9446-807be71201a5	TCGA-BH-A0HA-01A	Primary Tumor	Tumor	STAR - Counts
416defdf-a4f7-4305-97ff-d3b3ebce672f	0dacd83e-7fab-4064-a25c-c1de66be5305.rna_seq.augmented_star_gene_counts.tsv	4271956	a8405509cfb54b25319fe935cc51021e	TCGA-AR-A251	8c51bbcb-7c8d-47ad-9193-70ca157c6900	TCGA-AR-A251-01A	Primary Tumor	Tumor	STAR - Counts
41a87746-ec8e-47e3-986c-d1a119e7c96b	628501d9-94e5-440e-b39f-df0e3ea09986.rna_seq.augmented_star_gene_counts.tsv	4254670	167ea3bbb3a972e2a17547ae4be96ecf	TCGA-C8-A26V	89414e79-7f89-42d9-8228-101b5bf2f31f	TCGA-C8-A26V-01A	Primary Tumor	Tumor	STAR - Counts
41a97024-43f7-41b8-8755-94cd29105a5f	62e41b20-5f83-43c2-9887-809e97794f04.rna_seq.augmented_star_gene_counts.tsv	4233939	a37b8241a944cbcb81e3e9452e5b1260	TCGA-OL-A5D7	c8f39325-5382-447c-9291-a6915fc978b8	TCGA-OL-A5D7-01A	Primary Tumor	Tumor	STAR - Counts
41e79241-b5a4-4541-848b-e20e693e8ee3	22c2b380-799e-4fad-ae38-46a916c592d5.rna_seq.augmented_star_gene_counts.tsv	4239996	5667e8edecdc6efc588e8ef4fc97e41f	TCGA-E2-A1IU	001cef41-ff86-4d3f-a140-a647ac4b10a1	TCGA-E2-A1IU-01A	Primary Tumor	Tumor	STAR - Counts
41e96cc6-43d5-4eea-bbd3-23fb389d5532	b9e82597-fdf2-4479-a764-29193ddbd58f.rna_seq.augmented_star_gene_counts.tsv	4248082	15cad6ce44bd46a89c0bb741805036c6	TCGA-AN-A0XO	195b6731-6ae6-416e-a345-0eb8874a0ca2	TCGA-AN-A0XO-01A	Primary Tumor	Tumor	STAR - Counts
422ef158-74dd-4a5e-88a6-5b0da33004d1	9b7c81c7-d03c-446c-9d25-8c966058b0e3.rna_seq.augmented_star_gene_counts.tsv	4247739	31051643d355efb8baecf8a64979428c	TCGA-AN-A0AR	ebc460c2-df88-4dc0-a2c0-aca8072b75ad	TCGA-AN-A0AR-01A	Primary Tumor	Tumor	STAR - Counts
425a82ae-e0bf-48ae-946f-58ccc2571bfd	c5bb9834-a08f-4729-9aec-22f9a2816184.rna_seq.augmented_star_gene_counts.tsv	4247690	e07772a8bcb07a6c2909fcab9d44bea7	TCGA-E2-A1IO	71fc8941-4cfb-47ea-a533-873d38f8c95c	TCGA-E2-A1IO-01A	Primary Tumor	Tumor	STAR - Counts
427a04c9-9b48-49de-8a47-2adc4e1dd32a	fead73ce-2e66-4647-8b6c-b8bbdaaf30fe.rna_seq.augmented_star_gene_counts.tsv	4248833	ec942dcd0042eec6c74ef4c9f7cc5534	TCGA-D8-A27H	0dca98b0-f43e-45b6-9a02-00092c78678c	TCGA-D8-A27H-01A	Primary Tumor	Tumor	STAR - Counts
430184b1-040d-4b3a-863d-1e6c71009d93	73729b89-4802-4780-9e7f-cb160a04bb17.rna_seq.augmented_star_gene_counts.tsv	4219010	057325b61fba0dadaffe50c2125b7883	TCGA-A7-A56D	f062cbd0-2426-40ac-a4be-e74ac61fa2a7	TCGA-A7-A56D-01A	Primary Tumor	Tumor	STAR - Counts
435f3fbf-5c8f-4800-bff4-3b4d5f9daf2e	8563d0ce-646e-4992-897d-5634f023ecba.rna_seq.augmented_star_gene_counts.tsv	4245714	e49166dd6b3a8806d385152b385f267b	TCGA-GM-A3XL	65cac997-4d39-4501-85ec-4fcb328a8eb5	TCGA-GM-A3XL-01A	Primary Tumor	Tumor	STAR - Counts
4376b78e-bfec-4142-8407-b967883d7b6b	eba8b055-6de2-48e7-bed8-40de705ad1d1.rna_seq.augmented_star_gene_counts.tsv	4251315	ad8b805c8ddda100c9f123f459cdd211	TCGA-E9-A1RD	5fe3c51f-65e2-4da6-8924-a6fae17c022d	TCGA-E9-A1RD-11A	Solid Tissue Normal	Normal	STAR - Counts
43820fe3-a899-4e6b-9227-27e32edaefd5	fc70931f-4a97-4538-b055-8ed988ab601c.rna_seq.augmented_star_gene_counts.tsv	4243947	cb089d7be1f0d606a9ad54e5244702fc	TCGA-BH-A0DX	035cb359-eac3-484a-9e88-3ddc739440a3	TCGA-BH-A0DX-01A	Primary Tumor	Tumor	STAR - Counts
4382bb60-997e-4a1a-9cdb-3d8738806379	790ea932-848f-40cf-ab94-673eea700aa2.rna_seq.augmented_star_gene_counts.tsv	4233860	a0b221f948225f9bea77638969954abe	TCGA-A2-A4RX	d111c4ab-b39a-4a7c-8d8e-cb342bc10627	TCGA-A2-A4RX-01A	Primary Tumor	Tumor	STAR - Counts
440bdce7-eb0c-4661-b96a-e90d10e230d6	d76cd13a-0481-442a-bfe6-ad322fc3851a.rna_seq.augmented_star_gene_counts.tsv	4230776	6e3e51f2574e710987b86e0fc2e7dcc8	TCGA-B6-A0X1	178b2c48-c07d-422e-ae17-8bcfd996ad51	TCGA-B6-A0X1-01A	Primary Tumor	Tumor	STAR - Counts
447e3faf-a5f2-4739-b2aa-c907f33b634a	4f3fa7c5-fe72-4b99-8a4f-9f487efc1ef1.rna_seq.augmented_star_gene_counts.tsv	4254469	0c2c06a95afeed8fa3473b357206a390	TCGA-E9-A1RB	94b95984-b2fb-4e42-8887-45e7086c3179	TCGA-E9-A1RB-11A	Solid Tissue Normal	Normal	STAR - Counts
44c12577-af9f-4f8c-8b18-24269d6604cb	c7066edf-43fc-4bcf-bb63-ab75860d2410.rna_seq.augmented_star_gene_counts.tsv	4250788	646ec57f810fa2c31d55456699f0fba2	TCGA-S3-AA0Z	cffe832c-8a81-4cdb-8b25-df7f35afafdc	TCGA-S3-AA0Z-01A	Primary Tumor	Tumor	STAR - Counts
451ecdf8-433f-4d38-8ab6-3cc8d428ed95	d7eb3fb0-7bfe-4f69-b298-41dde09902e6.rna_seq.augmented_star_gene_counts.tsv	4256048	ae14b0d5aa8904bb75c55cf5736c4880	TCGA-BH-A1FH	1783cac1-253a-40af-a9ac-48dfb20e1ab8	TCGA-BH-A1FH-01A	Primary Tumor	Tumor	STAR - Counts
452e9e11-5545-4e7a-abfb-2486e70206bd	f9203ebe-d6c3-423b-ad65-28db38612f89.rna_seq.augmented_star_gene_counts.tsv	4248394	cf9dd4e969dd0b04161b41a1be7bdd1f	TCGA-AR-A24W	67526f5a-3a30-45b2-aeab-2b21a855063e	TCGA-AR-A24W-01A	Primary Tumor	Tumor	STAR - Counts
45584684-6082-422f-abe5-ef918f8ee77a	44beea06-28a7-490a-b6bb-4e023230e51c.rna_seq.augmented_star_gene_counts.tsv	4252972	0e49970857c401cd32d811c27b8bff70	TCGA-A8-A06T	2c04a2f5-321e-4dea-8e00-268325da65cb	TCGA-A8-A06T-01A	Primary Tumor	Tumor	STAR - Counts
456bc30b-59f8-4427-b798-5b113ca635a0	653ddf67-d2ac-4fc7-8e95-b4a078e27806.rna_seq.augmented_star_gene_counts.tsv	4242870	83584bcd645ae56b666fafb2cd8c2deb	TCGA-BH-A18J	cc074b7f-d3b2-4880-902e-bf10e667b665	TCGA-BH-A18J-11A	Solid Tissue Normal	Normal	STAR - Counts
45702d4f-2d23-4e37-88ad-565e44a18fa2	ce52c9b2-ab83-4efa-8abf-97475dcf892d.rna_seq.augmented_star_gene_counts.tsv	4243302	8873c55f4f253f5cf0d3542e5e74dcd3	TCGA-B6-A0RM	151f3677-6854-4265-9126-d92c646c67ae	TCGA-B6-A0RM-01A	Primary Tumor	Tumor	STAR - Counts
45bf52c6-b1a3-4f01-8345-a224fc195e18	5020cd67-6bd9-420c-bc6a-1cc8f2f78bde.rna_seq.augmented_star_gene_counts.tsv	4245360	920f721f5456c2cba428c904be7686bb	TCGA-A2-A04N	197428f7-bd77-4c5f-8119-87157b5c35b9	TCGA-A2-A04N-01A	Primary Tumor	Tumor	STAR - Counts
461fda5d-d6e6-4354-b035-c302cc43b03f	30285113-d411-475a-a8ed-1fb66be72f28.rna_seq.augmented_star_gene_counts.tsv	4243567	0b75d803bc4db03a6d066c4daf9fc6e1	TCGA-E9-A226	dd67408e-46ba-4573-9415-d4814e9f84de	TCGA-E9-A226-01A	Primary Tumor	Tumor	STAR - Counts
4660cd29-08ac-452c-9bb8-10e9d9e906ab	45f837c9-6b9e-4eed-ba56-9715b4a0356d.rna_seq.augmented_star_gene_counts.tsv	4242875	73434fccab79dbc24e23229ce0c9c39e	TCGA-BH-A0BJ	d6f911b5-e895-43f8-8f86-0ac2f1bc6fae	TCGA-BH-A0BJ-01A	Primary Tumor	Tumor	STAR - Counts
4662f2d3-edd6-4260-a4ad-04c46ca54443	960df455-dab8-4c59-9a99-579cdabe4d19.rna_seq.augmented_star_gene_counts.tsv	4237433	1c8cc10703d59c360f3a02a99f32036e	TCGA-E2-A10C	9ac44381-5d43-4f63-aa3f-7703bfc923c9	TCGA-E2-A10C-01A	Primary Tumor	Tumor	STAR - Counts
466bf078-4844-457e-8f59-7b0ca28024d8	ec60e081-f075-4c72-b1e7-62e1f1429fc1.rna_seq.augmented_star_gene_counts.tsv	4234823	8b9d2b58f89cefbbb3a9236a1548357e	TCGA-BH-A5IZ	a8a33ba9-0976-4e19-b0e9-fa5ba4d4eaa8	TCGA-BH-A5IZ-01A	Primary Tumor	Tumor	STAR - Counts
467cc312-373e-4655-a07e-533ccb133b22	f4d60a0f-dc11-4005-8d59-7511ba4de8b1.rna_seq.augmented_star_gene_counts.tsv	4256900	0f5661872af27897e62c16e52f6518e5	TCGA-E9-A1RD	5fe3c51f-65e2-4da6-8924-a6fae17c022d	TCGA-E9-A1RD-01A	Primary Tumor	Tumor	STAR - Counts
46933fec-1800-4da5-814c-30cce4ae2fb5	afd15ee9-ef38-4d14-b1c1-7f4267fe6a04.rna_seq.augmented_star_gene_counts.tsv	4243311	7ae7824aaef02fa2c5902b6b08862a3c	TCGA-AC-A5XU	97677fd7-8523-48c5-a8ce-614fd4010551	TCGA-AC-A5XU-01A	Primary Tumor	Tumor	STAR - Counts
469c052c-d2c8-4626-af1c-7276653168fe	f738acc1-0445-49e0-a279-3469620c8d4a.rna_seq.augmented_star_gene_counts.tsv	4237018	48acbdb33e01f8789e202bc5bbc873c2	TCGA-E2-A576	f04dca9e-409b-4300-b11d-12243e5d361d	TCGA-E2-A576-01A	Primary Tumor	Tumor	STAR - Counts
477f941f-1fb8-438f-802e-2e7fe6552fab	5e36c4a2-fc6b-418f-80ab-dbd95b26a39e.rna_seq.augmented_star_gene_counts.tsv	4234882	759d854ea195e75919812cfcaf4fa545	TCGA-E9-A295	fec0da58-1047-44d2-b6d1-c18cceed43dc	TCGA-E9-A295-01A	Primary Tumor	Tumor	STAR - Counts
478a40b1-0f88-401d-92b6-4b58b2c56798	4fc53009-8904-4336-852b-ee2aea40f5e2.rna_seq.augmented_star_gene_counts.tsv	4249203	027d026916395cc4c55c1db186054938	TCGA-LD-A74U	38a4e9bd-93e9-432d-a756-3b1055b823bd	TCGA-LD-A74U-01A	Primary Tumor	Tumor	STAR - Counts
478c9754-5a19-477b-8b9d-0825f95f88ff	80982d2d-ce35-4251-a545-391c0d6295d8.rna_seq.augmented_star_gene_counts.tsv	4240162	67079dded2516271a203de481f72137d	TCGA-E2-A570	cdd8c046-fd97-482a-a11f-2217b321c4d1	TCGA-E2-A570-01A	Primary Tumor	Tumor	STAR - Counts
481c702a-58ee-4fab-9559-434a45615aa5	dc3a76a7-bac2-43c0-90e2-e251e459c659.rna_seq.augmented_star_gene_counts.tsv	4229633	546857d71271f970a7b74366e3945cc5	TCGA-E9-A1NF	a8b1f6e7-2bcf-460d-b1c6-1792a9801119	TCGA-E9-A1NF-01A	Primary Tumor	Tumor	STAR - Counts
488399aa-ef3c-42d7-817f-9db11b9902dd	a8e0466b-d106-44b7-b846-c4fb666715f5.rna_seq.augmented_star_gene_counts.tsv	4245845	f554265cbe49c50e15d0a031a9b64bec	TCGA-E9-A1R4	b7a4df9a-4e25-4550-9c10-338ca1921c2f	TCGA-E9-A1R4-01A	Primary Tumor	Tumor	STAR - Counts
48847088-1303-4b23-8902-c0ca4ea5ae80	ff93cbad-7bdf-4e5d-81c7-95aacaa3bee9.rna_seq.augmented_star_gene_counts.tsv	4245425	e5f59d3cfc77db2320210c244d629a01	TCGA-B6-A409	5362cbc4-cd28-4afd-a8ac-1a4c2c33cad2	TCGA-B6-A409-01A	Primary Tumor	Tumor	STAR - Counts
490df7f9-4b05-449d-bf47-d7de49aa50c0	5cbf0ea7-4f5e-4dd7-a93e-8eb12a22d4e6.rna_seq.augmented_star_gene_counts.tsv	4248102	db628dbcfa08fb53897f94debec5b535	TCGA-EW-A423	bdd08ec8-8892-4273-8f21-6fde0f23c52d	TCGA-EW-A423-01A	Primary Tumor	Tumor	STAR - Counts
4a2ad226-ed26-4f81-af7d-9d8b6db7cdd4	f9683515-b944-4c7b-b41d-ea105bd37a5a.rna_seq.augmented_star_gene_counts.tsv	4244841	5c8f1426ea7a18aa58f848a5f5a41cc6	TCGA-OL-A6VO	398fb71b-ca83-44e7-bf0d-b1ca464b0283	TCGA-OL-A6VO-01A	Primary Tumor	Tumor	STAR - Counts
4a5803a6-942a-4992-8b9d-29e1091b10f6	2645561c-8313-4196-b321-b4a83879df88.rna_seq.augmented_star_gene_counts.tsv	4240543	85cefe3b7007b9c1c9200d35ed1be393	TCGA-EW-A6SD	42378dbc-a123-4cf9-8502-165e89fda271	TCGA-EW-A6SD-01A	Primary Tumor	Tumor	STAR - Counts
4ad2cbb3-5bca-462b-af1f-8a292c317722	e8909d26-a289-4dc7-a819-5883c621efac.rna_seq.augmented_star_gene_counts.tsv	4262880	72467f75385aa52acfaa414be2282a96	TCGA-GM-A2DH	5700c1b3-922a-4401-8ab8-89028908d696	TCGA-GM-A2DH-01A	Primary Tumor	Tumor	STAR - Counts
4af2ea24-60fe-4fc1-858b-68ed98855082	8f1c0479-48ac-46e7-a2c2-973a8a6c4747.rna_seq.augmented_star_gene_counts.tsv	4224174	da1f15212ba112d864b94d90ff11dc4b	TCGA-LL-A5YM	e9a12df9-024e-4cbc-b6bf-e4e87485fa90	TCGA-LL-A5YM-01A	Primary Tumor	Tumor	STAR - Counts
4af55932-ab7a-41e5-aa7f-fb16ab18c629	668e1e67-cc4f-40fd-b921-23aec5078635.rna_seq.augmented_star_gene_counts.tsv	4239240	f6ee5d18b7559e79eaa07b2d536e3d05	TCGA-BH-A0H6	aeb6a3a6-b57a-4c53-90e6-e833777dd2a1	TCGA-BH-A0H6-01A	Primary Tumor	Tumor	STAR - Counts
4b445a8f-b60b-44c3-b501-de93010172f7	ce098c6d-1b12-48df-bbbb-4f1ea8788942.rna_seq.augmented_star_gene_counts.tsv	4237908	29de4115d6407c183370b2c903aba307	TCGA-E9-A1N8	ac075bc0-1b59-4557-beea-541694faee03	TCGA-E9-A1N8-01A	Primary Tumor	Tumor	STAR - Counts
4b558a24-b10c-4d59-a921-10e6a3a9fb35	3621ce2e-a1eb-4a45-ac06-779a780b0b99.rna_seq.augmented_star_gene_counts.tsv	4257373	bacf26b636b4a4e27a8292879179c314	TCGA-AR-A24Z	9fefbe7c-f66a-4940-843e-285cb7b392c1	TCGA-AR-A24Z-01A	Primary Tumor	Tumor	STAR - Counts
4b8ef410-8612-4c64-839f-47770deba446	9e785594-f00c-4805-8901-66c73fe2588d.rna_seq.augmented_star_gene_counts.tsv	4234909	4ad7534633ecd0eba1d29789cc76444f	TCGA-A7-A4SD	8c09f413-e938-4f2e-a414-84f0e7fcfe41	TCGA-A7-A4SD-01A	Primary Tumor	Tumor	STAR - Counts
4b96ee43-874c-4fa6-b5ce-08caf37ef2e1	d27304e0-1b0b-4fc3-8e0d-af2c305d30f8.rna_seq.augmented_star_gene_counts.tsv	4221794	edbc471815bf00b56272e70251d444fa	TCGA-A7-A13E	8c7e74e0-71ef-49b8-9217-94b8ef740ef9	TCGA-A7-A13E-01A	Primary Tumor	Tumor	STAR - Counts
4bb6eb79-4256-4b19-b158-883da969a582	90950125-1b6b-499d-97e2-5d6b78b3e6fe.rna_seq.augmented_star_gene_counts.tsv	4238048	ca15f07112ba0bc6a04aca3698f161a2	TCGA-AR-A0U0	e3c336f5-c32f-4c5d-81fb-e2408ae145b2	TCGA-AR-A0U0-01A	Primary Tumor	Tumor	STAR - Counts
4bf6ebc1-575d-49e4-9f66-068b537373c0	767425eb-9fa2-45bc-a3ad-ca8dbafd373f.rna_seq.augmented_star_gene_counts.tsv	4246578	c351c0df0967e08167ccf1bad4aa6e27	TCGA-BH-A203	b3264748-947a-43aa-b227-b294fbcc8447	TCGA-BH-A203-01A	Primary Tumor	Tumor	STAR - Counts
4bfe1281-919d-47ee-afc7-2b373b113674	a615ef14-a590-45b2-91c9-74a3cae19619.rna_seq.augmented_star_gene_counts.tsv	4227208	69d32a6b0b96593c31fba443d0fa2455	TCGA-E2-A1IK	becedbfd-b2aa-4dde-b7f4-29e6f59ec32c	TCGA-E2-A1IK-01A	Primary Tumor	Tumor	STAR - Counts
4c2a67aa-54ef-405d-a498-45c1790380da	4e75f67b-99df-4ad5-a2ca-1877a3d45655.rna_seq.augmented_star_gene_counts.tsv	4250650	410b5e73bc151dc82508c7a03ae21897	TCGA-D8-A13Y	17f275c1-a0d4-487d-8f02-ea279584b4cd	TCGA-D8-A13Y-01A	Primary Tumor	Tumor	STAR - Counts
4c2bb8e3-2527-466b-a3bb-0f36c3b2a3e7	2d1e176a-adc9-4d8a-92cf-5cba5ab8e486.rna_seq.augmented_star_gene_counts.tsv	4242224	f18b1cb250955746893716a393fb20ed	TCGA-A7-A13F	2cf68894-168b-458b-af4f-53cad72989a8	TCGA-A7-A13F-11A	Solid Tissue Normal	Normal	STAR - Counts
4c46a463-f0e3-4e19-ad95-5dab0231d1c6	f2ab4258-222d-4a08-a805-3628048ebf1c.rna_seq.augmented_star_gene_counts.tsv	4249633	dd0fdbda13c78711977c48efacbd3026	TCGA-AR-A1AX	f72c1d69-da35-459f-8542-59bfd6c09c23	TCGA-AR-A1AX-01A	Primary Tumor	Tumor	STAR - Counts
4c57cb4f-b4dc-4cfa-9af5-1447422c5b95	171e095d-2236-43c8-9670-23608e6cc8ab.rna_seq.augmented_star_gene_counts.tsv	4237013	d76f9be258dfba8ce49cee4b93aaec0f	TCGA-E9-A1N9	994ca1f5-ad10-44ec-aa21-71fc2940653b	TCGA-E9-A1N9-01A	Primary Tumor	Tumor	STAR - Counts
4c60d168-b545-46a8-8c37-81972a537a83	56f3a401-cf18-4d25-b4af-6bacca469041.rna_seq.augmented_star_gene_counts.tsv	4251185	d39a67e51e0f8e419590ea4d5a0c940c	TCGA-C8-A1HN	86a18ae0-dfb1-49c3-b5c4-67ec331d6e40	TCGA-C8-A1HN-01A	Primary Tumor	Tumor	STAR - Counts
4c75e72b-db9f-425b-9f14-946ee801071e	b3d432d6-0b86-4407-98e2-99c1971283a8.rna_seq.augmented_star_gene_counts.tsv	4250972	b861224716d67178066c7615edee72ec	TCGA-A2-A0YC	a1872011-b928-4189-ac02-e87506c20bca	TCGA-A2-A0YC-01A	Primary Tumor	Tumor	STAR - Counts
4c8d0d1a-dbd3-4124-8458-dfb61f61f11c	e17707f9-a0db-473f-9dc6-608b62e74689.rna_seq.augmented_star_gene_counts.tsv	4249703	d66e7d4921a6a4c077328fb9372aed7b	TCGA-A2-A0CL	5c8983f2-9788-4dfa-971c-3ec457b6166e	TCGA-A2-A0CL-01A	Primary Tumor	Tumor	STAR - Counts
4c9005a5-2cca-4cc3-9a6d-09eb76d780ab	fb9c23f2-8694-41ca-a126-a5a131abeac1.rna_seq.augmented_star_gene_counts.tsv	4247208	22267d02f261cb4a58fd249ed147000d	TCGA-D8-A1JA	9ced0c70-c46c-4f98-8f48-840defe4b8b1	TCGA-D8-A1JA-01A	Primary Tumor	Tumor	STAR - Counts
4c941474-f3e0-4735-bad0-cff8894fb08d	d474de4c-c01d-46f5-92a6-7513f7a38eed.rna_seq.augmented_star_gene_counts.tsv	4256818	55b76a93d57ca890c036fd419fccff4e	TCGA-D8-A1XM	92529232-8504-4541-b7e2-4df8f497c413	TCGA-D8-A1XM-01A	Primary Tumor	Tumor	STAR - Counts
4cac7145-605b-43d2-a1e3-309971cbe173	94e93460-c9fc-48f9-a2de-3722231f54b6.rna_seq.augmented_star_gene_counts.tsv	4244520	6a6a702b5f75a8c6eb8e5b768b30042e	TCGA-A2-A04X	733a2a0f-b37a-4b81-b49e-3c0f30d1eb37	TCGA-A2-A04X-01A	Primary Tumor	Tumor	STAR - Counts
4cafa8be-69f1-4c1a-87fb-c71df6de6a74	2ed88c3e-bf61-4e2f-b06c-0b93c9f9402e.rna_seq.augmented_star_gene_counts.tsv	4253137	dbf90201803fa90cf7c05593080306dc	TCGA-AO-A12A	99927651-34be-4795-893a-128d8a1fdb30	TCGA-AO-A12A-01A	Primary Tumor	Tumor	STAR - Counts
4cce67eb-0cb7-4c8f-a81e-0e521c2b0168	05f4836a-8db8-4dbc-a996-090887bf8a64.rna_seq.augmented_star_gene_counts.tsv	4261955	fb2875737ffb9fa6fa13ae3c903f683e	TCGA-BH-A0AZ	518f231c-f5f9-4a39-a97b-7fd5666d3e50	TCGA-BH-A0AZ-11A	Solid Tissue Normal	Normal	STAR - Counts
4d0dcaac-cf91-4737-931d-f308fb20df9d	a0baf653-6f10-46fe-959c-54268fbc670e.rna_seq.augmented_star_gene_counts.tsv	4219849	9aa0e4f21a6175192626bfa78e68e2da	TCGA-E2-A1BC	d8492ebd-3d94-4a4b-8de7-386526691cc2	TCGA-E2-A1BC-01A	Primary Tumor	Tumor	STAR - Counts
4d27c8ac-375b-414a-8f88-75092f03bdd8	3f94086c-9e16-403e-b191-e03e9b6e3ce2.rna_seq.augmented_star_gene_counts.tsv	4254851	62af53edf4895aedca71914776644f18	TCGA-A2-A25F	c836951b-3ffb-4e20-8504-0eccb7d50dd4	TCGA-A2-A25F-01A	Primary Tumor	Tumor	STAR - Counts
4d2cc90a-574f-4184-9a1c-86af222e9bb6	15933e60-dee1-493a-a4f9-d5791dd15325.rna_seq.augmented_star_gene_counts.tsv	4250260	21dd8c85d0731ad404eaf79d9303e783	TCGA-EW-A2FV	f45aa0b2-f3de-4db5-9730-e5c6c4e2ed3a	TCGA-EW-A2FV-01A	Primary Tumor	Tumor	STAR - Counts
4dc3285f-fd32-4a3e-ad59-28597ab5323a	9918029c-763f-4458-b929-a4db95fd5e1a.rna_seq.augmented_star_gene_counts.tsv	4247222	ff9f1e30e6da0613c750b6e6597b48c9	TCGA-C8-A132	89e867de-d30e-4bfc-a453-0a76309dabd5	TCGA-C8-A132-01A	Primary Tumor	Tumor	STAR - Counts
4dd3d7e2-8a60-41e8-8812-a06f413afe2b	49ec7f30-d687-4124-a3aa-17bffb48ce26.rna_seq.augmented_star_gene_counts.tsv	4249844	4f066c0a9719e3efb4a953ad9436e6da	TCGA-AN-A0AT	05506f4c-e701-4a9d-ae06-97f066aade43	TCGA-AN-A0AT-01A	Primary Tumor	Tumor	STAR - Counts
4df2233b-3bbc-4d20-9abc-2a09b3f37383	eb0f8bc7-5f47-4174-8e85-678bd011bc3c.rna_seq.augmented_star_gene_counts.tsv	4251762	2a9f52c2eadf6f18224c9f2f8778e873	TCGA-BH-A0DO	d3d4d709-ab34-4617-aa8c-51a3d0a3efe6	TCGA-BH-A0DO-11A	Solid Tissue Normal	Normal	STAR - Counts
4e261db3-6727-49bc-8a2e-77a7a30b4fa7	3a264c56-869b-4572-89d5-12894386a0de.rna_seq.augmented_star_gene_counts.tsv	4243123	ea2ecd06445ac7e05cc6e8e9dbcbaf1e	TCGA-AC-A3QP	6f4c8d30-47fb-47df-9eb7-4e5881e3711e	TCGA-AC-A3QP-01A	Primary Tumor	Tumor	STAR - Counts
4e98f490-cbdf-4864-8cc3-b5f9d3c95146	ef2a6bd9-fe3b-4b67-942c-89f3a34813ad.rna_seq.augmented_star_gene_counts.tsv	4239942	40b2492e4a2d3dff95a3d9f91560898f	TCGA-E9-A1R6	4842bac3-abaa-4900-871f-f2c3ba6457f5	TCGA-E9-A1R6-01A	Primary Tumor	Tumor	STAR - Counts
4ec56a4e-a3ce-4511-a517-199e2a535b1a	d898e588-a74d-435c-b930-b96c266ff580.rna_seq.augmented_star_gene_counts.tsv	4248732	7b6ab17da013c0425feef6616f4458ae	TCGA-C8-A27B	f0d8a1fe-e313-44f1-99cc-b965cbeeff0e	TCGA-C8-A27B-01A	Primary Tumor	Tumor	STAR - Counts
4ecc1f1a-8ff4-4552-a5e8-7a9652b6d1d5	df45fb41-4511-4dab-b865-fcdfcda0400a.rna_seq.augmented_star_gene_counts.tsv	4238832	af51e54b9dc2f6aecd39ab26d2b79824	TCGA-E2-A14P	e4fc0909-f284-4471-866d-d8967b6adcbc	TCGA-E2-A14P-01A	Primary Tumor	Tumor	STAR - Counts
4ed31cce-6d4f-4c79-a4e4-80eaedd1c4d2	5b6b8058-474f-4a6a-84c6-0eab99e3b2d3.rna_seq.augmented_star_gene_counts.tsv	4221574	ef845f5092152bbeb639b545cc84064b	TCGA-LL-A7SZ	09a5e9fd-d816-4f8c-baa9-0e40ba607b16	TCGA-LL-A7SZ-01A	Primary Tumor	Tumor	STAR - Counts
4ef3b472-5fce-4e6a-a835-659cc3fee694	cf122ae0-0be8-43dd-a0b9-01fff585186f.rna_seq.augmented_star_gene_counts.tsv	4248692	41f07438e21ddea6245cf43f6b5c4285	TCGA-BH-A0BO	26573441-eedb-4364-966c-e7f803deef19	TCGA-BH-A0BO-01A	Primary Tumor	Tumor	STAR - Counts
4ef4f9f1-7883-4fff-91c0-223cac5f1887	dbb3747a-aafe-421c-bb21-84a0b82c6a75.rna_seq.augmented_star_gene_counts.tsv	4243368	202fa31be24d15209e18557651fe771f	TCGA-BH-A0HX	3b01d064-8c00-4972-9f07-407eac8e7534	TCGA-BH-A0HX-01A	Primary Tumor	Tumor	STAR - Counts
4ef93d93-a6c6-4137-944c-6092e4ff7ae9	8c147a31-a1be-4464-9606-12b14fbdf8d3.rna_seq.augmented_star_gene_counts.tsv	4241055	dd51b4c1e9ea28be1d22e5c1e72cb7ca	TCGA-A1-A0SF	4b620966-b4c7-4615-bf58-ca9d3226b9bd	TCGA-A1-A0SF-01A	Primary Tumor	Tumor	STAR - Counts
4f464ced-080f-41f1-9a00-955db0d5fda6	dc76c717-eaa0-49d7-a228-2fce7a536e42.rna_seq.augmented_star_gene_counts.tsv	4262264	04404aa56bd6e68b44acf9906e7266c4	TCGA-BH-A0B9	5a57dc25-d252-4b22-b192-4de630d7002f	TCGA-BH-A0B9-01A	Primary Tumor	Tumor	STAR - Counts
4f4862e1-abfc-4577-bdb2-a96759ef2b53	7ee4348d-9975-42ba-b258-2334e089395c.rna_seq.augmented_star_gene_counts.tsv	4255586	ab39936550ae58e3408d7f6c413cb06e	TCGA-D8-A1JG	7f2a63e6-64d5-4be1-9814-e8416fc9e688	TCGA-D8-A1JG-01B	Primary Tumor	Tumor	STAR - Counts
4f54add3-c33d-4bc9-9e1f-c75f52d15f1e	2e4316d2-5fe5-4ee1-9b22-73f4c42b6202.rna_seq.augmented_star_gene_counts.tsv	4255418	49fe7f3c7f7fc86f310fe9cb0bcc7ab4	TCGA-BH-A1FE	4aa68586-6331-4795-b40c-859386640df6	TCGA-BH-A1FE-11B	Solid Tissue Normal	Normal	STAR - Counts
4f89dad8-a12e-47d2-a7d9-c1b90f1bd61b	99f6995f-acee-4d0d-889f-91b0631d15fe.rna_seq.augmented_star_gene_counts.tsv	4229180	180b0dc7bbb887c650bcf060578c41fe	TCGA-D8-A1JN	28911b97-42bf-4189-9961-522fc0aeebc6	TCGA-D8-A1JN-01A	Primary Tumor	Tumor	STAR - Counts
50260fba-c435-480a-9bb8-f2839ba499a4	1d390e7f-bbbb-45b5-9466-d199f19106b2.rna_seq.augmented_star_gene_counts.tsv	4235352	0a64750cfc68841be35cdbe416adf7f8	TCGA-A7-A13E	8c7e74e0-71ef-49b8-9217-94b8ef740ef9	TCGA-A7-A13E-11A	Solid Tissue Normal	Normal	STAR - Counts
502fcba1-9d3c-4117-86fb-70a26c090692	36998e69-e955-49da-b859-2092caff19cb.rna_seq.augmented_star_gene_counts.tsv	4247367	7481a7e0f7ccf02b7a4627ff2c64b927	TCGA-A8-A06Z	2399caeb-ead2-4003-af38-809db4ac2e2b	TCGA-A8-A06Z-01A	Primary Tumor	Tumor	STAR - Counts
5030e484-7981-462f-b78d-9fdf1a8531c5	95305dba-073f-40d7-aa20-66553b41bdf7.rna_seq.augmented_star_gene_counts.tsv	4250231	2bf28e822dabac469a9136a6b58d1f89	TCGA-A2-A0YD	2c6adb12-380d-4710-a7e6-93d5a0e53289	TCGA-A2-A0YD-01A	Primary Tumor	Tumor	STAR - Counts
5039a492-4dc7-4191-9edd-187cb181da2d	0cf58c62-a75d-413b-8ce3-4d90f4688b04.rna_seq.augmented_star_gene_counts.tsv	4243155	f48d8b448aadf0e611037a60f27be8ed	TCGA-D8-A1JB	dd96a9c7-899c-47cd-a0f9-b149ed07a5d6	TCGA-D8-A1JB-01A	Primary Tumor	Tumor	STAR - Counts
5064b439-81da-4ef3-b2de-bbca8d3a07e7	bcc561a3-5de8-4341-a5a6-13e19214b2b7.rna_seq.augmented_star_gene_counts.tsv	4250750	b71ff0037edfbca02a563999099f0cf9	TCGA-JL-A3YX	75f6e476-233a-409c-a3ef-0240be569813	TCGA-JL-A3YX-01A	Primary Tumor	Tumor	STAR - Counts
50721c97-1a23-405b-b7b3-2955e4c62e5a	00063026-2a67-41de-b105-f80dca277978.rna_seq.augmented_star_gene_counts.tsv	4234333	3fb7a3e813e43c3d1dfaecd082130385	TCGA-E9-A1NF	a8b1f6e7-2bcf-460d-b1c6-1792a9801119	TCGA-E9-A1NF-11A	Solid Tissue Normal	Normal	STAR - Counts
507952aa-23c0-4239-ae19-04d8f862acc2	55d29bdf-c959-4eda-ab2b-e09d7abb58fa.rna_seq.augmented_star_gene_counts.tsv	4249910	be0a14cf9d711fef977c6f1433337e30	TCGA-A1-A0SK	a5b44d66-c162-46b5-9df2-86305f0385c5	TCGA-A1-A0SK-01A	Primary Tumor	Tumor	STAR - Counts
50c7c034-fccb-4eb1-b8db-e0a5d9e50172	d820ac02-a30e-437b-b20a-3e92705b7b81.rna_seq.augmented_star_gene_counts.tsv	4237798	02094f85d2455a5a0d197798716cc7af	TCGA-A7-A13D	8785012f-f73e-4d68-87cf-1d804af32782	TCGA-A7-A13D-01A	Primary Tumor	Tumor	STAR - Counts
50e8fce6-5775-41d6-bcaa-73773db999e2	ea55206b-29c6-4a8b-9219-cfd28c29117a.rna_seq.augmented_star_gene_counts.tsv	4241350	62b8e0d97332ddd15f740dde2b9daf76	TCGA-AO-A03P	2d4c778c-7f77-4f0a-8261-2086accf15fd	TCGA-AO-A03P-01A	Primary Tumor	Tumor	STAR - Counts
5113a198-1bfe-4d4e-8e17-4c8e3359061a	9dffcc09-6ccd-4f12-ae6a-1b8b93fcf29c.rna_seq.augmented_star_gene_counts.tsv	4238195	56c769774e17895e8f381842e19942bc	TCGA-E2-A1LA	ce9e0309-9756-42d2-ae94-d91264a79498	TCGA-E2-A1LA-01A	Primary Tumor	Tumor	STAR - Counts
511ca25f-0b7f-4912-9b79-ed551721a420	b3ea108e-0ab7-4340-9da9-b7a8bc3b942c.rna_seq.augmented_star_gene_counts.tsv	4226590	f76170ae041cdb3026aa8554e5dc6a4f	TCGA-AN-A0FJ	546248b0-22a0-4b70-a437-76fb0a238a0d	TCGA-AN-A0FJ-01A	Primary Tumor	Tumor	STAR - Counts
515f8866-8744-44d8-9e4b-0e734d0c201b	c5d73777-b7f3-4107-9efc-afde92f70469.rna_seq.augmented_star_gene_counts.tsv	4235496	d93f2511d555d1d07fec2dd9375e61c2	TCGA-LL-A7T0	d8f8064f-02ef-4fed-942b-714cbe5e8455	TCGA-LL-A7T0-01A	Primary Tumor	Tumor	STAR - Counts
51886a03-7aee-4b58-806f-906a29bfad0c	273bc6c8-f5a9-44df-a707-5274fcba8362.rna_seq.augmented_star_gene_counts.tsv	4249683	9045d824d40fa620021fc84795cbd13e	TCGA-D8-A141	42f6f503-4cf6-4a8e-b5fe-b44bccf6b38b	TCGA-D8-A141-01A	Primary Tumor	Tumor	STAR - Counts
519039a7-141e-4367-a6eb-e9307136daf3	4b9da1a6-923c-4bc8-922a-620ac43e6f9b.rna_seq.augmented_star_gene_counts.tsv	4231473	729e7af0119b527eeeacfbce749d4b51	TCGA-BH-A0HB	0c1023c0-d2ce-4940-8047-7642f1dc3965	TCGA-BH-A0HB-01A	Primary Tumor	Tumor	STAR - Counts
51948358-b1bb-46d7-a25c-8d3fe81557f0	2cfbc50e-e38d-41ad-8809-a3ed9685ddf1.rna_seq.augmented_star_gene_counts.tsv	4228641	fa1ca16e617cee9f9ed1c8ebb324bc0f	TCGA-C8-A12Z	42621dfa-abfd-4c7d-8bc5-a02a09d1c2b4	TCGA-C8-A12Z-01A	Primary Tumor	Tumor	STAR - Counts
519b92e0-0dbc-471c-988f-48ce9dc95be3	ad44b37b-0bd2-4289-b03f-d52858da2d0f.rna_seq.augmented_star_gene_counts.tsv	4246840	4ac78d0e8842885f146a5301d5265372	TCGA-A8-A08S	2779fa01-ac93-4e80-a997-3385f72172c3	TCGA-A8-A08S-01A	Primary Tumor	Tumor	STAR - Counts
51a3cb9a-e745-49ac-af0e-3a750f9e7521	df6af593-6a85-4f5f-8dbe-c32df5a85ef6.rna_seq.augmented_star_gene_counts.tsv	4237560	e3b1abcee920570435311e0b4475691f	TCGA-S3-AA10	23c31c2e-336c-4878-a476-cf8d811b4875	TCGA-S3-AA10-01A	Primary Tumor	Tumor	STAR - Counts
51aab02d-11b1-4ef3-a8f3-8146b6c24aad	0f382cf1-3e52-4078-bf12-cc6ba998ed3f.rna_seq.augmented_star_gene_counts.tsv	4246782	4ddbbc43274705dd9b9a8c8011c136cb	TCGA-E9-A22G	56033839-35d5-4d72-8b8c-400cb345263d	TCGA-E9-A22G-01A	Primary Tumor	Tumor	STAR - Counts
52151eca-7819-496e-bf31-4875b68d429d	34478743-530d-4d71-a124-90ad54ded5c1.rna_seq.augmented_star_gene_counts.tsv	4245902	1a84f1a5617efd6f294af14e5fd515fe	TCGA-AC-A2FM	b6b1dc9a-91f4-4b0a-afd5-62c9a90c0d5e	TCGA-AC-A2FM-11B	Solid Tissue Normal	Normal	STAR - Counts
5223fb98-dd63-4c20-a7c0-02e0b13ccb33	7b7c91b5-0358-4d09-af89-26a791d7a23a.rna_seq.augmented_star_gene_counts.tsv	4251941	7c36266ef6a32b6ffda94cb99755b029	TCGA-C8-A1HE	b26d41cd-393b-4cd4-8925-a9488f7de576	TCGA-C8-A1HE-01A	Primary Tumor	Tumor	STAR - Counts
526d750f-3cab-4379-9b3e-1b7f9fa84528	8909b639-c15f-4935-a698-6de79c3d0433.rna_seq.augmented_star_gene_counts.tsv	4238328	e3521d1508f03efc94b800ad59d6dab3	TCGA-E2-A2P5	f0de67ff-8967-4fce-9c12-0e07193285cd	TCGA-E2-A2P5-01A	Primary Tumor	Tumor	STAR - Counts
537ec810-35bc-47d8-8242-72ef91cd63e0	3ee530ee-274d-44de-9793-a75433ddf938.rna_seq.augmented_star_gene_counts.tsv	4242192	6d261f8386fd19ceb29f6c4f8a0b9b04	TCGA-AO-A0J9	a4903de8-6cf5-4541-8ec7-065beace8b44	TCGA-AO-A0J9-01A	Primary Tumor	Tumor	STAR - Counts
5405b59e-44cc-4745-b838-ca279210cbed	1d6fed92-2d3c-46b6-8760-31bc1254cf65.rna_seq.augmented_star_gene_counts.tsv	4248195	66da77e017a5e8dcc779cce699b79c21	TCGA-AR-A1AK	94b03e1d-50ec-4680-bffd-7086d1536ff2	TCGA-AR-A1AK-01A	Primary Tumor	Tumor	STAR - Counts
5422b305-6411-4a01-b371-dc74c9e351e4	be8e200c-dced-4b24-a70d-6b6baecb7300.rna_seq.augmented_star_gene_counts.tsv	4260864	384fee6460725356cd3b24187c0207e0	TCGA-C8-A27A	3b1f7e48-216d-47de-ba79-db350f52bff0	TCGA-C8-A27A-01A	Primary Tumor	Tumor	STAR - Counts
542856ab-164d-4edd-833a-925da96d1eeb	9c0696ab-2bd6-4372-8b10-8222816de48e.rna_seq.augmented_star_gene_counts.tsv	4255467	5d8a756c6b15896901ca4cc63b1c3d29	TCGA-BH-A18N	665dd3d3-779c-4abd-b5d7-13342340451d	TCGA-BH-A18N-11A	Solid Tissue Normal	Normal	STAR - Counts
5428e771-3ea8-46d1-842e-50a270d26bd3	8dc201bf-b152-458f-86ee-347744a1b9bd.rna_seq.augmented_star_gene_counts.tsv	4233719	d2bcf0ec1a28abd55c030395b3b222ab	TCGA-E9-A5UP	a412b374-4d25-491f-b76f-ddaa989acf59	TCGA-E9-A5UP-01A	Primary Tumor	Tumor	STAR - Counts
54600389-6de5-44ce-ada1-8a8508b50980	65ba302c-51a9-4493-8d28-e7bc076bca54.rna_seq.augmented_star_gene_counts.tsv	4232307	368b9e09d3826de28b4c7e26eb1bb152	TCGA-A2-A0T2	128d198e-9b22-427c-90db-3714455f3a17	TCGA-A2-A0T2-01A	Primary Tumor	Tumor	STAR - Counts
5461f36b-c2a2-4a6a-8b17-444c143655fc	df539d11-132f-4320-9365-14d529ae2186.rna_seq.augmented_star_gene_counts.tsv	4241823	9513d951b29532ef9f873530a400f995	TCGA-BH-A0C3	7bcf6d42-eb8f-4aa2-825b-38671d4f9e3a	TCGA-BH-A0C3-01A	Primary Tumor	Tumor	STAR - Counts
54a6b5bc-f788-4bea-b92c-e4dc9c71d99e	b58811d7-8ee0-4b65-a892-17319cc9ecaf.rna_seq.augmented_star_gene_counts.tsv	4239697	9b183dfacccf4aeb11e3b9ad43e2ecb7	TCGA-E2-A1IG	bc0bc70f-c6cf-4dbc-9dc3-8b7bc5f381a4	TCGA-E2-A1IG-01A	Primary Tumor	Tumor	STAR - Counts
54dcd665-8138-4cab-8622-224d7066d466	783adea2-f11b-46ca-9cdc-f06823db5afc.rna_seq.augmented_star_gene_counts.tsv	4227947	44e9c407116b94fcc14305dc0f00c2bf	TCGA-C8-A1HL	a8a199c9-d781-4e6c-af8c-c85d60c7cd40	TCGA-C8-A1HL-01A	Primary Tumor	Tumor	STAR - Counts
55214dd2-b3e8-444c-9d02-3db6008b1920	cfe1c805-2211-419c-bf9a-e0c8b5020dce.rna_seq.augmented_star_gene_counts.tsv	4234838	f76fab9540549e4bd3ce57ca78473b08	TCGA-BH-A208	ddcbdac6-9e43-4146-a611-d033125eba14	TCGA-BH-A208-01A	Primary Tumor	Tumor	STAR - Counts
5599b7dd-7c2a-4037-ad77-11a0b4ddcb54	6cbfdf8b-fd71-4b6a-b360-1573ee5241a1.rna_seq.augmented_star_gene_counts.tsv	4249344	46cd73fb74d2a995678e71e2e8920b45	TCGA-A2-A3KD	bb026999-0aab-4232-96d7-2c93b6c9691d	TCGA-A2-A3KD-01A	Primary Tumor	Tumor	STAR - Counts
55f42211-4119-40a3-b5e4-329e913ef910	9f5a0552-a0a1-4aa7-a32d-7a1951889cdd.rna_seq.augmented_star_gene_counts.tsv	4252591	9265bbb3cc2685e8262ad2cc8a20d81b	TCGA-A2-A0YK	8f34cb4c-5798-47a0-89a1-f0ee26a8ae93	TCGA-A2-A0YK-01A	Primary Tumor	Tumor	STAR - Counts
56081713-6249-4a3f-8498-277e688d1ec9	db5f53f3-6438-4f23-9683-ee16244d98b9.rna_seq.augmented_star_gene_counts.tsv	4235320	1043776be882618cf2b98f835d658bb4	TCGA-BH-A1FR	bf3b1481-ae31-4406-b084-b6cc1d7163e3	TCGA-BH-A1FR-01A	Primary Tumor	Tumor	STAR - Counts
561bb38a-f9b8-4a0a-b03b-fbe70859869a	cab9ff29-e575-45e2-a411-1bfdc2e2610c.rna_seq.augmented_star_gene_counts.tsv	4241658	d61000ee398e7cd3cb03fe42227c7154	TCGA-BH-A18J	cc074b7f-d3b2-4880-902e-bf10e667b665	TCGA-BH-A18J-01A	Primary Tumor	Tumor	STAR - Counts
56209bc1-f94b-4aa4-a9dd-757003f36fd2	2ae456c7-57fa-4146-9b29-2d4129f0cf7c.rna_seq.augmented_star_gene_counts.tsv	4247625	52a0419513d42b3c601d7054d8663121	TCGA-B6-A0WY	f475d460-75cd-4fe9-aa54-c90be12b4ef8	TCGA-B6-A0WY-01A	Primary Tumor	Tumor	STAR - Counts
5645320f-820e-45b7-b4cf-ea05085f53e3	bb06ad3a-4d73-4f88-8f3c-954dce2b38ef.rna_seq.augmented_star_gene_counts.tsv	4252595	cbb10dd04265dd6d6e94e9c3bc0a216a	TCGA-AR-A24M	aa30ac3d-4216-45dd-a314-1ae192fafcb2	TCGA-AR-A24M-01A	Primary Tumor	Tumor	STAR - Counts
56a26df4-d9c1-4f43-bb44-8afd34eea927	95e77e5a-9963-4d65-935d-893a5dbe702e.rna_seq.augmented_star_gene_counts.tsv	4232942	908d2e9d5048ce0c5a81d75d9d438a8c	TCGA-E9-A1NI	c65b835a-2d38-4250-a173-0780d2c2cf58	TCGA-E9-A1NI-01A	Primary Tumor	Tumor	STAR - Counts
56be281f-e85c-4dcb-9d75-cd9ae3430bbe	92e7a9c0-ea88-419e-9afa-e7db5c8967b5.rna_seq.augmented_star_gene_counts.tsv	4243549	8ae1976ee5dfa4ecac3bbefa41ef8f32	TCGA-A8-A093	02f5ae33-a563-4ecb-9e33-dfa500a44931	TCGA-A8-A093-01A	Primary Tumor	Tumor	STAR - Counts
56cc8f11-ba1c-48c9-8455-1f73640f9cf5	e22c6b51-c27e-468f-883c-f71918330eb0.rna_seq.augmented_star_gene_counts.tsv	4248119	54404b21a0e2930f219572edf24693eb	TCGA-AC-A6NO	8d9b50d1-139b-4447-ae9c-e54764d9e2a7	TCGA-AC-A6NO-01A	Primary Tumor	Tumor	STAR - Counts
56e43b33-6dc7-496b-bdee-75e5fed5d502	92b7faad-a817-4464-a074-9b64bf25fad5.rna_seq.augmented_star_gene_counts.tsv	4243021	774d4295c0c69b265aad0fb6f612aab1	TCGA-A8-A09M	626b4ff0-2188-4a14-aac8-6703c624917f	TCGA-A8-A09M-01A	Primary Tumor	Tumor	STAR - Counts
57044315-cc7f-4677-90fa-2e959740bd9c	857c6778-f94c-4b61-9df0-7ee340fb88bf.rna_seq.augmented_star_gene_counts.tsv	4232082	9faba9793b39d22f2d9b40669da65e99	TCGA-EW-A1OV	ac68d219-5670-4ddd-8df6-8aa7ad59e5c7	TCGA-EW-A1OV-01A	Primary Tumor	Tumor	STAR - Counts
5711aa8f-5cd6-41d0-b469-40f049556693	c4eb8167-4c62-4a41-b9a7-f3259f945d9d.rna_seq.augmented_star_gene_counts.tsv	4244743	3aea1b75e9678d0957bca0273f96517c	TCGA-C8-A278	65077db7-dd59-4362-9d28-d5a9154e9be0	TCGA-C8-A278-01A	Primary Tumor	Tumor	STAR - Counts
5728b421-9832-417b-8963-b7b17decc58e	ea1ff936-0327-419f-b104-008511b8af5d.rna_seq.augmented_star_gene_counts.tsv	4237343	889e900b4f9b77f90a4d8db7c3ada4e1	TCGA-AR-A1AP	9495f029-9882-4c9b-a557-b3aec9e91698	TCGA-AR-A1AP-01A	Primary Tumor	Tumor	STAR - Counts
573241d2-e298-426a-84a0-2c3889bae923	b1e03953-263f-4331-b386-487cdc897425.rna_seq.augmented_star_gene_counts.tsv	4246942	71bab53026d304fbff8c5bbfb1e5857b	TCGA-BH-A0BZ	4a032bad-e726-48f2-8f39-e3acc109cc91	TCGA-BH-A0BZ-11A	Solid Tissue Normal	Normal	STAR - Counts
5755f322-5df5-4b88-9c79-640167775c12	8bf23a6b-8ca6-4fcf-b4e9-a14c3a875526.rna_seq.augmented_star_gene_counts.tsv	4227452	4e792b3fb39984a371f0360c439f1d6e	TCGA-E2-A1LS	91a2f2af-e4b1-4a0b-ab20-6a36ce63c533	TCGA-E2-A1LS-01A	Primary Tumor	Tumor	STAR - Counts
575ef8e2-dfbc-48b3-9836-089b94498e09	9dffaff8-a482-4940-b53a-527e5a510740.rna_seq.augmented_star_gene_counts.tsv	4247730	30ea169210819a302053c8c7d0b60112	TCGA-A8-A09G	3927f736-3b5c-48c8-9d9e-83669ec44770	TCGA-A8-A09G-01A	Primary Tumor	Tumor	STAR - Counts
577dde85-20c6-44c0-bf77-bda22a7f58c0	dda806cc-67a1-406b-8957-ffdb5f9087c8.rna_seq.augmented_star_gene_counts.tsv	4251122	bcc26a94f40bdbd16dae6b8e5c70547e	TCGA-A8-A09R	cb0a2055-2168-4454-8755-47dd613db36f	TCGA-A8-A09R-01A	Primary Tumor	Tumor	STAR - Counts
578022ab-5178-4440-8996-73e8826dd74d	840ce2d8-5bf8-4a2c-9739-e7dff5d7cb21.rna_seq.augmented_star_gene_counts.tsv	4243340	297db6a4563fd08513f9b51371db6371	TCGA-GM-A5PX	f7064d01-29d8-49a2-ad60-1e0c5f148f3e	TCGA-GM-A5PX-01A	Primary Tumor	Tumor	STAR - Counts
57a43ef5-102a-4cd9-833d-00a2daf4e56a	ac175796-57dc-4de1-b6a2-eb71416e4c47.rna_seq.augmented_star_gene_counts.tsv	4256540	d2ae95219b562ff5fbb63e4b1826db1b	TCGA-E2-A1BD	0e1d0d46-7a7b-4538-95dd-b9fc20a15aec	TCGA-E2-A1BD-01A	Primary Tumor	Tumor	STAR - Counts
58037e4a-a82f-42a9-84a1-715966343bd4	2b67c3b5-330e-41e4-95cf-028d37fe91e1.rna_seq.augmented_star_gene_counts.tsv	4240456	0e87faa1ca64c661f5a259893623f9e3	TCGA-E9-A1R2	8631969d-4ac6-4fe1-9db3-d47db604494a	TCGA-E9-A1R2-01A	Primary Tumor	Tumor	STAR - Counts
584eef35-12c2-4aac-be09-175a9f9c5dfc	2639c1a0-fcae-4abd-aff7-9a8988a26c3c.rna_seq.augmented_star_gene_counts.tsv	4241298	adbf1f66e95b85c17214529c70986864	TCGA-AC-A62Y	05af737d-89aa-49b6-97b2-28b8ac8bd2cf	TCGA-AC-A62Y-01A	Primary Tumor	Tumor	STAR - Counts
586d9c21-e58a-4171-9755-30c0e8b16293	3ffa2cdf-4a54-4362-a6cf-b0567ef69551.rna_seq.augmented_star_gene_counts.tsv	4247939	1b927939b68699db0a1431d1da33007c	TCGA-AC-A2FO	f5d4c2d3-cc69-4b38-8551-0917e3622a68	TCGA-AC-A2FO-01A	Primary Tumor	Tumor	STAR - Counts
58764dda-7c61-4705-a834-4d654c60ef2b	4d4d40f2-1f96-4d31-81aa-d44b17a217ed.rna_seq.augmented_star_gene_counts.tsv	4240891	d714d7436d545304554860e673e2b978	TCGA-AR-A1AY	5fd9552a-c742-4388-940d-295d1107ae00	TCGA-AR-A1AY-01A	Primary Tumor	Tumor	STAR - Counts
587b3262-55f8-4611-8431-0c02a5df652d	5042d093-d8af-492a-8c40-5aaea17d66e6.rna_seq.augmented_star_gene_counts.tsv	4240472	eee52745eaef73da0b81b1525341fcb1	TCGA-AR-A2LN	a076f135-be82-40fa-8516-285ed355c965	TCGA-AR-A2LN-01A	Primary Tumor	Tumor	STAR - Counts
588a95c5-286a-417f-aa76-b4d8b5c055ef	c4ffc907-8632-494f-8030-0dcc74af3d9c.rna_seq.augmented_star_gene_counts.tsv	4252935	33a15e18e17e8b08ae77eccf7906ecd6	TCGA-D8-A27W	bfa3dbc0-361c-400e-8c10-0aca7049fce9	TCGA-D8-A27W-01A	Primary Tumor	Tumor	STAR - Counts
589dda89-b968-4f26-b3c7-5371dfdb8a90	ae4a5866-347f-4850-b4c8-a009d0765021.rna_seq.augmented_star_gene_counts.tsv	4242565	59edda16289a2e77fc7afb80de6d6603	TCGA-OL-A66O	a45833e1-7cc9-4273-b408-620f74679a12	TCGA-OL-A66O-01A	Primary Tumor	Tumor	STAR - Counts
5978f5bd-575c-4b95-9265-654af1127685	096761b0-f4ca-448d-b78f-58469a508798.rna_seq.augmented_star_gene_counts.tsv	4241726	8e8c0d43d7ce2232a5cd65e910948d25	TCGA-BH-A0HU	dc657ca8-98e8-4ec4-a513-1b848be0e85d	TCGA-BH-A0HU-01A	Primary Tumor	Tumor	STAR - Counts
59858555-bc6a-4286-8280-0f8341123cac	deba354e-fcc8-4a00-aa1b-63afc9cf2861.rna_seq.augmented_star_gene_counts.tsv	4243705	0048b34b1c04e7c93a3ecf4f47255e7b	TCGA-AR-A1AH	a6e11b30-3ae8-4dd1-b04c-a730c6a79746	TCGA-AR-A1AH-01A	Primary Tumor	Tumor	STAR - Counts
59915f69-8e37-44a8-a8f6-feb9e06b6703	e6e7d36e-b6c6-4e54-95ee-ee20e6f1f80e.rna_seq.augmented_star_gene_counts.tsv	4258993	f0ea2c7509f437c1d9b3354bf9ec0580	TCGA-A8-A081	9d876f05-5080-4c4e-9bf5-45f631d381e5	TCGA-A8-A081-01A	Primary Tumor	Tumor	STAR - Counts
5997bdf5-2741-42c5-a01c-807864504c55	675732d7-23c5-436b-b21a-104081feb1be.rna_seq.augmented_star_gene_counts.tsv	4253111	692f305d6bc1cd65cc680ece0036a0e3	TCGA-C8-A8HQ	6951fe6a-d7d1-4f41-85af-76655b5d1f62	TCGA-C8-A8HQ-01A	Primary Tumor	Tumor	STAR - Counts
59980021-265a-4817-b7ea-02908a52cbcb	2973fc8f-d20c-4cf3-b183-2ac32df73ae7.rna_seq.augmented_star_gene_counts.tsv	4253583	d8c41f144682324957f69182f51791d3	TCGA-A2-A04Y	9ce7ce09-4409-4fa3-9f78-b2b24716f860	TCGA-A2-A04Y-01A	Primary Tumor	Tumor	STAR - Counts
59bb8b6d-9827-4d5c-8714-cbc8ec3b8be5	c8c4129c-48ca-4df9-9ef8-bab2a794ebbf.rna_seq.augmented_star_gene_counts.tsv	4223367	56c26b4865b6b563286d2e48e7921ccb	TCGA-GM-A2DB	6e6b7742-a562-490b-bb72-04a5653852e4	TCGA-GM-A2DB-01A	Primary Tumor	Tumor	STAR - Counts
59c3cb45-ca6e-40ad-a3f0-9b496b934aa5	7abc395f-72e4-4835-8aef-aaca2f8a34b0.rna_seq.augmented_star_gene_counts.tsv	4240841	ff0bb159b48733cced3c6d0b19bc87ae	TCGA-E9-A3Q9	e36e985d-2c44-4e14-854a-7dbca4bb0304	TCGA-E9-A3Q9-01A	Primary Tumor	Tumor	STAR - Counts
59ce4079-0da6-4339-8861-ad376b150f75	a4455185-5506-4392-bd54-5f9cda2274d2.rna_seq.augmented_star_gene_counts.tsv	4258554	aaf43ae3672534b4e84ac2d27e564aa6	TCGA-A8-A09I	1557183c-aedd-4df6-b98a-3654667f7b69	TCGA-A8-A09I-01A	Primary Tumor	Tumor	STAR - Counts
59d61414-a337-4e45-9e89-4526dde82786	fe8166b9-08e8-477b-9122-0e9194f34818.rna_seq.augmented_star_gene_counts.tsv	4242226	b5bb283aac51cbc731248b5c9fd60d56	TCGA-A8-A07L	e89a9deb-6321-4e61-b412-b4993d4277dd	TCGA-A8-A07L-01A	Primary Tumor	Tumor	STAR - Counts
59f472a7-ce4f-4d3a-9193-8b3a4500d52b	b73f749f-eafa-460d-b921-f12e7f8d6609.rna_seq.augmented_star_gene_counts.tsv	4228291	6598ccb8dc297b589882e757d7d5fcc7	TCGA-A2-A3XV	189e1f27-7738-413a-a4d4-97d41d592a13	TCGA-A2-A3XV-01A	Primary Tumor	Tumor	STAR - Counts
5a827399-307b-412b-a2ce-f6c81d2750a6	af58b506-df1d-4221-964d-76dbade6ab85.rna_seq.augmented_star_gene_counts.tsv	4243386	257a83bd145e0b63ae42066dbddba90b	TCGA-AR-A0TY	da1c58a7-c6bd-47d9-95c2-8d2ac70e20e4	TCGA-AR-A0TY-01A	Primary Tumor	Tumor	STAR - Counts
5aaaf8b5-a75f-4070-93e8-f5b982144638	0c311d42-5038-4408-ac4a-5ffbb02817e4.rna_seq.augmented_star_gene_counts.tsv	4223871	cde5f760937826de507fb6f298c57dab	TCGA-LL-A6FR	1347c23d-8d6e-4c15-9461-640249838c96	TCGA-LL-A6FR-01A	Primary Tumor	Tumor	STAR - Counts
5aba8f7f-c815-45e9-bee0-4dda9bfac07f	046c3754-b22c-4bce-93c7-29b9da173d33.rna_seq.augmented_star_gene_counts.tsv	4248062	f000b3d34296a70e5ebeb2546b16b4f7	TCGA-A2-A0CW	32efa6e8-6b19-480a-9d04-ace02e93318a	TCGA-A2-A0CW-01A	Primary Tumor	Tumor	STAR - Counts
5b318f75-dda6-4410-bfc0-2fd52030cae7	86538c2f-7f41-4a9b-bea5-f6126772f322.rna_seq.augmented_star_gene_counts.tsv	4231755	6faa8889430fd050f22f36674015466f	TCGA-E2-A14O	fb356957-f620-4d99-b675-1355a1d9f932	TCGA-E2-A14O-01A	Primary Tumor	Tumor	STAR - Counts
5b4ec1fd-516d-4c32-a233-0699e591df1a	4331397f-eaf9-4e43-8fa2-e30ad3643aca.rna_seq.augmented_star_gene_counts.tsv	4254462	6696b036fe5b0845004df65a1e3bfd61	TCGA-D8-A1J9	d5e9a403-88ce-40fc-bb85-80cf3f8ff6bc	TCGA-D8-A1J9-01A	Primary Tumor	Tumor	STAR - Counts
5b6828f2-4da6-49a4-a19c-569e089ff0b0	315f3deb-74b5-4b71-afe5-759c85a0a6cc.rna_seq.augmented_star_gene_counts.tsv	4247424	197c5bfeba9c45e4d829138438a21e7b	TCGA-A2-A0CQ	ab34a9a2-d72d-4106-94fb-118844b1b60b	TCGA-A2-A0CQ-01A	Primary Tumor	Tumor	STAR - Counts
5b92e1c6-6265-46b5-bcf7-0c0bafe6f390	74d50556-5de8-4eff-82e6-a3ad9c70020a.rna_seq.augmented_star_gene_counts.tsv	4249538	0a3b0cbaccc2cdd8b6ae43223ce1e748	TCGA-A8-A08Z	d7808cbc-4b8c-467b-b2c3-f48d05b9ecab	TCGA-A8-A08Z-01A	Primary Tumor	Tumor	STAR - Counts
5bee33e8-6c0e-4b47-b5b4-a82bf5784d81	9cb6482e-6f20-4aad-986c-7ccea66b7cc8.rna_seq.augmented_star_gene_counts.tsv	4252498	1fd96ef0ad510184ed3f47f77c7742c1	TCGA-AC-A2FE	f6eebd4b-b63a-4a9c-92d3-0d954a8a6655	TCGA-AC-A2FE-01A	Primary Tumor	Tumor	STAR - Counts
5c0579f7-6184-4afa-805c-7aeec4a4c5d2	7c9a2493-5667-48ec-8998-81e13722b4ab.rna_seq.augmented_star_gene_counts.tsv	4225986	43eac32229024e930858844f116decf2	TCGA-AO-A03N	9435447e-d65f-408b-863b-6576b1d652dd	TCGA-AO-A03N-01B	Primary Tumor	Tumor	STAR - Counts
5c33730b-be75-452a-ad2f-02eb726d4eae	ba3f32ca-85e0-467a-a733-99ea832ff1c3.rna_seq.augmented_star_gene_counts.tsv	4238469	bb47fc8cdd198772f8c24dff6a605a22	TCGA-EW-A2FW	e6f527a2-38eb-457e-bb39-3c5b9c0bcbec	TCGA-EW-A2FW-01A	Primary Tumor	Tumor	STAR - Counts
5c57b96c-909e-468e-bef6-f0375a788fcb	0b0b23c2-dac8-45cf-ba91-913776b00a33.rna_seq.augmented_star_gene_counts.tsv	4245002	93e9fe7a0899a5d7305ea3cedb92d757	TCGA-AR-A2LL	70fc011c-0f22-4026-9d72-87351126203a	TCGA-AR-A2LL-01A	Primary Tumor	Tumor	STAR - Counts
5cce30f3-99ae-4959-987a-0d280dc2ec44	2dd0b954-db3e-402d-9c06-6160e199dedb.rna_seq.augmented_star_gene_counts.tsv	4250095	67e347f8fd3e59b0f5e4ff4bdf7740a7	TCGA-AR-A24Q	28e9048a-e540-42de-a1f4-4ef894fccc4c	TCGA-AR-A24Q-01A	Primary Tumor	Tumor	STAR - Counts
5d720a05-3673-45be-9163-08e0fc332f80	853013f2-fee7-4489-a2a2-fa36112a1c73.rna_seq.augmented_star_gene_counts.tsv	4248945	71beec806f66a1321fe540f40fa7956e	TCGA-AO-A0J3	39cde586-df95-435f-b9a6-73b0c0ee5e92	TCGA-AO-A0J3-01A	Primary Tumor	Tumor	STAR - Counts
5d875fca-d1ff-4c08-9dfa-0f1e67dc586b	1467bc96-cad8-4011-962e-d43e6c725f63.rna_seq.augmented_star_gene_counts.tsv	4249921	4cd770ce375dd3ca31cb170f83659f0e	TCGA-AR-A2LK	1b703058-e596-45bc-80fe-8b98d545c2e2	TCGA-AR-A2LK-01A	Primary Tumor	Tumor	STAR - Counts
5db109b6-dbfe-4ec8-8697-bb7fff5beb4b	42fe2b41-93aa-4738-988e-66239bef2ec7.rna_seq.augmented_star_gene_counts.tsv	4246496	7a289b388579c91d793568f894410bed	TCGA-A8-A08J	68177e92-4784-45d9-af14-4ce0c00eae74	TCGA-A8-A08J-01A	Primary Tumor	Tumor	STAR - Counts
5dee4a6f-9cf4-4360-a37b-e7b94aa70dac	5ef81653-adf0-4286-9f43-218490539508.rna_seq.augmented_star_gene_counts.tsv	4249012	38a580e95d24f8c0fb92a68ee09f9f53	TCGA-A2-A0YF	ae8c77fe-e6c8-44d5-8265-4a38c637bbef	TCGA-A2-A0YF-01A	Primary Tumor	Tumor	STAR - Counts
5dfadec2-3a10-40a9-99be-4984e917ba88	a90d3b2d-38f9-455c-88cd-73d5b3729491.rna_seq.augmented_star_gene_counts.tsv	4234545	94b6a69920ccf4b75df5d3644aff5a80	TCGA-BH-A0AZ	518f231c-f5f9-4a39-a97b-7fd5666d3e50	TCGA-BH-A0AZ-01A	Primary Tumor	Tumor	STAR - Counts
5e05ff45-9f44-484d-889f-529e2bfe2a48	bb10d315-6038-4513-aa41-d50f20295997.rna_seq.augmented_star_gene_counts.tsv	4245448	23b5cd3cb9e56e1eb726795fe1bff9da	TCGA-E9-A22B	b956df1b-bc77-4bdb-a5bd-5dda7b4c8da7	TCGA-E9-A22B-01A	Primary Tumor	Tumor	STAR - Counts
5e789924-9d98-4765-a348-90a27349d906	d83bb114-c175-4fd5-aac0-5dc04b9218b0.rna_seq.augmented_star_gene_counts.tsv	4256920	d8dfac715263256aa92e52820c9ad00b	TCGA-GI-A2C9	9f6be944-83de-42ab-8738-f0022f475e61	TCGA-GI-A2C9-11A	Solid Tissue Normal	Normal	STAR - Counts
5e863e9f-1449-4a38-ac00-cfd7c21ba6e2	fe379cd5-d51b-44b3-9adf-49e2cc3b0bf5.rna_seq.augmented_star_gene_counts.tsv	4244520	45f318c7a3c7477f37455da25d754983	TCGA-AC-A3W5	4c313e5b-4dc3-408e-8e92-22427f74743e	TCGA-AC-A3W5-01A	Primary Tumor	Tumor	STAR - Counts
5fbbee45-08b5-4cd0-83c6-c18bc4e89d99	034f8d01-f664-494b-bc04-77485000611f.rna_seq.augmented_star_gene_counts.tsv	4244985	8ac64126e6f11ef928219c1d838cb7c0	TCGA-BH-A0C1	d10a4887-373b-4726-a61d-126f950e4a06	TCGA-BH-A0C1-01B	Primary Tumor	Tumor	STAR - Counts
5fbe4a11-de4d-418e-9bc3-75b768d4a665	22e623b3-2c82-4283-bd28-2cf1777b0179.rna_seq.augmented_star_gene_counts.tsv	4250936	6078a4eb3852baf57465346b82631ce4	TCGA-AN-A0XU	a1da9db1-db11-4f4d-a249-c738db81b87e	TCGA-AN-A0XU-01A	Primary Tumor	Tumor	STAR - Counts
5fcd0660-3e77-4a56-af19-01045301708c	60e5b5de-ba65-46c7-82ee-8181628f0cbd.rna_seq.augmented_star_gene_counts.tsv	4253653	f4b4b769f16c461fbeb7a8caa544af99	TCGA-B6-A0RQ	caa9b533-24b4-4ecd-9159-c165de049f6a	TCGA-B6-A0RQ-01A	Primary Tumor	Tumor	STAR - Counts
5fe2671d-4314-444b-adc1-64bbc6a85aab	548b1967-fca4-4238-8d59-ae5405122c90.rna_seq.augmented_star_gene_counts.tsv	4258915	5392625781b55a2440dec8430c38feb1	TCGA-D8-A1JL	aa4244a8-0454-4247-a1c3-357fd51746fa	TCGA-D8-A1JL-01A	Primary Tumor	Tumor	STAR - Counts
6084a2ac-a342-4378-b4ba-a2d7e6af9124	ad930bd1-0026-4f83-92e2-23170c1965aa.rna_seq.augmented_star_gene_counts.tsv	4261853	adc7ecaff2a7467941891c69a3992497	TCGA-D8-A1Y0	ced2c048-b047-43ff-b0e7-cd7ad480850c	TCGA-D8-A1Y0-01A	Primary Tumor	Tumor	STAR - Counts
6129ca9a-5466-4cf5-be19-a4e3134659cb	db998871-01ff-4a39-ba06-fe3fb1183584.rna_seq.augmented_star_gene_counts.tsv	4257893	411a7a75638e47d82f98eb5f2ef08df3	TCGA-E9-A229	cea9d8f9-e18c-4947-a461-5f712e3c1e6d	TCGA-E9-A229-01A	Primary Tumor	Tumor	STAR - Counts
61647238-a8c4-4156-af15-c32947983cfd	4c6cb929-293d-452e-b7f8-d535b48cf073.rna_seq.augmented_star_gene_counts.tsv	4235393	100a0779f967c798a1af4690d790517e	TCGA-A8-A07I	566792ae-f853-4a47-856d-f02cdcfcb18a	TCGA-A8-A07I-01A	Primary Tumor	Tumor	STAR - Counts
6185d5c4-f757-4baa-bd82-fd4050c57312	a32190c5-a193-4e90-ac98-38a600bb10f0.rna_seq.augmented_star_gene_counts.tsv	4243115	7bfb9c9ed5c5d2e0c65d0975e98b49b3	TCGA-OL-A5RU	b8a44fdf-9cb9-4123-9ab0-4bc198921fee	TCGA-OL-A5RU-01A	Primary Tumor	Tumor	STAR - Counts
61f32a8d-4649-4ea8-8374-00ab281464bf	0d9db3d9-8f0a-41f8-bf2b-5de447d676b8.rna_seq.augmented_star_gene_counts.tsv	4245780	f35eeac98c4b098e019fe3ba0594ed37	TCGA-AR-A5QP	3c275152-d04b-440c-9621-2fc05ea977b6	TCGA-AR-A5QP-01A	Primary Tumor	Tumor	STAR - Counts
621b0997-70e5-415b-8d8c-1e5f90d0d4aa	0a430a9a-7e63-41d6-8cd0-1dda1e1df975.rna_seq.augmented_star_gene_counts.tsv	4250689	98f45d463ceb5d4b651af19845328eb4	TCGA-D8-A1XZ	2c90d5e3-ac8c-4c86-a06f-42ccc064eb49	TCGA-D8-A1XZ-01A	Primary Tumor	Tumor	STAR - Counts
62a4b965-7aaa-4bd4-b469-57a713b2e9fd	064d1578-9fb7-439c-9644-d4cb6389ec9d.rna_seq.augmented_star_gene_counts.tsv	4252172	613f2feadffe04aecd532ec2c1b9d1d1	TCGA-BH-A0DT	74f31744-0aed-4633-beec-4e203315f0b7	TCGA-BH-A0DT-11A	Solid Tissue Normal	Normal	STAR - Counts
62c0cac5-05eb-46ea-b165-a2e9e342a259	d702ead2-f1df-43e1-b1a4-c506902b14df.rna_seq.augmented_star_gene_counts.tsv	4257631	b8961e0d9b259472a0ce5463d3ae47c1	TCGA-EW-A1PC	f45210d3-9e66-4f5e-bef1-5ee5547cc893	TCGA-EW-A1PC-01B	Primary Tumor	Tumor	STAR - Counts
62e7008b-f4ca-40e3-88b3-7354ba2585ac	93cc1307-7138-4547-a9a2-8a5398815c01.rna_seq.augmented_star_gene_counts.tsv	4246488	ef45809f410098d6a578ef468239b06f	TCGA-AO-A0J2	d2f2560c-ec80-4fea-9474-c47a2e85ea95	TCGA-AO-A0J2-01A	Primary Tumor	Tumor	STAR - Counts
63454d5d-a654-4be0-b812-dd5c98d07ea1	c63e3277-327a-4259-84f2-13d9a2c2d68a.rna_seq.augmented_star_gene_counts.tsv	4231681	7a7867b463c4bf060145520a9708fcb6	TCGA-E2-A1LB	fa176764-a76f-44c7-b97a-cd6d21e052be	TCGA-E2-A1LB-01A	Primary Tumor	Tumor	STAR - Counts
635084ad-0b62-4217-bc6f-e2a8c1326aee	516fdfb1-7662-4524-9bcd-23ccbbec6a86.rna_seq.augmented_star_gene_counts.tsv	4223951	5511254bdfd10d303fe22425a645dd92	TCGA-5T-A9QA	2fd36838-5a83-433e-ac80-b1f77448e5aa	TCGA-5T-A9QA-01A	Primary Tumor	Tumor	STAR - Counts
63adf5e2-d5cb-4937-a0ee-f2914e130b25	86931155-2879-41e4-8fa2-1f24826d8768.rna_seq.augmented_star_gene_counts.tsv	4251036	337f5f52c8e3820ee20b0fa1d1eabfce	TCGA-E9-A1N9	994ca1f5-ad10-44ec-aa21-71fc2940653b	TCGA-E9-A1N9-11A	Solid Tissue Normal	Normal	STAR - Counts
641c4e5d-4880-4f5e-9d1e-702cab91a6b4	32c15b29-da14-4eb5-8c86-39efc94319df.rna_seq.augmented_star_gene_counts.tsv	4255350	503294b786b176d0c0deae6233d5583a	TCGA-B6-A40C	fd0b1b8b-1a76-480a-b61c-d176e4e02c6b	TCGA-B6-A40C-01A	Primary Tumor	Tumor	STAR - Counts
64657d41-17ad-4692-8a13-0cf55c55f11d	6f73500d-4b23-4f14-911b-fbc69bd38f4b.rna_seq.augmented_star_gene_counts.tsv	4237684	87ba1e6a5ddf9897ae488f3b52b12d7d	TCGA-A7-A0CH	9de678e5-67ed-4453-a98b-7ac351d5d0f1	TCGA-A7-A0CH-01A	Primary Tumor	Tumor	STAR - Counts
6487c7e6-38ad-417c-8009-6c899fe74a64	687d5cbd-0877-4e31-86d7-9fcb32a82f10.rna_seq.augmented_star_gene_counts.tsv	4217812	297aa3d4c5e9fcf590b8ccd8387cd598	TCGA-E2-A9RU	6f18f96e-c0c9-4cc4-9fb2-cba8949d5402	TCGA-E2-A9RU-01A	Primary Tumor	Tumor	STAR - Counts
64bfe46f-8152-4c70-b69d-ea412a4dfcff	b25117ce-5a14-4b43-bbfe-513b957464d0.rna_seq.augmented_star_gene_counts.tsv	4238941	4c10ed2ed8b6b870437d52ebf83b2fa3	TCGA-A2-A0D2	99e32c59-aa73-43fa-88c9-399ddadb2c72	TCGA-A2-A0D2-01A	Primary Tumor	Tumor	STAR - Counts
64f43094-8e51-440d-b142-2b1eeba34e9f	2e1410fb-4799-4a85-97e2-0d05c9255977.rna_seq.augmented_star_gene_counts.tsv	4240525	c1c049cb5d800233c4bb16eff2f3e352	TCGA-BH-A1FE	4aa68586-6331-4795-b40c-859386640df6	TCGA-BH-A1FE-06A	Metastatic	Tumor	STAR - Counts
65264188-23f8-4214-a45a-574f47471bb3	d5926b71-692e-4b6f-a7e1-8b5afdd745c6.rna_seq.augmented_star_gene_counts.tsv	4229357	8ffce1a5114194f441095533e208bdf3	TCGA-AC-A8OR	8cd1ba0b-ead9-4661-a796-6c9dbf1c42cd	TCGA-AC-A8OR-01A	Primary Tumor	Tumor	STAR - Counts
65582670-1c71-4606-91b5-a886144fdfa6	5c4f28b0-b83c-4b52-8545-2f26c9d0734f.rna_seq.augmented_star_gene_counts.tsv	4245638	a5ddbc5ddfb0a2bd4c461862b6a145a4	TCGA-E9-A1NA	af577366-0258-49e7-b6af-e70056c081a4	TCGA-E9-A1NA-11A	Solid Tissue Normal	Normal	STAR - Counts
659f84a0-df18-44a4-8b82-ebaec356153d	e6ac5ada-4358-4ca3-b1cf-05d3e0cf0597.rna_seq.augmented_star_gene_counts.tsv	4244253	d6c84453ce01cd2f7b378b39b364f582	TCGA-S3-A6ZH	ec461eaf-f5cb-4225-a9a0-59d8e6c17ea6	TCGA-S3-A6ZH-01A	Primary Tumor	Tumor	STAR - Counts
65bc2a34-2355-4193-b20e-439f2d7f6df2	88d14d8e-cbbe-4157-b3ae-f1ddcb5e9551.rna_seq.augmented_star_gene_counts.tsv	4240098	bea04119d59f1054752edecdd4117bea	TCGA-E2-A14Z	d7ce6b79-f7c0-481e-9dbd-6273f01c9786	TCGA-E2-A14Z-01A	Primary Tumor	Tumor	STAR - Counts
664d7ba8-9b87-4f17-b98d-8e07dea3c488	cb024f71-c708-498b-9196-2fe57acf3771.rna_seq.augmented_star_gene_counts.tsv	4241996	db3599e6eb1262ea86082721b1cf540b	TCGA-E2-A1IF	718db047-9f32-48c4-98c9-515218441bca	TCGA-E2-A1IF-01A	Primary Tumor	Tumor	STAR - Counts
66dbe196-661b-4d0e-ac48-b82fc6a67cc8	0ba03a16-3c4f-4118-91aa-53d4a7c00d38.rna_seq.augmented_star_gene_counts.tsv	4247678	87ae99b84bf7759a06ea9e0d6695ac9e	TCGA-D8-A27G	6f6e7356-3521-4674-8eec-ad01340d4b8e	TCGA-D8-A27G-01A	Primary Tumor	Tumor	STAR - Counts
67317cce-4a8c-4313-bb26-4ef7759071b9	3b509602-c9b3-4dba-86a4-13e2a3857bb4.rna_seq.augmented_star_gene_counts.tsv	4249865	505f06d7345d85995044e4630116ccb5	TCGA-EW-A1PH	4da999a0-ef41-4a0b-b1d1-446b39cc855a	TCGA-EW-A1PH-01A	Primary Tumor	Tumor	STAR - Counts
67347e29-6d43-4234-8b04-188be7e6440b	85caaa0e-2811-46d2-b934-d9f9f006afc6.rna_seq.augmented_star_gene_counts.tsv	4222149	dbc6791263fe5cddd3875920a4151afa	TCGA-E2-A14Y	a0576d44-9add-429b-9eeb-f7b234b7385f	TCGA-E2-A14Y-01A	Primary Tumor	Tumor	STAR - Counts
679ba4c3-49da-47d1-bef2-ce25fd862758	cd40e8d1-b307-4840-bba6-fd2f71d0c26d.rna_seq.augmented_star_gene_counts.tsv	4219757	332e8e891b69880194af4d4357d47423	TCGA-WT-AB41	e7db08a7-b439-4230-8dc4-1b54af4736c4	TCGA-WT-AB41-01A	Primary Tumor	Tumor	STAR - Counts
67d73608-5dfb-41c1-85d3-52f1eba7daa2	c33e4a5e-f54e-48e0-bcbf-4e019e63a352.rna_seq.augmented_star_gene_counts.tsv	4236158	60e003b349f65f3ab2fcfd4ab33520d2	TCGA-AO-A1KQ	d2219a3f-4c55-4dee-9b08-c6f330dd1acf	TCGA-AO-A1KQ-01A	Primary Tumor	Tumor	STAR - Counts
67eceef4-f870-47a0-82d8-b39aa3282bd3	8087339c-4fdc-42e4-94ff-299a59ae88a3.rna_seq.augmented_star_gene_counts.tsv	4250136	275bed2356865c1e902558ef71bf4e23	TCGA-D8-A1JU	af2a8e2f-2ae1-48bc-bba5-0e2c077c4e48	TCGA-D8-A1JU-01A	Primary Tumor	Tumor	STAR - Counts
683e004b-7992-4250-a94b-c355c45725d2	50108c12-718c-48fc-8f76-23ce0c13e2e6.rna_seq.augmented_star_gene_counts.tsv	4250540	e09cfb8101687f5716e3e359b7a358fb	TCGA-BH-A0DL	ba39bfbc-5cac-4f6c-b55c-4eee3466ee93	TCGA-BH-A0DL-01A	Primary Tumor	Tumor	STAR - Counts
68814d4d-9db8-471f-b4b3-5c2fecb10773	baf9135d-d8dd-4e04-9115-4055b81fae05.rna_seq.augmented_star_gene_counts.tsv	4238472	613db1c6e073f367a16a264e56ecc66f	TCGA-E2-A56Z	45c3975c-d333-4237-93f7-e12dc2451c38	TCGA-E2-A56Z-01A	Primary Tumor	Tumor	STAR - Counts
68881256-49b8-4a19-87a9-afac4f1841d2	7b4b9d66-e494-48e8-949f-7cdb42e490f9.rna_seq.augmented_star_gene_counts.tsv	4248367	a82b9c19fe88132acc12f9e6c3289022	TCGA-BH-A0BQ	b3bb8fd6-ee54-4813-b042-2bbe70115382	TCGA-BH-A0BQ-11A	Solid Tissue Normal	Normal	STAR - Counts
699e47b8-5396-43eb-927d-8d05b0e79644	1dd6852b-2456-4576-9b22-f7604277c955.rna_seq.augmented_star_gene_counts.tsv	4251484	b30e639b9179e17b16a7dd4cec129b0a	TCGA-BH-A203	b3264748-947a-43aa-b227-b294fbcc8447	TCGA-BH-A203-11A	Solid Tissue Normal	Normal	STAR - Counts
69aebf68-5357-4269-84fb-ee91a6bd67fd	8f4d89ea-3207-4fa7-9898-9b78cb971577.rna_seq.augmented_star_gene_counts.tsv	4243588	02397e97a0406355b8df1cf5acb954f1	TCGA-A7-A0D9	17baef7c-d97d-4b98-ab53-503ef856523d	TCGA-A7-A0D9-01A	Primary Tumor	Tumor	STAR - Counts
69bb06b6-74b3-441b-82d7-c6783aa88cdd	b44d9209-0e37-4ffe-9c27-a969a421b3ab.rna_seq.augmented_star_gene_counts.tsv	4246806	3f64389995c62fdd9e936462f61962a8	TCGA-BH-A0DO	d3d4d709-ab34-4617-aa8c-51a3d0a3efe6	TCGA-BH-A0DO-01B	Primary Tumor	Tumor	STAR - Counts
69f5df3f-273f-4e02-934b-af9c9ec52067	92e1baff-0f43-4841-aab9-fdda0078673a.rna_seq.augmented_star_gene_counts.tsv	4252642	b690d85fad7f9487927b89b7fa9329e9	TCGA-A2-A259	3fc3755d-a3f8-4e2c-813f-ff124f2a75c1	TCGA-A2-A259-01A	Primary Tumor	Tumor	STAR - Counts
6a40f728-eee2-4777-a8e0-67fd6f9f7927	c8e8f4e7-7aae-41f7-9d36-5938d2c2fc04.rna_seq.augmented_star_gene_counts.tsv	4241371	1030a6f26912e98e40822228c79f54e0	TCGA-AN-A0XP	cf0e7e4e-b857-4db5-9ae2-551a899f77be	TCGA-AN-A0XP-01A	Primary Tumor	Tumor	STAR - Counts
6a89e8a2-577e-4531-98e8-ba6fc6cfe525	2bbbdb50-4486-473c-a158-6b1656bdb242.rna_seq.augmented_star_gene_counts.tsv	4252382	9f430167246a1f8daa736fe40b11b748	TCGA-BH-A202	e7a00d67-2c26-4d1f-bd17-35f659e88bc1	TCGA-BH-A202-01A	Primary Tumor	Tumor	STAR - Counts
6ac73ea5-48e8-40d8-8383-fa28991813fd	8832d658-24d2-4d12-a025-959d5eed1271.rna_seq.augmented_star_gene_counts.tsv	4231860	d4647a9ca39d34a1d37506c1ffa90227	TCGA-A2-A0YJ	796b593f-5886-4a27-bf94-7ea8df325e1a	TCGA-A2-A0YJ-01A	Primary Tumor	Tumor	STAR - Counts
6b62d6dd-bb6f-4f39-9041-992c47b875f3	d1f7678a-8106-46c9-95b7-5ec5d940f08c.rna_seq.augmented_star_gene_counts.tsv	4244153	cfe98a7dcb3ca5d1a4d25d13f6f5fa4a	TCGA-B6-A0RH	c3148e68-1739-4334-abda-1dcbc2166846	TCGA-B6-A0RH-01A	Primary Tumor	Tumor	STAR - Counts
6b9180f4-bdd0-4118-bff7-0523cad45567	70532e65-df18-4e1d-beaf-08fbf349bec0.rna_seq.augmented_star_gene_counts.tsv	4238675	65d16c1b5d27783fc89e8cd929f7e79e	TCGA-D8-A1XD	c4699748-f01d-4b30-9c74-1ca77fb84ac1	TCGA-D8-A1XD-01A	Primary Tumor	Tumor	STAR - Counts
6bd03014-d3b8-4cac-929b-af970321ae1f	8923da54-2f7c-4315-9fc2-a1d6502df55b.rna_seq.augmented_star_gene_counts.tsv	4254304	77da35089b0637b99d0c6e65add16e6d	TCGA-A2-A0T7	43d5632e-7272-4aad-9496-7f5a99671223	TCGA-A2-A0T7-01A	Primary Tumor	Tumor	STAR - Counts
6c3f2469-50ea-48a7-bb17-043e74e54535	05ddce6e-57b0-4b78-9955-7c1b4c564498.rna_seq.augmented_star_gene_counts.tsv	4260214	ac5cf5a450253f6242e823e5e0108169	TCGA-AC-A2FG	39cda4c9-e1c8-44c2-bab7-f5849c12f879	TCGA-AC-A2FG-01A	Primary Tumor	Tumor	STAR - Counts
6c7f9fc6-3dba-4605-9f0c-d4f00095352f	4ee78309-dea3-486f-95a8-ca283a1b70d9.rna_seq.augmented_star_gene_counts.tsv	4244017	bc5318dd139db6266d41df00f24ac9b0	TCGA-BH-AB28	09d6e904-7184-4788-8a19-04f8c46cb13f	TCGA-BH-AB28-01A	Primary Tumor	Tumor	STAR - Counts
6c908d24-e571-436a-9a06-705c294ba5d7	9ba7cd75-a96c-4220-9f57-c9f0fb545a95.rna_seq.augmented_star_gene_counts.tsv	4239350	fce1c9502897709291cce4c4fe95c70e	TCGA-B6-A0RE	08da7c4c-3067-4bcf-9d7a-78566df72e69	TCGA-B6-A0RE-01A	Primary Tumor	Tumor	STAR - Counts
6ce774a5-2636-4a01-ab6e-737f89a4bd4f	28f1b708-bd3c-4ae7-935f-3282f75304a7.rna_seq.augmented_star_gene_counts.tsv	4238621	85021f12e5c59611ad379dbe4c196f84	TCGA-D8-A1JP	752f4773-5a12-4485-a1f6-896e148ddf4d	TCGA-D8-A1JP-01A	Primary Tumor	Tumor	STAR - Counts
6d0f2c52-47f8-4032-8468-38dcc578ed6a	e4559121-091f-41f2-9559-2abb1bbfd229.rna_seq.augmented_star_gene_counts.tsv	4249152	418350a11820312a22abfa095a20a5ec	TCGA-S3-A6ZF	fbee40f1-d6d8-4156-8d42-36e09bb9f095	TCGA-S3-A6ZF-01A	Primary Tumor	Tumor	STAR - Counts
6d17023b-03fd-4e66-9c7e-72395f09e87f	4591685a-dc4c-4049-aced-8278c715c890.rna_seq.augmented_star_gene_counts.tsv	4233479	39192b574517e34cf17e91f36475cb4a	TCGA-AC-A3YJ	86cf879e-3b40-44dd-aaa7-6f49f54a15d9	TCGA-AC-A3YJ-01A	Primary Tumor	Tumor	STAR - Counts
6d488c27-ae90-41d4-8ddb-01a8eb731f0e	619785ac-0041-4b26-a887-d8ca021eaab1.rna_seq.augmented_star_gene_counts.tsv	4253847	f18cb7bd326fa46ee0ce11e5ee195a48	TCGA-A2-A0YI	72cd1b17-d349-4551-83f7-3062ce9db865	TCGA-A2-A0YI-01A	Primary Tumor	Tumor	STAR - Counts
6d505305-dc5f-4dc7-8721-817f444ff7ee	d681e327-7e74-4f6a-811f-e006470e568f.rna_seq.augmented_star_gene_counts.tsv	4239943	96018fc75b5a7330f1eb5b3813083661	TCGA-AN-A04C	66072c06-f251-4f0b-b6ae-12b407c52cc6	TCGA-AN-A04C-01A	Primary Tumor	Tumor	STAR - Counts
6df72103-ccfb-4a53-b839-2e8c47ec2145	b4e60c29-6c4d-49b4-878e-b91e20e17dad.rna_seq.augmented_star_gene_counts.tsv	4241282	9716aad1296de30b453de82c415c5319	TCGA-B6-A0RO	0b172e29-6166-4863-803d-a0a010887c11	TCGA-B6-A0RO-01A	Primary Tumor	Tumor	STAR - Counts
6e112ec6-1791-4764-8a62-7ad4dfea2d3b	216e4f8a-be1a-41d6-b413-fa4645423caa.rna_seq.augmented_star_gene_counts.tsv	4254264	ab766d646b3d2dff3a44caed1e0a3999	TCGA-A2-A0SX	18d35983-ea6a-4b70-a209-9bef37595956	TCGA-A2-A0SX-01A	Primary Tumor	Tumor	STAR - Counts
6e8e0eef-1fc8-446c-9038-3a06657784ec	0c087071-89ba-4fc8-ab47-c4f1c60fa24c.rna_seq.augmented_star_gene_counts.tsv	4232923	f67c8eee4c4d07d8ed9f1b20c94e25d5	TCGA-E2-A14R	4fba3deb-db94-44b5-a0f2-a575d270779e	TCGA-E2-A14R-01A	Primary Tumor	Tumor	STAR - Counts
6efd37a6-1669-4cdd-95b6-60c688e1e236	304b7293-0a76-4028-9a18-58c87c751ceb.rna_seq.augmented_star_gene_counts.tsv	4212734	c9eecbd1aa38a8078ff41e125d49fc53	TCGA-A7-A0DB	f130f376-5801-40f9-975d-a7e2f7b5670d	TCGA-A7-A0DB-01A	Primary Tumor	Tumor	STAR - Counts
6f3bd40b-98b5-431b-a0b3-c7767b479d7d	053442de-6d8a-4811-b03c-be1c7a3f207c.rna_seq.augmented_star_gene_counts.tsv	4229868	d8612679b5f9e7a018136cf4f9bb368b	TCGA-EW-A1OX	5fc7ff35-d3f7-4687-8759-3542bd58e988	TCGA-EW-A1OX-01A	Primary Tumor	Tumor	STAR - Counts
6fe2f370-6592-4d85-992c-1b5449a62dbe	c9496c77-cfbf-42db-a862-af0b878b9852.rna_seq.augmented_star_gene_counts.tsv	4269738	d58597b3309b7914ef887449222e95ed	TCGA-A7-A26F	3b7b9c1e-a84c-47ed-983c-9e4b00cbf01a	TCGA-A7-A26F-01B	Primary Tumor	Tumor	STAR - Counts
7000e222-556a-4548-9542-9337ba70f79c	5d282b59-c7dc-4f08-ad05-b5eae4bd8e94.rna_seq.augmented_star_gene_counts.tsv	4250737	8019aac098fb5ec7d61298d6c62c96c4	TCGA-BH-A0C3	7bcf6d42-eb8f-4aa2-825b-38671d4f9e3a	TCGA-BH-A0C3-11A	Solid Tissue Normal	Normal	STAR - Counts
7002e8cb-0d64-4d4b-a483-bf6dec3c2abb	08a14e13-810a-4862-9de9-16b4fea25625.rna_seq.augmented_star_gene_counts.tsv	4229577	9912d7b26bda8c34b71fbb4e7efe9bbd	TCGA-AC-A2QH	67c5f371-3fa9-47c5-8b15-c2dd9acc8519	TCGA-AC-A2QH-01B	Primary Tumor	Tumor	STAR - Counts
707414cc-7f34-41c6-8803-6641521a4069	b1d64529-4f34-4644-b0e7-20606827ccd4.rna_seq.augmented_star_gene_counts.tsv	4221360	376775c07a9d2429cc5360caa4a64415	TCGA-AO-A1KR	b7f74ae1-6f58-447c-be50-a7666eb19d9a	TCGA-AO-A1KR-01A	Primary Tumor	Tumor	STAR - Counts
70c9af7f-8a58-434f-8f45-098ef0450319	e3c0a094-5504-4b74-9e0d-c73e84dc3901.rna_seq.augmented_star_gene_counts.tsv	4217912	9dcb9bb192dacbe97c6b2e994b0178a2	TCGA-BH-A1ES	51ccbf1b-7cae-44ba-991a-11eda8b8c404	TCGA-BH-A1ES-01A	Primary Tumor	Tumor	STAR - Counts
70ea9273-29f3-425a-ba66-5b75db62c9b7	8f6c4058-6bdd-4f85-94ed-874966ffec55.rna_seq.augmented_star_gene_counts.tsv	4244086	bfd0d9a6d3be189dc7dc7a044ff5b7f4	TCGA-B6-A0IE	3f834fa7-6d7b-4b85-98c0-5c55d55b6c95	TCGA-B6-A0IE-01A	Primary Tumor	Tumor	STAR - Counts
70f7e473-4a58-4186-aedd-1bab29bef4f3	abb411d3-1474-4e6e-afa9-23b974d9a557.rna_seq.augmented_star_gene_counts.tsv	4239296	70cc48b08ef3a42863f99b5ea9486d8a	TCGA-EW-A1P5	53d0af48-d7ea-42c9-8695-c614b89b415b	TCGA-EW-A1P5-01A	Primary Tumor	Tumor	STAR - Counts
71175258-a00a-4035-8f33-eb48bf04066f	c98940e5-aff4-4eec-9cd7-708584356a5f.rna_seq.augmented_star_gene_counts.tsv	4233113	858a5ae7fc5cc984d4178cb1edecf7d8	TCGA-E9-A5UO	ed2617c3-5d3b-4688-9283-0f8a10e0b10d	TCGA-E9-A5UO-01A	Primary Tumor	Tumor	STAR - Counts
7125229a-2fc6-402d-bd87-ad0d3195fd49	c024ea4d-8f0e-4fba-b793-5d2e767744db.rna_seq.augmented_star_gene_counts.tsv	4247725	00ed9b04396fc4948c4dda81c895a722	TCGA-HN-A2NL	124b693c-77dc-4fa8-b703-54e8b5054a92	TCGA-HN-A2NL-01A	Primary Tumor	Tumor	STAR - Counts
7140b89b-50b6-42ed-a69d-1cbc7901d530	071e21e7-a494-4d87-ab48-1cb334e0d992.rna_seq.augmented_star_gene_counts.tsv	4243780	c3615bbd56274c9a54663ca969044d47	TCGA-GM-A2DN	56bbd282-b88d-4730-9242-ab97d08dc83a	TCGA-GM-A2DN-01A	Primary Tumor	Tumor	STAR - Counts
71ce6854-2231-48ad-ba1b-54bb4ec7d713	c50bf088-8ad3-495c-b7b5-1eca9bb546ba.rna_seq.augmented_star_gene_counts.tsv	4243394	eec3e72e22419d2e8aee420e22369430	TCGA-C8-A12V	7e1673f8-5758-4963-8804-d5e39f06205b	TCGA-C8-A12V-01A	Primary Tumor	Tumor	STAR - Counts
71ea0cc0-d979-4efd-a670-1e8e8a329aca	0394cdb2-85e8-4cea-b572-4cb4ed779774.rna_seq.augmented_star_gene_counts.tsv	4261808	d443efb846b5ff9e8c5543b03b34a9ab	TCGA-EW-A1J2	a381275f-8858-4793-a8a2-0ca9db7274c8	TCGA-EW-A1J2-01A	Primary Tumor	Tumor	STAR - Counts
7235fd65-e9cb-45f1-ac78-cad80823325e	b021039d-26c3-4851-9641-ddd81e408339.rna_seq.augmented_star_gene_counts.tsv	4252760	b8849d5006f38f71d2d85d90b54e5961	TCGA-AR-A1AR	eda6d2d5-4199-4f76-a45b-1d0401b4e54c	TCGA-AR-A1AR-01A	Primary Tumor	Tumor	STAR - Counts
7286a685-17ef-4ef5-9b7b-2696c6e7e1a6	3572211c-0611-4d67-9e71-c5a8f704bd1f.rna_seq.augmented_star_gene_counts.tsv	4240106	24f2aa8e80fb2cdae453f315f388cc09	TCGA-PL-A8LV	389e5b18-8f89-41a9-9fa5-efd4172836e2	TCGA-PL-A8LV-01A	Primary Tumor	Tumor	STAR - Counts
7300d49e-2e8c-42e0-873a-1674a19b71e6	fb27491d-a418-4957-a387-9a4e4de84b06.rna_seq.augmented_star_gene_counts.tsv	4245722	c770b3c4792dbef0ee954fc01e8fa208	TCGA-D8-A1JF	dcd5e079-813a-4c1a-b320-0931468d2bbc	TCGA-D8-A1JF-01A	Primary Tumor	Tumor	STAR - Counts
736fca14-66fb-481a-985e-7253f75243a8	217558e4-a5f5-4c72-91b7-b430a17f457a.rna_seq.augmented_star_gene_counts.tsv	4251169	d37ead104075a6695095f3d09f2d580a	TCGA-BH-A0BS	2b22db1d-54a1-4b9e-a86e-a174cf51d95c	TCGA-BH-A0BS-11A	Solid Tissue Normal	Normal	STAR - Counts
739fe30a-4fae-4f4d-a360-3ab300a4848a	52064107-3c37-45b1-aa6b-a14a98352f9d.rna_seq.augmented_star_gene_counts.tsv	4254739	471ddfc560463bfb4b70b40c18567a9f	TCGA-BH-A0DV	96b9c7db-1be1-4b60-b47c-26b654c3d64c	TCGA-BH-A0DV-11A	Solid Tissue Normal	Normal	STAR - Counts
73ac99d6-d01b-45d9-8df2-205610109911	8095ebc6-d293-4668-9d83-8b3f35dd198d.rna_seq.augmented_star_gene_counts.tsv	4244853	ee2f282c586ecff2c08cfdac86e5f9ca	TCGA-AC-A23E	e7bae6e7-f779-449d-92b9-66996041e00d	TCGA-AC-A23E-01A	Primary Tumor	Tumor	STAR - Counts
73aeda8d-ef07-4d3d-a0fc-643943dd046a	e97a2bf2-c5bd-4dbf-9940-450a8a99e9df.rna_seq.augmented_star_gene_counts.tsv	4237805	ca1a4d3862621d92c68488cce0894cad	TCGA-BH-A0DH	491b6364-1223-474f-816f-e248c8c841e2	TCGA-BH-A0DH-01A	Primary Tumor	Tumor	STAR - Counts
73edea85-f978-4c99-b9c3-fda3ffc6a065	f8efdeb0-a8f8-4e2d-a52e-43d033e4ce6f.rna_seq.augmented_star_gene_counts.tsv	4249680	d0b44db8b3ceea8f9f5b9634a670fba4	TCGA-C8-A12Y	298a1710-deb4-4064-a0f2-da32d43aa217	TCGA-C8-A12Y-01A	Primary Tumor	Tumor	STAR - Counts
742a677b-e99b-4916-bb92-3536c55ee5e3	594263d2-e787-4e14-a2de-8f57727de001.rna_seq.augmented_star_gene_counts.tsv	4249609	1eee36e9d0b995b3abd47aaa3bab156c	TCGA-BH-A0BG	4f608829-ffc4-4527-886e-6bc764ab29f5	TCGA-BH-A0BG-01A	Primary Tumor	Tumor	STAR - Counts
744a6d3d-b666-49aa-8d26-47f34e3d1eb5	94027f46-390c-4dda-ab89-cb1ac0a291cd.rna_seq.augmented_star_gene_counts.tsv	4231952	4a91710ffccd29966a3374ffaf14abec	TCGA-BH-A18H	878f975b-94fd-4d69-b7e7-1ed3ac2ee438	TCGA-BH-A18H-01A	Primary Tumor	Tumor	STAR - Counts
7493bcbc-658d-4789-a25c-9a990dcd44b8	62aa3903-4f3b-4693-b5e5-fc5abce184de.rna_seq.augmented_star_gene_counts.tsv	4252355	9bee5e67f40ea06b24554fee3f43e127	TCGA-D8-A1JD	530ad151-703d-4638-851f-0b5111ff318b	TCGA-D8-A1JD-01A	Primary Tumor	Tumor	STAR - Counts
74b16304-eb3f-4311-9b2e-dbf5eac89b44	96cd848e-50fc-4244-beec-8d18b1703fff.rna_seq.augmented_star_gene_counts.tsv	4251347	cbc918e5f4d4a1de1a82f240a9135abb	TCGA-E9-A228	b95eef8a-205f-4cf8-9d3c-ae51d406e1e0	TCGA-E9-A228-01A	Primary Tumor	Tumor	STAR - Counts
75182885-7501-49b1-bb0d-8a88da1080a3	0965a7ff-1a9f-4cc6-a822-970390b2de58.rna_seq.augmented_star_gene_counts.tsv	4245349	59df9be9f00b5d6de76aa042f856684a	TCGA-BH-A0HK	24334ac1-28a3-4b61-b590-3f51e375b247	TCGA-BH-A0HK-11A	Solid Tissue Normal	Normal	STAR - Counts
75a7e5eb-1db8-4858-9a9f-78abea32ccd4	f1060adb-bee8-41f6-8997-2926d8967f33.rna_seq.augmented_star_gene_counts.tsv	4241650	24427005e659ab1d01acab3a785222b4	TCGA-E9-A3HO	807b62ed-d3f7-4211-83be-754386ff2c96	TCGA-E9-A3HO-01A	Primary Tumor	Tumor	STAR - Counts
75d5bcb2-3055-4b6a-822c-1aa37a9f1337	b8542fa9-5521-48bc-ae1b-4e12a1744e0d.rna_seq.augmented_star_gene_counts.tsv	4243035	b99bf9b3190e506ff106247a3f820385	TCGA-A2-A0EV	7032ec9c-e96b-4642-a7b6-d0aee7a3add2	TCGA-A2-A0EV-01A	Primary Tumor	Tumor	STAR - Counts
760131f1-5fbf-469f-9629-43733014953d	039eaafb-c311-45ff-9df7-30c1b0bab00a.rna_seq.augmented_star_gene_counts.tsv	4243960	97b9aa35ae268d685ce0dba0b9b94744	TCGA-BH-A0EI	22b35927-1c3f-4f98-ba42-deafc56b677a	TCGA-BH-A0EI-01A	Primary Tumor	Tumor	STAR - Counts
76267112-851f-4f5b-af40-f3c90af1b2ce	bd35c087-9a96-4f86-99f2-1a2a8936471a.rna_seq.augmented_star_gene_counts.tsv	4243325	934a1ec2573ee5c5a60a10c5a0446372	TCGA-AN-A0XW	39de7761-e762-4811-b95c-8216b79ae06b	TCGA-AN-A0XW-01A	Primary Tumor	Tumor	STAR - Counts
762adf07-6d7a-4d02-98fb-16fffd548a93	f518ad50-78d8-4b0f-a6b0-07bad20462ce.rna_seq.augmented_star_gene_counts.tsv	4237189	750cb4e4274016eddf6f3ca7538cbfc2	TCGA-A8-A09A	b205bba0-1870-4458-9088-8817e20389fe	TCGA-A8-A09A-01A	Primary Tumor	Tumor	STAR - Counts
76367cee-b571-49e5-8121-9e69f906c230	370e6381-c31a-475b-b2c7-2c5de9e2c8ec.rna_seq.augmented_star_gene_counts.tsv	4243147	b1b4376814fb72021f3f9d939976742f	TCGA-A1-A0SG	0ed9ad26-7fdc-4d75-93f9-d029eee94993	TCGA-A1-A0SG-01A	Primary Tumor	Tumor	STAR - Counts
76bcf698-d2da-42de-b33c-c5deb721c643	1a2bc49d-edc6-4b84-88f0-73b6ed250d1b.rna_seq.augmented_star_gene_counts.tsv	4233132	ce44205e8457d0a0303352a0b74b49ab	TCGA-BH-A1F6	ad18820b-a804-49c0-ba8a-86c09fa6bce2	TCGA-BH-A1F6-01A	Primary Tumor	Tumor	STAR - Counts
76cff555-d8a3-46d1-ac93-12d856adb445	dbd18198-74a5-410d-bf38-08a0ca2fb207.rna_seq.augmented_star_gene_counts.tsv	4237075	832519c51c665cd663179fceae7e951d	TCGA-E2-A15K	17c1d42c-cb84-4655-a4cd-b54bae17ecaf	TCGA-E2-A15K-11A	Solid Tissue Normal	Normal	STAR - Counts
76d94448-4fd0-4476-af15-3c845d70851d	692ea666-b4ac-4e92-b712-96a67edaef56.rna_seq.augmented_star_gene_counts.tsv	4251095	16ac528747ee685d4d29673632a653a7	TCGA-E9-A249	fb3607eb-858e-4ecd-8477-95140658c6d2	TCGA-E9-A249-01A	Primary Tumor	Tumor	STAR - Counts
773071d4-438a-4da7-b833-d2d172c4c4e2	358a0311-c6aa-456d-a52b-6b6b08b0a863.rna_seq.augmented_star_gene_counts.tsv	4246902	8fd28d178841468e8ff7473d1521e1af	TCGA-BH-A1F2	6a2972e3-cca9-47e5-aac0-b770f2399eeb	TCGA-BH-A1F2-01A	Primary Tumor	Tumor	STAR - Counts
774133e2-dfca-4918-9be9-8727fc99fe26	666548b5-7b80-42af-80f3-207063c35b3b.rna_seq.augmented_star_gene_counts.tsv	4259623	0c64a8a71cf9646c70c7b0e4e27f0b07	TCGA-A8-A096	d7cac141-9269-4733-83ce-e1bc0b503254	TCGA-A8-A096-01A	Primary Tumor	Tumor	STAR - Counts
7774e389-c3c5-4abf-846c-4e8eead7e521	20658f84-7e36-440f-9e88-08eab304813b.rna_seq.augmented_star_gene_counts.tsv	4239760	4241180e56e3e204ec12d2342f790a28	TCGA-AR-A1AI	9848307d-1bd5-40c1-b655-a33297aaf74f	TCGA-AR-A1AI-01A	Primary Tumor	Tumor	STAR - Counts
778642d9-e4e2-4ae8-a900-b2e663c9d5b9	1c9253df-acb7-492c-aaa8-7718fc778f13.rna_seq.augmented_star_gene_counts.tsv	4248379	6698f2d763df998e1daffe16525fbc78	TCGA-AC-A3BB	048549cf-d0a5-4743-a0a1-2004f7cc2b08	TCGA-AC-A3BB-01A	Primary Tumor	Tumor	STAR - Counts
7789d241-991c-4cc9-a557-69d5c439b930	24edd191-20a1-4887-951a-3f0a753d43f8.rna_seq.augmented_star_gene_counts.tsv	4247062	8f7631f85d417d7bd602d33ecc0f2d8d	TCGA-BH-A0WA	786e8dbe-442e-4551-87b3-b4c333b04dd4	TCGA-BH-A0WA-01A	Primary Tumor	Tumor	STAR - Counts
77cdf045-d52d-4cc1-b2f1-e2b0d106af0f	51538db5-edf3-40bc-ae5e-dc9b552e8b53.rna_seq.augmented_star_gene_counts.tsv	4254997	e7ef14eb002af5031597a908fee53e0b	TCGA-AQ-A1H3	82ec33dd-e783-4c74-9a87-797a699e11df	TCGA-AQ-A1H3-01A	Primary Tumor	Tumor	STAR - Counts
77e51e8b-b21e-458a-9d00-217baa96d771	28f3a34c-f73a-4d10-8c0a-23e578866289.rna_seq.augmented_star_gene_counts.tsv	4246807	b9fdd342c07759148cabcd2a8c2aee62	TCGA-BH-A0E7	d3b9d925-ae04-4721-8bfc-50b41225bc74	TCGA-BH-A0E7-01A	Primary Tumor	Tumor	STAR - Counts
77f150b1-5f40-442d-91c5-6d3571513513	1fc52882-bc89-4a45-a96e-5e051420c513.rna_seq.augmented_star_gene_counts.tsv	4234221	8c118d2c7cc6f4308955bfd4a2849a1c	TCGA-BH-A0RX	e828455d-4680-41b2-8a1c-1582e3790d62	TCGA-BH-A0RX-01A	Primary Tumor	Tumor	STAR - Counts
7806768a-e8c6-48b0-a241-c036c230e78b	341e11ea-c1b6-4d66-999c-76ebb9c8b342.rna_seq.augmented_star_gene_counts.tsv	4243730	f9877b5367930f2eb95e2b53f25ccb29	TCGA-AO-A03U	0685edd2-ce1c-4e0e-8dda-393139af4223	TCGA-AO-A03U-01B	Primary Tumor	Tumor	STAR - Counts
7814e438-105f-4d5b-94fe-8c66e95585ea	cfbfbac5-7f44-4537-9a1c-088075a936e6.rna_seq.augmented_star_gene_counts.tsv	4255970	af41be3a78fe9984bb3eebfe07bc9064	TCGA-AR-A24L	de646f6a-6d50-4be2-b3cd-f17554b234df	TCGA-AR-A24L-01A	Primary Tumor	Tumor	STAR - Counts
783b4e4f-d65d-4025-a7ce-99a7e86255e9	45472a71-92d9-4492-9647-f1e8adb9cdea.rna_seq.augmented_star_gene_counts.tsv	4231042	40d77933ff2f402c85a70a9090e049dd	TCGA-E2-A1IJ	b09643c2-ded5-4346-b3c5-90a48f88a02e	TCGA-E2-A1IJ-01A	Primary Tumor	Tumor	STAR - Counts
7860a938-e43a-4c3a-83b4-6578cea95df8	a0ea30b4-a6e0-4f46-a0ee-5d552c8b6d68.rna_seq.augmented_star_gene_counts.tsv	4236444	a3062bde1fb3fd2538de9d4ef431eebe	TCGA-E2-A150	4ac693e9-10f3-46b3-9d46-df3af7b0d259	TCGA-E2-A150-01A	Primary Tumor	Tumor	STAR - Counts
78805478-bf7a-4d7b-8c4f-15e334430efd	ed9b3b6b-c2c2-41a2-ac61-dd2cfbb321ba.rna_seq.augmented_star_gene_counts.tsv	4241329	952b64bcfd7f856f5d1bd19245986d5d	TCGA-E2-A15H	5580b21a-2cdb-4777-ad79-6e06654144f5	TCGA-E2-A15H-01A	Primary Tumor	Tumor	STAR - Counts
7882ff91-e415-48ae-9151-26b55f1cfc57	2b5864c9-7577-4e93-8d22-1f45a98267f1.rna_seq.augmented_star_gene_counts.tsv	4221522	3337bb07f0afd8b6d06911ba132616c0	TCGA-BH-A0E0	20e8106b-1290-4735-abe4-7621e08e3dc8	TCGA-BH-A0E0-01A	Primary Tumor	Tumor	STAR - Counts
788a4858-c6c6-4a8d-9aef-dbd32d74776b	5cf049e5-d45c-4601-8f67-1fdc0b1918a9.rna_seq.augmented_star_gene_counts.tsv	4231580	a5e2ae65d787013597fea10507e45a1e	TCGA-A2-A0D1	084c6aec-94f7-4090-8f3f-59fa9e89721a	TCGA-A2-A0D1-01A	Primary Tumor	Tumor	STAR - Counts
78b9cc4c-a99b-4814-9538-3cf9515af75b	16bd1ebb-5bf9-4839-99bd-5a4d3dcad7b8.rna_seq.augmented_star_gene_counts.tsv	4240298	d7bd044cb0033509c72aeba4cc14ee84	TCGA-A8-A09D	36449392-de76-4ee9-bc09-627a07e18727	TCGA-A8-A09D-01A	Primary Tumor	Tumor	STAR - Counts
7915bbbc-7e5b-4439-bea4-12fc7f639d6d	e1edc70f-0307-4283-9efc-77feb465c9df.rna_seq.augmented_star_gene_counts.tsv	4249038	595e5d383e4876c749c355dfa9e64eab	TCGA-AQ-A1H2	4d120899-9a80-4736-b097-285e9e261bcb	TCGA-AQ-A1H2-01A	Primary Tumor	Tumor	STAR - Counts
793d3caa-8353-4536-83e5-711215bd51e9	6fb7c578-dec9-4fe8-a9bf-3888bb765658.rna_seq.augmented_star_gene_counts.tsv	4261275	c1fea334fbbbefbbdc72b89afd1681e7	TCGA-D8-A1JH	4d1bf9e6-5837-4aed-b568-92f014ed5a4b	TCGA-D8-A1JH-01A	Primary Tumor	Tumor	STAR - Counts
798e4669-4ca3-4af1-b713-be2b1f30e4dc	09c3168a-9886-4095-a5ef-8bdcd0988dea.rna_seq.augmented_star_gene_counts.tsv	4243574	82465d7435c8723ad8f33bd53cbe9c01	TCGA-GM-A3NW	6ddaee34-46eb-490c-bd13-f0ab963c4322	TCGA-GM-A3NW-01A	Primary Tumor	Tumor	STAR - Counts
79bfddcc-1d7b-43a7-9221-8f230eca31d8	0a9e33db-2527-4cc3-8669-a7c10fed7a7f.rna_seq.augmented_star_gene_counts.tsv	4246586	c94ae93a767f6caf665d78068530cbfb	TCGA-A7-A0CD	09765b0a-94f6-47d2-af56-93368084ac3a	TCGA-A7-A0CD-01A	Primary Tumor	Tumor	STAR - Counts
79d67844-5389-40ee-a1fd-5b19ecf81b73	d251e6b4-0c25-42ec-b090-daa81ee80a0e.rna_seq.augmented_star_gene_counts.tsv	4261671	f12ede9d52adac1a3849f181108c7856	TCGA-A7-A2KD	92654f8d-5137-4ffd-aaa3-5ae38eb88226	TCGA-A7-A2KD-01A	Primary Tumor	Tumor	STAR - Counts
79f97f73-b650-49cf-8654-53038a6c0de7	be880db8-920f-4bd8-9f67-34e3ddd61f2c.rna_seq.augmented_star_gene_counts.tsv	4244110	c80e57b25fb12e2abc12c3c2c2e39f55	TCGA-AO-A03L	1174f6e4-ffbe-4e59-a000-8d861c968369	TCGA-AO-A03L-01A	Primary Tumor	Tumor	STAR - Counts
7acdca8d-6231-4077-b7ac-eec857c43092	17efe3f1-a97a-4e26-b28a-98702fd3c42b.rna_seq.augmented_star_gene_counts.tsv	4242402	a4c66396d1bc675300eed549ef0c87fa	TCGA-AR-A2LR	d093173f-08ab-4138-bf3c-399c45a6e163	TCGA-AR-A2LR-01A	Primary Tumor	Tumor	STAR - Counts
7ae79f8e-a8fa-4030-b46a-458db80a36c1	f6c907ac-5dc9-4bdc-b7c6-3bac9f9059d3.rna_seq.augmented_star_gene_counts.tsv	4252938	d80490fab84f50a37328634e39e1b619	TCGA-E2-A14T	e0929c47-cff3-4518-a188-8764af01073a	TCGA-E2-A14T-01A	Primary Tumor	Tumor	STAR - Counts
7af23ba7-e5bf-41b9-b91f-5709321dadb7	073939c1-c857-4340-8a5f-a7b87d2349c3.rna_seq.augmented_star_gene_counts.tsv	4245444	61a7769a4281952680536289b6690c46	TCGA-AR-A24U	241fffc8-4250-4cfa-b2e7-e68c33ae07dc	TCGA-AR-A24U-01A	Primary Tumor	Tumor	STAR - Counts
7afb1455-c2b6-4ae2-95ec-682ae7df34a2	7b3d0a19-0cbc-4e8a-be16-76693e100e4c.rna_seq.augmented_star_gene_counts.tsv	4257074	0c3266b809b5f12568a98c691bec8024	TCGA-BH-A28Q	32861b48-83f5-43a3-bb54-45215ad2c5d6	TCGA-BH-A28Q-01A	Primary Tumor	Tumor	STAR - Counts
7aff89e2-86cb-43d8-96cd-341c02ebdd49	bc4ac436-ed5f-4774-867d-a6bdd7e14486.rna_seq.augmented_star_gene_counts.tsv	4253806	b4efc30b9af6617d16af8decb974d51b	TCGA-C8-A3M7	959ff069-8a49-4c9b-85c2-5291cac0acff	TCGA-C8-A3M7-01A	Primary Tumor	Tumor	STAR - Counts
7b188e2a-4a56-49f9-b527-cd61a646f6c7	cd215363-3f4a-4928-9dbb-60735f4c27ce.rna_seq.augmented_star_gene_counts.tsv	4241439	33c3be660963e577f2ae8412135cd7dc	TCGA-BH-A0EE	ca76c6fc-ff30-4833-884d-3a94fe53ff17	TCGA-BH-A0EE-01A	Primary Tumor	Tumor	STAR - Counts
7b4d770a-2b8c-4ca5-bf51-c4745c5de39a	ae8996bd-b0b7-4f9b-91fa-606f95d49f8c.rna_seq.augmented_star_gene_counts.tsv	4242719	c57324c953948d6cd5d9053052d3effa	TCGA-3C-AALK	c31900a4-5dcd-4022-97ac-638e86e889e4	TCGA-3C-AALK-01A	Primary Tumor	Tumor	STAR - Counts
7b738087-65b1-4c6e-94c4-d0ba6bb17098	c8c213fe-4ab7-4671-81cb-fe09b11fcbe7.rna_seq.augmented_star_gene_counts.tsv	4236371	e6e212e9fe17b3789582cb9aee383836	TCGA-EW-A1OW	f55dd73d-8c36-440b-84e5-9aae53107775	TCGA-EW-A1OW-01A	Primary Tumor	Tumor	STAR - Counts
7b9b6f5f-bd99-421a-a22c-d3fbe110ee73	2b9e2225-fb4d-4bc5-8c9a-58cd993627f9.rna_seq.augmented_star_gene_counts.tsv	4243132	2356f506ebe6d286fe1fd5704bab8426	TCGA-E2-A108	4f04bd10-9902-4a23-b15d-4f4409d79499	TCGA-E2-A108-01A	Primary Tumor	Tumor	STAR - Counts
7ba3b335-cd4c-4b44-a4da-44fa1109a6f0	824f5b0a-44d4-4ccf-9277-1ef752462bb3.rna_seq.augmented_star_gene_counts.tsv	4247739	5a849da011ca0a91c11e3b8bde008148	TCGA-A2-A0D4	75113445-d2d6-44a0-866c-c9175e6d214b	TCGA-A2-A0D4-01A	Primary Tumor	Tumor	STAR - Counts
7baccc3d-54ba-4a3f-8ec0-b54ccd92df45	3d2bf709-b8ab-41c5-a8a0-dd42e7846c25.rna_seq.augmented_star_gene_counts.tsv	4238117	b10eac69016d259bfd0a8c5c082c5968	TCGA-E9-A1RA	4b4e4ea8-6eb9-49ad-b880-c5065fe6517f	TCGA-E9-A1RA-01A	Primary Tumor	Tumor	STAR - Counts
7bcb3817-31ac-4ef5-9038-a9bfebad5869	87506e5d-4ebe-4f0c-a124-ea0add72d2ac.rna_seq.augmented_star_gene_counts.tsv	4228760	1d8f2d187e8c49d2cafaa4b2a1ad5575	TCGA-V7-A7HQ	1285eb55-415c-494a-aa58-936f0427cdd0	TCGA-V7-A7HQ-01A	Primary Tumor	Tumor	STAR - Counts
7be570ba-7f69-431e-88c2-614e92bc88ae	381e687e-c27d-4794-981b-7c3c596a0246.rna_seq.augmented_star_gene_counts.tsv	4230265	30c21337b27e7c1da9d09ba2a5728fc9	TCGA-AR-A24X	491d5ebb-e9ab-4b17-acb8-630ff9fef0f2	TCGA-AR-A24X-01A	Primary Tumor	Tumor	STAR - Counts
7c196890-04a5-496b-ae10-43b95be57d58	1742c1d9-a359-4d9e-b1e4-1d162472e67a.rna_seq.augmented_star_gene_counts.tsv	4249902	b97fe53186b2254d8b18baa39e24900c	TCGA-D8-A73X	1be375fe-5ae5-4e75-a729-69f86a661d9a	TCGA-D8-A73X-01A	Primary Tumor	Tumor	STAR - Counts
7c89d4dc-cccb-4833-9731-be8affb76c89	9053485e-19f7-4d2b-b4b6-361d908cc708.rna_seq.augmented_star_gene_counts.tsv	4249153	2d1f8dd3cc136ba46b9c178a93086ac0	TCGA-BH-A0W4	0772cdbe-8b0d-452b-8df1-bd70d1306363	TCGA-BH-A0W4-01A	Primary Tumor	Tumor	STAR - Counts
7cf427fc-2c7c-434b-84c5-9ea118da110f	75e67bb5-098c-4b48-8f5d-badc72dc4c47.rna_seq.augmented_star_gene_counts.tsv	4260880	aba7b7733a9c7345c35a32119fbcedff	TCGA-BH-A1ET	8986a141-eae7-4157-b695-02cc6fc3b071	TCGA-BH-A1ET-01A	Primary Tumor	Tumor	STAR - Counts
7d0189e8-9726-439a-b5e4-b650bc33794b	488d0d81-4872-4204-b8e8-745e64a35d65.rna_seq.augmented_star_gene_counts.tsv	4257448	a226781deb6b2498d54ed44ebe7ed4e2	TCGA-BH-A0C7	e1119732-3e97-4259-bc69-dc4269d9496d	TCGA-BH-A0C7-01B	Primary Tumor	Tumor	STAR - Counts
7d1c40bf-6119-4f2b-bb33-3ba23546799f	b0a1f575-657f-4277-95dd-0e02e77279fe.rna_seq.augmented_star_gene_counts.tsv	4257241	dfb54e76bcca6bc490238c6f73cfe026	TCGA-LD-A7W5	a06ff6ae-b0dd-4516-a75c-0db71694b46b	TCGA-LD-A7W5-01A	Primary Tumor	Tumor	STAR - Counts
7d496f9f-8a04-496a-ad25-68b1b72f864a	c07a2fe2-d51d-4fd6-a36e-9f04fc3b6c05.rna_seq.augmented_star_gene_counts.tsv	4246838	28b5125dd051111339fbb56dcc9a7b18	TCGA-D8-A1XK	97943d87-fed7-4f14-a0a7-c5bfee64c392	TCGA-D8-A1XK-01A	Primary Tumor	Tumor	STAR - Counts
7d5e390d-86f3-4988-9606-aeedabd31b52	fd5d7370-2c7c-4f6e-a236-e25366e463a8.rna_seq.augmented_star_gene_counts.tsv	4235581	6e51438920b5592778ea479f4940e5eb	TCGA-A2-A0T4	b0f8d698-a30e-4d8d-b0a2-a5a01fac8406	TCGA-A2-A0T4-01A	Primary Tumor	Tumor	STAR - Counts
7d8935d4-33df-4a11-a352-e4e1acc563a4	8f51e90d-f617-4ed2-bbc7-7bcd92d1963d.rna_seq.augmented_star_gene_counts.tsv	4251590	4841c35510bd1870737098e6da266d61	TCGA-AN-A0FX	13b860c3-8048-4dc9-9eb0-7480bc660837	TCGA-AN-A0FX-01A	Primary Tumor	Tumor	STAR - Counts
7d904415-9887-4738-99ae-66dcd60084ac	063a4886-ee4d-43a9-95c1-25a0c0b2d85d.rna_seq.augmented_star_gene_counts.tsv	4244927	c285f27f0ab9a14434675d0c81ff4340	TCGA-A2-A0D3	4a16429b-884f-4c95-8683-feeedf0d6a55	TCGA-A2-A0D3-01A	Primary Tumor	Tumor	STAR - Counts
7dace9fc-28bd-44fb-9e97-6319eb30bb05	0c13d041-ca8d-48cc-ba02-3b7889e5367c.rna_seq.augmented_star_gene_counts.tsv	4251572	2baaa1411fc7dedf03d2f8014837355e	TCGA-D8-A1XS	1026e0bf-5640-4fa5-b65f-4f11e8e76b18	TCGA-D8-A1XS-01A	Primary Tumor	Tumor	STAR - Counts
7dcadaff-5d95-4ba6-9ce7-50bb2e5f17aa	5ee2f830-f808-4e6c-89c1-6c90859958e1.rna_seq.augmented_star_gene_counts.tsv	4239833	1200f4048ce15ab6f8314d7d18d0440a	TCGA-C8-A138	b6c286c6-2755-419b-87d3-59c7feda9653	TCGA-C8-A138-01A	Primary Tumor	Tumor	STAR - Counts
7e035247-3586-443f-a94c-0addbaf3b17f	5bd46a5d-2390-421c-a7aa-90ba77fed60d.rna_seq.augmented_star_gene_counts.tsv	4250738	89af7fb1c91b9555027784480d130477	TCGA-AR-A24R	db62d9c7-8343-4771-84fc-146d2e307bb8	TCGA-AR-A24R-01A	Primary Tumor	Tumor	STAR - Counts
7e0c78b6-4020-47b6-a8bf-46cf290c5c85	ce9d6d3a-9ab8-4586-a587-3d4bf00445a5.rna_seq.augmented_star_gene_counts.tsv	4248824	7e8b36dbb9df8b651eca63f9a8510b40	TCGA-BH-A2L8	bac4b268-c781-4408-96d8-43a48fec7418	TCGA-BH-A2L8-01A	Primary Tumor	Tumor	STAR - Counts
7e915086-4926-4670-9f43-e35e2d04d6c5	a091a049-ebb1-465c-bf2e-b2abd72e4901.rna_seq.augmented_star_gene_counts.tsv	4263010	0b069131bacfafbc6dfe82e2946068f2	TCGA-AC-A3OD	f2622cdb-ac92-42b3-a1ca-67e133c3dd4a	TCGA-AC-A3OD-01A	Primary Tumor	Tumor	STAR - Counts
7efb7266-28ee-41d3-912a-b0f67135216f	3fd9c506-ed43-45db-bff4-6e968ac19564.rna_seq.augmented_star_gene_counts.tsv	4243900	b9f90643aa93ab077320f9be87a8e6a7	TCGA-E2-A14V	3144f1fb-4342-4079-bfe8-940da4bfd88e	TCGA-E2-A14V-01A	Primary Tumor	Tumor	STAR - Counts
7f1cbb4f-aecf-42be-91cc-fb35d03447df	ca34cd1c-026e-4641-a9dd-ac1a9b4f243b.rna_seq.augmented_star_gene_counts.tsv	4242705	1eea804618c08a6feb11d5eb0fb2a286	TCGA-AO-A0JE	36fe6152-f61e-4948-9ccc-23ac01a9d77d	TCGA-AO-A0JE-01A	Primary Tumor	Tumor	STAR - Counts
7f2773df-bece-43e0-94ff-46ba7dcf713e	948f1e9e-702b-4f42-a766-fb6b4976b14d.rna_seq.augmented_star_gene_counts.tsv	4248415	42023e4ce58c9b6f01cdaf9aeafc3e1f	TCGA-A8-A06O	69054195-9e93-49e5-b820-69b0091cc2d4	TCGA-A8-A06O-01A	Primary Tumor	Tumor	STAR - Counts
7fa9ad2e-67a7-449f-be73-9e18dc46b529	5d5bb9d2-2244-4673-99db-653609cf5de2.rna_seq.augmented_star_gene_counts.tsv	4258120	c2c58944ad7816d2b276096ba80553c5	TCGA-AO-A0J4	a9b7d7fe-be31-4f71-afee-c1bfdf511888	TCGA-AO-A0J4-01A	Primary Tumor	Tumor	STAR - Counts
7fadaf69-2a7b-4eca-aec9-c2f2b43eab3c	1100a85c-823d-417b-a764-9282ec8593a5.rna_seq.augmented_star_gene_counts.tsv	4235280	2b5f96118cebbb127eaa65c26f43971e	TCGA-EW-A1P3	1ff85ada-3cdd-4afb-b311-2c7befb52702	TCGA-EW-A1P3-01A	Primary Tumor	Tumor	STAR - Counts
7ff8696e-3809-4b96-9259-be654631d952	db01aba1-3a00-4bf9-9f24-8fba144144f3.rna_seq.augmented_star_gene_counts.tsv	4229193	1aa5c4f02df1ba2a160bd1c705f8658c	TCGA-B6-A0WT	d7195183-9fe4-4b17-bcfd-9367d2e539ce	TCGA-B6-A0WT-01A	Primary Tumor	Tumor	STAR - Counts
800ca72f-4bd7-46d7-904b-bcda2fa3500c	c58a5583-7b04-4b67-9372-e161e18d7de1.rna_seq.augmented_star_gene_counts.tsv	4256989	b5dc20e532aea0ccd78a17051879c228	TCGA-C8-A26W	ff0f875f-113a-4c0f-8c0a-4259cd496e6d	TCGA-C8-A26W-01A	Primary Tumor	Tumor	STAR - Counts
80563e43-422f-458b-a543-6b1dad9171e5	e619e3c8-f6eb-4b0a-bf17-005ccbe269bb.rna_seq.augmented_star_gene_counts.tsv	4244434	08d692f5cf82e5f854d9db052cd15fff	TCGA-AN-A041	316e021c-5175-4ab3-bdb6-2bf9683f657a	TCGA-AN-A041-01A	Primary Tumor	Tumor	STAR - Counts
808f4ac6-9bc9-402f-be36-b7ec8658c150	769dff27-1f9c-422d-8ba0-703136a9d5ca.rna_seq.augmented_star_gene_counts.tsv	4242848	3f73ce9f5bf6fea02f6296671de01400	TCGA-E9-A1R7	2680da86-c977-4611-b75f-df015283c023	TCGA-E9-A1R7-11A	Solid Tissue Normal	Normal	STAR - Counts
80902247-a485-4374-836b-4b67db4c4981	2e41a573-7a9d-4f96-873f-48aa12b3ab96.rna_seq.augmented_star_gene_counts.tsv	4237655	e51751a6d18ff9f79fc3a81732e851a4	TCGA-D8-A1Y3	632984bd-dc81-42b6-b024-476cfd0bb2ae	TCGA-D8-A1Y3-01A	Primary Tumor	Tumor	STAR - Counts
80c3e656-26e4-4b45-acce-fac1a0c09d28	e862a544-f553-47fa-ba8b-675e0ce7c5bd.rna_seq.augmented_star_gene_counts.tsv	4248935	53b5125b02e417825e72511b0e324d40	TCGA-B6-A40B	8539e15f-ba40-4219-aaeb-08d0ab101311	TCGA-B6-A40B-01A	Primary Tumor	Tumor	STAR - Counts
80d565a0-59f6-409e-8850-5d4e2b5b996d	9da89066-8d82-4ace-80e1-889d3c73c8eb.rna_seq.augmented_star_gene_counts.tsv	4248823	c8cfbdeff2091175e907ba10d9a314d5	TCGA-B6-A1KI	1dafdd64-527d-4d46-bbdf-7a97774f881b	TCGA-B6-A1KI-01A	Primary Tumor	Tumor	STAR - Counts
81138059-5789-4ea7-84e9-1490aa53a283	35ded490-54db-46b8-bc62-a5a9314cf0b2.rna_seq.augmented_star_gene_counts.tsv	4219156	86428e045962f6b4dc7fab3fb3668b71	TCGA-BH-A0H9	0f64edec-0f1f-4025-8a53-75f9534f7828	TCGA-BH-A0H9-11A	Solid Tissue Normal	Normal	STAR - Counts
812eeeed-1222-4add-b6d1-f53ae2669218	f04a6a90-d4d9-4b17-afaa-f97044ff4b6a.rna_seq.augmented_star_gene_counts.tsv	4239418	813e9364bff65ea33e0b68594743844a	TCGA-A8-A090	f4b69043-4a67-48e3-a4d1-72a21ae2d175	TCGA-A8-A090-01A	Primary Tumor	Tumor	STAR - Counts
81801e72-d293-42e0-8871-5468e33b6d89	08ccd8d6-3e9d-4ece-a421-98acaf272569.rna_seq.augmented_star_gene_counts.tsv	4236872	67ff15d32b6b4b56915dea3526725e58	TCGA-BH-A0B6	fa4e082a-d213-412e-8d91-842a6f4bef12	TCGA-BH-A0B6-01A	Primary Tumor	Tumor	STAR - Counts
819746a4-f2c1-4fc2-8dbe-b9c34892d510	5a3c544e-069c-4d6b-b7b7-0f41ff71dee2.rna_seq.augmented_star_gene_counts.tsv	4229985	22f5388d9626feb727548568de91d610	TCGA-A8-A09W	452672e8-b6d9-45b5-bb02-e88e03e2dd66	TCGA-A8-A09W-01A	Primary Tumor	Tumor	STAR - Counts
81f86e31-55db-4483-b6e0-55451ffbd1db	a31cd337-8f1a-451d-9b90-b722590d3105.rna_seq.augmented_star_gene_counts.tsv	4251415	62fdcfc9517e3d2d318f97386003af4f	TCGA-AO-A03M	095c7985-3842-494f-b591-706ad1cd2133	TCGA-AO-A03M-01B	Primary Tumor	Tumor	STAR - Counts
82004d79-07d3-4a01-b266-4d36353ba561	e38d31b7-ad89-4fff-93d5-05f49998727b.rna_seq.augmented_star_gene_counts.tsv	4255419	cab5ae5cef16e840b8bd7d3b20f8a0d7	TCGA-E2-A1L6	2e32f31f-9817-4935-b259-96c59936ee33	TCGA-E2-A1L6-01A	Primary Tumor	Tumor	STAR - Counts
82255740-abaa-47b3-9def-89b0673d1cfb	4387a2a8-5011-44c4-8027-61d5ab3792a0.rna_seq.augmented_star_gene_counts.tsv	4250811	b2c19c37398f8728128318cc6f59fd83	TCGA-AR-A0TQ	5dc1bee9-c44d-4fdc-9ae5-83426c4d6880	TCGA-AR-A0TQ-01A	Primary Tumor	Tumor	STAR - Counts
8256e097-4476-4906-a5c5-c9da288a363a	1a112735-ff30-4c94-953f-444ccad2afe2.rna_seq.augmented_star_gene_counts.tsv	4251168	207573464e83e59b46a1943654e96e82	TCGA-B6-A0RP	451e1a67-47e6-4738-99d7-fb7771ef61a3	TCGA-B6-A0RP-01A	Primary Tumor	Tumor	STAR - Counts
82d46633-2eea-4b43-81b6-addab4f069b4	7fa3f262-b786-4b89-b38f-505bff13c382.rna_seq.augmented_star_gene_counts.tsv	4234184	77b800374a711f33a1970fc5481c8d52	TCGA-AN-A0FK	2f4cbedf-ed7e-45a2-bf34-f1d1e696bdde	TCGA-AN-A0FK-01A	Primary Tumor	Tumor	STAR - Counts
82fea6e8-7c6a-4575-bfcd-c164094538e6	29ce926f-d72e-4064-8a7f-359d86cb9d11.rna_seq.augmented_star_gene_counts.tsv	4252678	402b7ab68b82eb47008bf8ef885bf8bd	TCGA-E9-A22D	cf0a3f38-5850-44e1-8574-808bd37d84a3	TCGA-E9-A22D-01A	Primary Tumor	Tumor	STAR - Counts
836f61df-2b3d-4e1f-abcc-37734091b746	815b70e5-858d-416d-94aa-6749960883ce.rna_seq.augmented_star_gene_counts.tsv	4241117	e0908c4e8ffac4b7a18ab83c36578225	TCGA-BH-A18L	9ddc3e7b-8b54-4a83-8335-8053940f56c1	TCGA-BH-A18L-01A	Primary Tumor	Tumor	STAR - Counts
83707590-e4c8-4e06-98d5-f6c5dc710d1b	85237b9e-67a3-46a2-9c19-3818522994b2.rna_seq.augmented_star_gene_counts.tsv	4235185	8f8b4f994e2ef2a9f99516febfca3794	TCGA-E9-A1RG	8744733a-7b46-43aa-bdef-64876816adbb	TCGA-E9-A1RG-01A	Primary Tumor	Tumor	STAR - Counts
839a4656-f2ce-4460-858a-8e6b314695ef	b36c0e8b-a9b1-46ac-8946-88e64a28ff5a.rna_seq.augmented_star_gene_counts.tsv	4251455	42168a3d98f06934f090e53cceabb6bc	TCGA-D8-A146	03da7a65-fa2f-42cb-a709-5fe8736f21d3	TCGA-D8-A146-01A	Primary Tumor	Tumor	STAR - Counts
83eeba96-e3dc-44a3-846c-43dcc2ff9806	631a9df0-9d81-4b15-9ee6-3ae9f31dcba6.rna_seq.augmented_star_gene_counts.tsv	4227880	5516aaacb60e91486fe3ac104732cba9	TCGA-AO-A0JL	d5d8e76e-2f2a-49bc-ba0a-d51283611b16	TCGA-AO-A0JL-01A	Primary Tumor	Tumor	STAR - Counts
83f2e26b-fefd-4027-ac5e-fa204ec9f084	a455069c-8869-4af8-949c-edfee0a05f51.rna_seq.augmented_star_gene_counts.tsv	4219291	2a196a028ad890402b9b8d4fa7512652	TCGA-EW-A6SB	5c59028f-b8fa-4811-8314-be3eaed5f364	TCGA-EW-A6SB-01A	Primary Tumor	Tumor	STAR - Counts
84225715-14a6-423c-a6d6-15558e151f56	253aa5dc-9853-462a-9bcd-c2e44817833b.rna_seq.augmented_star_gene_counts.tsv	4249569	7c2fae66bc8b2c67e3c385d498f4c4d4	TCGA-3C-AAAU	6e7d5ec6-a469-467c-b748-237353c23416	TCGA-3C-AAAU-01A	Primary Tumor	Tumor	STAR - Counts
842b0c9e-a03d-4074-b0fe-be8d0e056c7d	56bc1e6b-d1bf-4df9-b266-07ff567aad77.rna_seq.augmented_star_gene_counts.tsv	4235828	dbadc7592c847ec9de5c1dc1dd314eb0	TCGA-GM-A2DF	d6f7afc0-1558-43ad-acb1-2b5311ed2264	TCGA-GM-A2DF-01A	Primary Tumor	Tumor	STAR - Counts
8437bf97-2354-40cf-8dc4-631c5d7ae63a	723ed50c-2c78-4a3a-9f6e-9f9e8e264f6b.rna_seq.augmented_star_gene_counts.tsv	4239516	5e0c7ea5b06b7b8b14f2346ac7681ef9	TCGA-E2-A15J	1fef9454-b3e8-4d9d-a9aa-aa1f1a32b80c	TCGA-E2-A15J-01A	Primary Tumor	Tumor	STAR - Counts
845def46-3502-40a8-aff1-8d021906cee5	4abffa72-e45a-405a-b53b-73900d48253d.rna_seq.augmented_star_gene_counts.tsv	4253931	5d9a2e2c4d93a0bc9eb3554a0c759406	TCGA-EW-A424	a6502f17-6bee-4d5a-8520-06364593d39c	TCGA-EW-A424-01A	Primary Tumor	Tumor	STAR - Counts
84ab5edd-38bf-4987-b9af-fa4d1cbdef2c	774f5688-bad0-4a78-b26a-7aceb353e603.rna_seq.augmented_star_gene_counts.tsv	4228023	51deac7af9a8e7c6c5d186aea1584435	TCGA-A8-A07Z	a272171b-44f5-47a5-89be-7520413c01ad	TCGA-A8-A07Z-01A	Primary Tumor	Tumor	STAR - Counts
84cff855-d17a-4c09-b432-53893ae69c1e	03d891b3-8faf-4384-94ce-2015f1ca5df0.rna_seq.augmented_star_gene_counts.tsv	4217372	a047d3255bf04eed49d33a5f41787b6c	TCGA-GI-A2C8	33fe5833-d7a0-43d7-a03d-56985ea448a6	TCGA-GI-A2C8-11A	Solid Tissue Normal	Normal	STAR - Counts
84df6b33-7f6a-496d-8cd7-f523b07fd0bb	5b51c204-3342-46d9-86a4-2ed091492318.rna_seq.augmented_star_gene_counts.tsv	4246042	ca4cc8b1ddd553d365ed288a52d85849	TCGA-BH-A0BF	e6b79d7a-ed6b-459a-b040-d142616e7ab4	TCGA-BH-A0BF-01A	Primary Tumor	Tumor	STAR - Counts
84e36620-ae1e-4221-84c9-3a6f1d11606d	13fc37db-3160-4e82-bd63-52fc295e0e19.rna_seq.augmented_star_gene_counts.tsv	4233734	dc379b3c5f371faa3f5e38c1dc6947d5	TCGA-E2-A154	24e39609-9645-43e5-960b-db5446eaea65	TCGA-E2-A154-01A	Primary Tumor	Tumor	STAR - Counts
8603da6b-3bb9-4fff-b409-c5af2afd53b3	3d31d7a9-76b8-41f4-a037-0dfe6a4ecb0c.rna_seq.augmented_star_gene_counts.tsv	4248499	7d8f562957e01aa81ea217575c415dd1	TCGA-A8-A08T	32bc7cc4-d185-4594-bbee-4b96410be512	TCGA-A8-A08T-01A	Primary Tumor	Tumor	STAR - Counts
8644d07c-979f-4ec6-928a-afe9229fb9f1	38b11e1f-1db0-4733-bdf6-fb64664027d4.rna_seq.augmented_star_gene_counts.tsv	4251863	5bf06be05f9ee83789c5a223b423e1c5	TCGA-A8-A085	3c08aabd-d5b5-4bbe-857c-38a7527b2163	TCGA-A8-A085-01A	Primary Tumor	Tumor	STAR - Counts
86b68671-beef-4a15-aabb-89d79396fd9d	493a8b0a-11ea-4f37-8149-3825aaa04fe4.rna_seq.augmented_star_gene_counts.tsv	4239058	45c718d416fc228afa997270a9a042ce	TCGA-EW-A1P4	521e2140-ae5b-456f-8699-97398d009687	TCGA-EW-A1P4-01A	Primary Tumor	Tumor	STAR - Counts
86b7ddd7-1c59-4937-99ec-b30fa9b4f0bd	a622a28b-a3ac-495b-b696-2a11e0e0e2ad.rna_seq.augmented_star_gene_counts.tsv	4240504	d0a2c7f198b4fabe4dc838ea141863a8	TCGA-BH-A204	05135396-df5c-49db-b34e-f4add5b65a2b	TCGA-BH-A204-11A	Solid Tissue Normal	Normal	STAR - Counts
86ce8513-c2a6-4b5c-9811-904f0eee21a0	8b7eaa6a-3ea9-4bf4-b814-7b2e7dbb3528.rna_seq.augmented_star_gene_counts.tsv	4250241	cd155efe0b14ed790decd3750ae0ef05	TCGA-EW-A1J1	ed6cef77-1bd9-4e3b-b576-550a91e4253a	TCGA-EW-A1J1-01A	Primary Tumor	Tumor	STAR - Counts
86d52d54-1b0d-40b1-99ce-82b4e345acb8	02a4ccea-1464-4664-bc44-bb6569a34608.rna_seq.augmented_star_gene_counts.tsv	4239174	5666516ab5aca50e98dafda08ef7219c	TCGA-A8-A084	3dbe99d1-e3b8-4ee2-b6a8-2e2e12c6fbe9	TCGA-A8-A084-01A	Primary Tumor	Tumor	STAR - Counts
86d6bd3f-d1a8-4b12-bd4f-009cd707ad8b	7d30a479-6d2f-431e-b15c-26736994b2f5.rna_seq.augmented_star_gene_counts.tsv	4238543	ea46cc653fe1f397fb7acac197ce5b41	TCGA-E9-A1R7	2680da86-c977-4611-b75f-df015283c023	TCGA-E9-A1R7-01A	Primary Tumor	Tumor	STAR - Counts
870fb4d4-8366-4bfa-b4c1-04d55eded427	3ef3fd4b-ed5b-41e1-8096-c573cf609bd3.rna_seq.augmented_star_gene_counts.tsv	4243363	29c6ef50a3771244a6aff798945edd05	TCGA-AO-A0JA	86b7b206-8e69-432d-acc9-bccce710955e	TCGA-AO-A0JA-01A	Primary Tumor	Tumor	STAR - Counts
871d28f4-09d5-4f16-8c29-4aa7d247f3e3	ba00c48c-c33e-4dab-beb6-0575ee076dfd.rna_seq.augmented_star_gene_counts.tsv	4252003	915a42e855a0c3a2f05d9de3dd59bded	TCGA-A2-A1G4	e3b555aa-7f0a-49c6-9b13-182c61a144c1	TCGA-A2-A1G4-01A	Primary Tumor	Tumor	STAR - Counts
87af5cf5-08e6-443b-a23b-6221f7433a65	3628bc49-6968-47a8-96e4-e47421a7152a.rna_seq.augmented_star_gene_counts.tsv	4249033	d41df4a45c8c1a4810ceee911ac21fee	TCGA-C8-A12K	6b923e30-2ddc-407f-91b1-c202f1373fbb	TCGA-C8-A12K-01A	Primary Tumor	Tumor	STAR - Counts
87b59374-da2d-41ba-bbde-43a9022eac2c	eee9bac6-9fb4-4b3a-8b97-cebac861a00b.rna_seq.augmented_star_gene_counts.tsv	4243981	19da77b418733b53f4135d98bef8af3c	TCGA-A2-A0CK	5aca16ca-4516-4e27-8249-6914029a7ebf	TCGA-A2-A0CK-01A	Primary Tumor	Tumor	STAR - Counts
87b7171a-7340-4e1e-849b-c52351f23ab0	43c4bdc2-b3fc-4fb0-9f11-f45394c4256b.rna_seq.augmented_star_gene_counts.tsv	4234177	e01f9f6304a85be93cd2bf5dce00e63e	TCGA-A7-A4SE	dbf6f981-15cc-40ad-91ac-a66360405fbd	TCGA-A7-A4SE-01A	Primary Tumor	Tumor	STAR - Counts
87d5686a-5d57-4ce2-b06a-dee5c2926ebf	d920c232-82ae-48f9-98d1-b94bf4a45d8d.rna_seq.augmented_star_gene_counts.tsv	4258553	01c0588f5a3cc8c3dba9848ed6b50728	TCGA-BH-A0B3	18eb4dfc-556f-4bf3-a411-4780209ed1e0	TCGA-BH-A0B3-11B	Solid Tissue Normal	Normal	STAR - Counts
8849e5bf-ff35-4cbf-972c-01fb92201a73	feb7140e-d822-4462-8dfa-7a63805ac740.rna_seq.augmented_star_gene_counts.tsv	4257533	e2a6d47d3a8a4d33f7ed25851b21da3f	TCGA-BH-A208	ddcbdac6-9e43-4146-a611-d033125eba14	TCGA-BH-A208-11A	Solid Tissue Normal	Normal	STAR - Counts
885098b3-2e01-4039-ad15-f3dda5c29dc6	784a9c63-9b40-4f6c-8147-93d0ed523867.rna_seq.augmented_star_gene_counts.tsv	4248195	9c61aa012ed85d39e6491af55f3609e0	TCGA-C8-A274	dbcad60f-86c7-41e3-b0ae-baa39c9f83dd	TCGA-C8-A274-01A	Primary Tumor	Tumor	STAR - Counts
88a16056-cc45-4fee-99e0-f7fc7e1971df	fdadb011-0da3-458f-8b4e-d09e4c847a5b.rna_seq.augmented_star_gene_counts.tsv	4242172	5f17efd16c2d8fb8a331b940061f4150	TCGA-BH-A0B0	66af34ea-f471-4092-aff6-9ac9a5b75b11	TCGA-BH-A0B0-01A	Primary Tumor	Tumor	STAR - Counts
891873c8-bb26-4215-9281-a79be2651f11	c9dffad1-99e8-40b8-8954-1e50b98a1a55.rna_seq.augmented_star_gene_counts.tsv	4235835	46a22b49c817567bad8be44a4d112ed1	TCGA-BH-A1EY	0741b5db-4405-42ba-b63a-c6ee4f341480	TCGA-BH-A1EY-01A	Primary Tumor	Tumor	STAR - Counts
892928f7-8239-4d15-812b-046f9192d7de	0d6fbefe-4e21-4762-a476-9c899d4a94b7.rna_seq.augmented_star_gene_counts.tsv	4245106	14a4b85930a0c777f201c7016bf0f9d7	TCGA-C8-A12O	83f26720-007c-42c9-a7de-7484bf8afa89	TCGA-C8-A12O-01A	Primary Tumor	Tumor	STAR - Counts
893122aa-117b-49a4-a81c-1229dde4d78a	42cc31fb-3bc2-4d21-b821-2d05aca800e7.rna_seq.augmented_star_gene_counts.tsv	4254297	eb00b726d03006522e9388c80dfc3647	TCGA-BH-A42U	2dc1cec9-925a-417f-9e21-3c2143e711b4	TCGA-BH-A42U-01A	Primary Tumor	Tumor	STAR - Counts
89409cf3-e710-47fd-af3c-6f8f0dec7c90	e6bad6ec-c178-4684-99e8-2504781a022b.rna_seq.augmented_star_gene_counts.tsv	4212897	065c8923da34b05c559a4f446e12cffa	TCGA-A7-A26E	011b9b2d-ebe5-42bf-9662-d922faccc7a1	TCGA-A7-A26E-01A	Primary Tumor	Tumor	STAR - Counts
895b7107-2c08-4106-b119-6fbb597392da	be813beb-9b35-4063-9d61-9f49a7fd7706.rna_seq.augmented_star_gene_counts.tsv	4244647	537b7f3a4a4711993bda5cfc653c81a8	TCGA-AQ-A04H	83f943c7-3975-4b4f-985d-9c057741793b	TCGA-AQ-A04H-01B	Primary Tumor	Tumor	STAR - Counts
898920ea-31b3-4244-a413-4b957e93594f	3d804011-ba3a-4999-9305-71b4680819b9.rna_seq.augmented_star_gene_counts.tsv	4249614	d2fce4732018d4f9ad5ac72f50cabbcb	TCGA-A7-A425	a8f5c479-8685-4e2d-bb60-63f1cc651083	TCGA-A7-A425-01A	Primary Tumor	Tumor	STAR - Counts
89dfc6f3-9f78-4e03-a2e7-e9010c7814a2	b793fa3a-f197-409f-b630-2dcba3290cce.rna_seq.augmented_star_gene_counts.tsv	4236606	6aea7da29de349a7c11304d8aae5f6e1	TCGA-AN-A049	2e1e3bf0-1708-4b65-936c-48b89eb8966a	TCGA-AN-A049-01A	Primary Tumor	Tumor	STAR - Counts
89e048e0-2bdb-4c62-9c0e-2e6e796238dd	3f91fef1-b62c-4884-a882-c99bb6ca9613.rna_seq.augmented_star_gene_counts.tsv	4234477	033a1eaaa046839ab6f3dcf762ab4212	TCGA-A8-A06Y	515b1400-e896-4f2a-81bd-70895441a0bd	TCGA-A8-A06Y-01A	Primary Tumor	Tumor	STAR - Counts
89e67cfd-7728-4a0e-bfa5-4c55ae957ef8	49e0a55e-cd18-438c-890a-f14c6d149743.rna_seq.augmented_star_gene_counts.tsv	4233104	f5f6d9737518ebc6a6ebbec76c5880f0	TCGA-AR-A2LE	e3fcbf94-d3ef-4a37-aa45-5297f96af9eb	TCGA-AR-A2LE-01A	Primary Tumor	Tumor	STAR - Counts
89ece3f8-e2db-4ed6-b5b8-dd4df34d6224	b1eae07c-4bc8-4b5c-9d33-d85f10214663.rna_seq.augmented_star_gene_counts.tsv	4222149	d1cd0e839a398856f149bfde6430339a	TCGA-AC-A23G	a721dac6-0126-476c-b2d4-2dbf7406454b	TCGA-AC-A23G-01A	Primary Tumor	Tumor	STAR - Counts
89fa8a0c-e046-4fbf-97c5-4ed5cc4e5e4c	68a74e5b-649e-4568-8616-d2292a4eca19.rna_seq.augmented_star_gene_counts.tsv	4223647	59d644841df9ae0c13168b027fa59001	TCGA-A7-A5ZV	0ec70e40-07df-461d-8ff9-351240a0d454	TCGA-A7-A5ZV-01A	Primary Tumor	Tumor	STAR - Counts
8a7fe670-bcef-4fcb-9759-9892ff5f4f61	a7428d3b-f84b-4c2f-a996-14a11af6b6df.rna_seq.augmented_star_gene_counts.tsv	4257837	0d687cb5c21070d7f026b730cc1f98e6	TCGA-BH-A0BL	92b5de82-0221-4df1-8094-80f40c0bb4fa	TCGA-BH-A0BL-01A	Primary Tumor	Tumor	STAR - Counts
8a84b9a5-d453-416b-b481-f15402c2eb54	8c0d18d4-98f5-4a66-b62e-7cede666c49f.rna_seq.augmented_star_gene_counts.tsv	4234079	6a90260b6cce8a93cdd63247e527e5b2	TCGA-BH-A1EU	a1093598-d3a8-4ffe-83fc-bc7d1faff7e5	TCGA-BH-A1EU-11A	Solid Tissue Normal	Normal	STAR - Counts
8b000fae-e6de-4038-8486-45316cae622d	7be7033e-db49-45cd-8ea5-827266707b1e.rna_seq.augmented_star_gene_counts.tsv	4239332	1d21804923768d0d53eea40edd857afc	TCGA-E9-A1ND	f06f09f3-8133-4a92-ac86-fbe64295e0d8	TCGA-E9-A1ND-11A	Solid Tissue Normal	Normal	STAR - Counts
8b885bee-44ab-40ce-bc3e-18ef36fa35ae	1406cfa1-39b8-4ab6-a960-ed6f38bc0f0d.rna_seq.augmented_star_gene_counts.tsv	4241934	db006733bd8d6aad6c2049d8136fe3ab	TCGA-EW-A1PA	4cfef7f9-f1ee-401c-a2a3-c225d4adc3b6	TCGA-EW-A1PA-01A	Primary Tumor	Tumor	STAR - Counts
8c600781-5238-4b46-80bc-aa2710c1ed3f	c285a0ef-5076-4265-be61-98c064242718.rna_seq.augmented_star_gene_counts.tsv	4257108	11a25cedb49566c5949aa6e2fbabaaef	TCGA-E9-A1RC	5cdae21d-eee5-478f-932a-0f51fcf5f031	TCGA-E9-A1RC-01A	Primary Tumor	Tumor	STAR - Counts
8c6fa126-82a0-4290-a657-8466959585c4	7db191ab-6106-4e39-a45e-8a68aaba0922.rna_seq.augmented_star_gene_counts.tsv	4253786	b80a479313b7c946b73dce08bd035b04	TCGA-A2-A1FV	cd0c96a4-6414-4efb-879b-7408b62ed5b6	TCGA-A2-A1FV-01A	Primary Tumor	Tumor	STAR - Counts
8c884351-1c8b-47ff-8bef-1a4f25f645fb	d5a1a331-cd5b-448f-adf6-ea393565ef26.rna_seq.augmented_star_gene_counts.tsv	4239226	07f413d24f4481f0b52b25bb6bbdf739	TCGA-BH-A0AU	360d1d6d-cf3e-4c78-b36f-ef5e3160aa6b	TCGA-BH-A0AU-01A	Primary Tumor	Tumor	STAR - Counts
8ca36e25-aabc-4bd9-9ced-a8d432ca0260	6e6eeb9a-6437-4e53-9fb7-c283f738d3bd.rna_seq.augmented_star_gene_counts.tsv	4253858	99f313039e4e127a584e30ff5aa4b7d8	TCGA-LL-A73Y	ea645243-df49-4466-a255-9f3d4321e357	TCGA-LL-A73Y-01A	Primary Tumor	Tumor	STAR - Counts
8ced7ce3-86ec-4bc8-afce-8fcfb06d8be4	d1adf0be-5afe-4df7-8f88-dbf7521bcdac.rna_seq.augmented_star_gene_counts.tsv	4257607	5ab6cf779c351322446fb259fe5b16d4	TCGA-D8-A1JC	02e6f999-24f2-4ad2-9b92-df3ee2b082e5	TCGA-D8-A1JC-01A	Primary Tumor	Tumor	STAR - Counts
8d558ae5-f3a1-49fa-aa44-5abc6244b57a	59c3ac05-7a99-4817-ae14-1584f2b7bf36.rna_seq.augmented_star_gene_counts.tsv	4252729	54400517921d7eee7643b33abf11db2f	TCGA-E2-A1B4	dbb2da92-99dd-400c-bc05-e87d7273656c	TCGA-E2-A1B4-01A	Primary Tumor	Tumor	STAR - Counts
8d87fbd5-8ca7-4ff6-b8b1-79f098dbca9f	bc1ed706-3abf-407c-9133-18169a4cf0e2.rna_seq.augmented_star_gene_counts.tsv	4250251	45a3900e1b6227c478227eed639fc99e	TCGA-A2-A0EW	8d5fe6e8-d2cc-481f-a6a1-9cb6e7982cde	TCGA-A2-A0EW-01A	Primary Tumor	Tumor	STAR - Counts
8e063797-856c-491a-b702-1a37ebf6b6a8	d8edd309-518d-4358-8245-9e92d7af4441.rna_seq.augmented_star_gene_counts.tsv	4246716	4085f0ebab6af92dfd2e428d3e9a561f	TCGA-E9-A1NG	659b0170-e914-45ff-aa55-fcb8d3dc7b8a	TCGA-E9-A1NG-01A	Primary Tumor	Tumor	STAR - Counts
8e475a5c-0a90-4c31-a472-b1ae0946633d	f5b6634d-5891-4550-bde6-7a0383e5e3da.rna_seq.augmented_star_gene_counts.tsv	4253008	e7f80f6196ccf0ea7848b80e65271e42	TCGA-AR-A1AL	1f99e4d4-4e8b-4cc1-a129-227a2a82780e	TCGA-AR-A1AL-01A	Primary Tumor	Tumor	STAR - Counts
8e60d7c9-0fee-415f-b7bd-072f1bcd0fac	bf67d13e-231c-4cb7-8381-fb19c4fe90ed.rna_seq.augmented_star_gene_counts.tsv	4252779	7452c16f52c9c483eaa4fd677b9cde6a	TCGA-LD-A7W6	0b0f9938-ce1e-4814-8821-0132d137eb9e	TCGA-LD-A7W6-01A	Primary Tumor	Tumor	STAR - Counts
8ebe0bf6-11fa-418d-918c-5c73f0e7e9ac	466a4121-0583-47ee-9d54-1f1c2d47e381.rna_seq.augmented_star_gene_counts.tsv	4265890	35a81c74d92ac7e70710345489e2b27b	TCGA-BH-A1EV	417dea5f-f68e-4dab-940e-43ae8c67e5e6	TCGA-BH-A1EV-11A	Solid Tissue Normal	Normal	STAR - Counts
8ebe5f43-053c-4bfc-aefd-b9c22897b4ce	d7dc889e-649a-46e1-98ae-d4708c26930b.rna_seq.augmented_star_gene_counts.tsv	4247622	dd8cbcd4215b85b64f9b9e83a6a858a6	TCGA-JL-A3YW	a2434f47-2168-47d0-9bbb-981071597843	TCGA-JL-A3YW-01A	Primary Tumor	Tumor	STAR - Counts
8f1fa5b0-7b8b-41ae-9ba4-9bce8776e5a8	b1e1ae0d-4558-4d30-9b20-79aa40fa5a2a.rna_seq.augmented_star_gene_counts.tsv	4255646	bb04c490287f69a80e994bca7cb66f81	TCGA-A2-A1FX	ac6d3ba9-f84f-4657-aa85-4d66fb7c09da	TCGA-A2-A1FX-01A	Primary Tumor	Tumor	STAR - Counts
8f4d34b3-5dd0-4ff2-b017-0cfa6e5c5f6b	95e450bd-ff88-4498-9418-e09883c94988.rna_seq.augmented_star_gene_counts.tsv	4252008	58631ac82c768759da902c6b39319581	TCGA-BH-A1FJ	f6581eee-61b9-43d4-ab0d-ce5ce3ba1c74	TCGA-BH-A1FJ-01A	Primary Tumor	Tumor	STAR - Counts
8f79405a-c78e-4a9e-a673-969658a0f90b	c95b28ad-6de7-4494-b88a-7fc00ba9ee0a.rna_seq.augmented_star_gene_counts.tsv	4233786	ef849308b85a753fd04ee4dee2632fc4	TCGA-A2-A0EX	9d8702e1-1a36-4bca-85ab-5f11d58d7953	TCGA-A2-A0EX-01A	Primary Tumor	Tumor	STAR - Counts
8fb0660c-fb39-47f0-8450-1f7abff3b656	3334577a-8045-4613-9a1b-e79fd62d5d6d.rna_seq.augmented_star_gene_counts.tsv	4235162	82250c0adab66ef3636fdad8e6cf5b8c	TCGA-A2-A0CM	eb2dbb4f-66b6-4525-8323-431970f7a64e	TCGA-A2-A0CM-01A	Primary Tumor	Tumor	STAR - Counts
90116c25-271c-4be2-b20f-295448e6e421	8b9d534c-0d48-4d88-bbb2-a866d7e73a55.rna_seq.augmented_star_gene_counts.tsv	4245371	157124ce0acbb47530d36623ed9dc665	TCGA-BH-A0DH	491b6364-1223-474f-816f-e248c8c841e2	TCGA-BH-A0DH-11A	Solid Tissue Normal	Normal	STAR - Counts
90452523-0f9a-4c14-9d5f-e44f7079fb18	38387a4f-c65d-4075-8133-fdf259e919ed.rna_seq.augmented_star_gene_counts.tsv	4213910	96812a3c2bc4d47d1b261e1573bdeefd	TCGA-GM-A2DA	c07b122e-ac50-4db2-add2-5617a5d0e976	TCGA-GM-A2DA-01A	Primary Tumor	Tumor	STAR - Counts
9054231e-9b1f-4ee4-b22c-1e9dbfdcfc03	06ce7b93-1264-4219-8a2f-d8f0d295e45f.rna_seq.augmented_star_gene_counts.tsv	4250811	ecd25fbc7b6a91bbd0e56c2d5531487c	TCGA-B6-A0X7	5b9a5cd2-5ec8-48a0-b9f2-da9bede0b089	TCGA-B6-A0X7-01A	Primary Tumor	Tumor	STAR - Counts
90617797-d2c7-4c49-bffe-b2bea96a7cf1	cf7f5e39-f761-424f-9987-21b328afa0ae.rna_seq.augmented_star_gene_counts.tsv	4237459	2be92861b183f86ce7402e8b1f556c13	TCGA-A7-A13G	6cd9baf5-bbe0-4c1e-a87f-c53b3af22890	TCGA-A7-A13G-11A	Solid Tissue Normal	Normal	STAR - Counts
908283cf-b948-4474-906e-bd07195d0805	412b96f4-4463-49ab-aee6-78b3859e7b70.rna_seq.augmented_star_gene_counts.tsv	4239046	9a0f4716d4f2fa3f65008d608eadcec9	TCGA-AR-A2LQ	4229e432-6ac5-49d2-b58a-e8713ddb79bd	TCGA-AR-A2LQ-01A	Primary Tumor	Tumor	STAR - Counts
90cb5f76-ec86-4532-8352-e6622ef24980	01900aab-4c12-4198-b41f-ff638e5abe3b.rna_seq.augmented_star_gene_counts.tsv	4244868	68fe192fa67c9924bdcd324dd699a094	TCGA-W8-A86G	90ff48c3-b14b-4a8b-94a1-98c0bab0d27b	TCGA-W8-A86G-01A	Primary Tumor	Tumor	STAR - Counts
90e074a0-ca6d-4031-aa26-f79e5c662ba7	9c2ed2bb-8ee1-441e-9f3b-ffbb4def2673.rna_seq.augmented_star_gene_counts.tsv	4244631	7d8a6169736e3b7b3267fb439690ad40	TCGA-BH-A0HO	8332806e-f547-4aae-89af-6d5bec831fd2	TCGA-BH-A0HO-01A	Primary Tumor	Tumor	STAR - Counts
90eefb33-6808-45c3-9ab1-6eca0decdc9d	71c9a6fc-0538-4533-af51-f7c9defe7770.rna_seq.augmented_star_gene_counts.tsv	4238678	3e3f4b56a5142e2be9ae6ca3f927c072	TCGA-BH-A1FU	c348a9b3-c901-4384-a222-144387bac0c5	TCGA-BH-A1FU-01A	Primary Tumor	Tumor	STAR - Counts
91060c43-f1e3-49ea-a3c9-96def417716b	caf3d917-623d-4e2a-ac0a-521415385763.rna_seq.augmented_star_gene_counts.tsv	4261415	81771b1e878f7ba4827671f18b5659d1	TCGA-A8-A091	f39edd06-1016-4e8e-a42e-12f7e699ddc5	TCGA-A8-A091-01A	Primary Tumor	Tumor	STAR - Counts
91577462-386f-43eb-88e1-859c1d74763c	6ddc13fe-e8e0-4fb1-88df-c068fe87b5cb.rna_seq.augmented_star_gene_counts.tsv	4251488	8f93109869bc6e261db04def14563ae7	TCGA-E9-A1N3	03c143e0-d8a1-4d60-a4a3-df0501fc6b6e	TCGA-E9-A1N3-01A	Primary Tumor	Tumor	STAR - Counts
91e43fc0-1bd1-41e3-a828-43ec6620feb6	1453285a-717a-4ae3-a537-57df2b8e65e2.rna_seq.augmented_star_gene_counts.tsv	4250579	59ff0ee93e0c09caa5b69a44a519df48	TCGA-AR-A0U2	9ad603dc-3fd0-44f5-ae4e-64eeb1ae8d6d	TCGA-AR-A0U2-01A	Primary Tumor	Tumor	STAR - Counts
9218f3a6-1ae1-4898-8be4-2335a204aae7	c5c93338-4046-4247-b5c2-ef133609797e.rna_seq.augmented_star_gene_counts.tsv	4246197	9b56fac0c8be3af4a86ce8d9ad861e1d	TCGA-BH-A0W7	9f80649b-a249-4fb5-97ad-059a30e13fea	TCGA-BH-A0W7-01A	Primary Tumor	Tumor	STAR - Counts
92431faf-af89-4f25-be07-61ac770b9633	f4bbad06-fb0c-4064-8a05-18b30a16207a.rna_seq.augmented_star_gene_counts.tsv	4244431	040c5da1036dfe1e15b149b892bd701e	TCGA-E9-A1R5	23c21dea-3713-408f-ba56-f7c586e9f206	TCGA-E9-A1R5-01A	Primary Tumor	Tumor	STAR - Counts
927604f9-a38e-4c3f-b50f-3e0db4daf5ec	1be6a56c-a7b1-45e5-b96c-db20337073b8.rna_seq.augmented_star_gene_counts.tsv	4238401	7d19c73c6b27f520b337fe7489430584	TCGA-3C-AALI	55262fcb-1b01-4480-b322-36570430c917	TCGA-3C-AALI-01A	Primary Tumor	Tumor	STAR - Counts
92dd3ded-2b51-4d1d-8c8a-09ed1f0b16ed	68bb844b-1bd7-4828-97d0-e284a7998cbf.rna_seq.augmented_star_gene_counts.tsv	4252225	4a2eec136254c40da6d8e3e3ff46458e	TCGA-E9-A1RI	dd3bfb26-b534-4917-9c4d-9fe7b6477762	TCGA-E9-A1RI-01A	Primary Tumor	Tumor	STAR - Counts
92fc6274-1d0f-4e1c-a124-9e5135753d99	52df14ea-5feb-481a-855e-0a6176744a73.rna_seq.augmented_star_gene_counts.tsv	4242149	f4dc209c27aa33b1fbd1682a5ff51a20	TCGA-A2-A0ER	7455d832-ad66-40df-85d7-3a7051c4498d	TCGA-A2-A0ER-01A	Primary Tumor	Tumor	STAR - Counts
931442ba-af81-4b68-beca-7285fc44b1df	f2dda955-5a39-43c1-93a2-83953b2b91d1.rna_seq.augmented_star_gene_counts.tsv	4218167	62f442c0a47673a11906a33993fb57e3	TCGA-3C-AALJ	427d0648-3f77-4ffc-b52c-89855426d647	TCGA-3C-AALJ-01A	Primary Tumor	Tumor	STAR - Counts
9314aa86-3d8d-4709-a6e1-0aa22b21d6b5	a410ae33-9070-4d1d-886a-21f04666a6c7.rna_seq.augmented_star_gene_counts.tsv	4238651	2c3f3968e942671e8eae48b0d1c94e0c	TCGA-E9-A6HE	7e9c8d3c-790c-46ad-8f31-b557b7c26f69	TCGA-E9-A6HE-01A	Primary Tumor	Tumor	STAR - Counts
934935ae-037b-451d-a696-0679b07bd401	90388468-c622-4114-971e-ab178e487493.rna_seq.augmented_star_gene_counts.tsv	4253559	f2cd03ac00df1dea59a90556e3a0aa59	TCGA-BH-A0DP	14267783-5624-4fe5-ba81-9d67f1017474	TCGA-BH-A0DP-11A	Solid Tissue Normal	Normal	STAR - Counts
934aa789-6d42-4b2d-8a74-7d482d79ed8b	0c80ffec-6290-4b81-9dba-cb64d142b8a8.rna_seq.augmented_star_gene_counts.tsv	4248675	b4391cd2bdbc7bca20a398198aef2260	TCGA-A7-A5ZX	ba80db4e-d899-4da4-ae49-5263d98e1530	TCGA-A7-A5ZX-01A	Primary Tumor	Tumor	STAR - Counts
9415696a-44d9-477f-aba3-0a30ded48778	3c3c4741-8eda-46fe-8d36-2cd683f4a987.rna_seq.augmented_star_gene_counts.tsv	4252245	499716ba48c06fbb26cfac299f5d70c9	TCGA-BH-A201	3bf81a9f-abb4-4495-a514-fd3865e13a03	TCGA-BH-A201-01A	Primary Tumor	Tumor	STAR - Counts
94468afc-faea-4091-af0f-d2df8aec37da	0781a18f-ce2a-478f-945e-49b2b8d7d941.rna_seq.augmented_star_gene_counts.tsv	4226514	fc4f1c0325d8e087f8fc8f33384af8f6	TCGA-A2-A04W	00807dae-9f4a-4fd1-aac2-82eb11bf2afb	TCGA-A2-A04W-01A	Primary Tumor	Tumor	STAR - Counts
94ae90d4-16a8-4922-b6b6-e5fcec9d0ae6	f1d01b35-7a63-48c1-82ae-a9684906ef65.rna_seq.augmented_star_gene_counts.tsv	4239996	8b1777cf1b2367e318997f35a0382ee5	TCGA-D8-A73W	ea8dbc7a-54c6-469c-865e-f49d00b0223d	TCGA-D8-A73W-01A	Primary Tumor	Tumor	STAR - Counts
94db1456-e7f2-4f5f-92e3-b8faa801097d	d635a6e8-ecb3-4f9c-a56a-af1d0c714d7a.rna_seq.augmented_star_gene_counts.tsv	4246072	3c7f6fc36fa077661ab5649e7853189f	TCGA-A7-A3IY	6b4e0262-f589-4532-b578-9f2d76c19d90	TCGA-A7-A3IY-01A	Primary Tumor	Tumor	STAR - Counts
95668f0b-130d-44d4-94c0-ba7a4e7798e6	6365a756-2e65-42cb-be4f-1f726915ca94.rna_seq.augmented_star_gene_counts.tsv	4250969	41f027c2fe766d7623bb9dabedc19721	TCGA-OL-A6VR	db3e1ce8-4a05-4bfc-b5ae-13cf789369e1	TCGA-OL-A6VR-01A	Primary Tumor	Tumor	STAR - Counts
9568dc22-f91c-44dd-95ec-370466ee64c3	17985496-652a-4034-997b-b888d97316e3.rna_seq.augmented_star_gene_counts.tsv	4252582	2a9359a8b6c227c3ab2c850e06decd2c	TCGA-EW-A2FR	af97e043-88cb-4f99-8f8b-9bcbcccdf842	TCGA-EW-A2FR-01A	Primary Tumor	Tumor	STAR - Counts
95775d9a-4f7f-47c9-806b-acea8e01d40e	29789e2c-1555-46e0-8e17-8a252933d84d.rna_seq.augmented_star_gene_counts.tsv	4248671	60082fcead3ccc45be96022eb7dbbffa	TCGA-BH-A0HP	fcef8cb5-fb2c-4bfb-82cd-6b9f3145182c	TCGA-BH-A0HP-01A	Primary Tumor	Tumor	STAR - Counts
958813f4-8036-42f7-856d-7a69c4175adc	269c35f0-a4f7-4e30-a69f-f1f3b7b5dace.rna_seq.augmented_star_gene_counts.tsv	4237719	0035fb5b56a204c5c0606b98b277344b	TCGA-E9-A1RH	408cb583-6dc3-4698-8bd2-e284042bd5ef	TCGA-E9-A1RH-11A	Solid Tissue Normal	Normal	STAR - Counts
95f4620f-f9b0-4533-bb13-f412d774244a	d8d139e8-6e6f-4771-b624-69518f847b85.rna_seq.augmented_star_gene_counts.tsv	4243800	5b45bff6cf6571bf0389fb2ea23c7be1	TCGA-AR-A0TP	ab89bb2e-da84-4116-a8cd-49aad7bbfd4d	TCGA-AR-A0TP-01A	Primary Tumor	Tumor	STAR - Counts
9684fb22-becb-44dc-8d84-4c8540507c8c	13295142-1853-417f-a798-60c41fd90166.rna_seq.augmented_star_gene_counts.tsv	4218353	72431dc8e48f4207f5acbb46b022c3d3	TCGA-C8-A12X	65cde5d5-1efc-4e30-b1bd-a93598794f2c	TCGA-C8-A12X-01A	Primary Tumor	Tumor	STAR - Counts
96e54b36-0b71-4ad0-9b21-72668708fc62	b7ef29ba-06f6-4445-8c70-52388892388c.rna_seq.augmented_star_gene_counts.tsv	4243732	a48527010e7d0590667a63c4a6a40fae	TCGA-E9-A1N6	955d4263-61f7-42e8-8a6e-772a0d6c209d	TCGA-E9-A1N6-11A	Solid Tissue Normal	Normal	STAR - Counts
97387357-c741-43a6-9b3a-55c925f9a516	6e79eeb3-9eae-45f4-92a5-fba71c154c1a.rna_seq.augmented_star_gene_counts.tsv	4242177	8809612b9b4ca640f779f6d49f583230	TCGA-D8-A1XJ	cc510968-fe52-4109-a79f-74f216b48c78	TCGA-D8-A1XJ-01A	Primary Tumor	Tumor	STAR - Counts
9765934d-d954-485c-abfe-b9db59f18193	956570e5-7ed4-4d17-a830-f1bc67a7af15.rna_seq.augmented_star_gene_counts.tsv	4254666	12faade223516e546bd72fddf589d3b4	TCGA-AR-A0TZ	c7c34fd9-3021-45b7-b6ff-30b4196585a8	TCGA-AR-A0TZ-01A	Primary Tumor	Tumor	STAR - Counts
97c68557-c395-40bb-aaa3-a16514da3644	19afe60a-30a2-45f6-b4fb-de935154027c.rna_seq.augmented_star_gene_counts.tsv	4231130	e65c4a4fb661fd5aef04084397102d53	TCGA-EW-A1OY	53ff5893-7d5e-4bcb-be9c-665fa34b7824	TCGA-EW-A1OY-01A	Primary Tumor	Tumor	STAR - Counts
97dbbbc5-cd1a-4bb8-99c5-600870ccd35d	c23d56d0-f27a-48db-b10a-f572b50ef245.rna_seq.augmented_star_gene_counts.tsv	4228066	a236fcccc56a77b891c19571057311f0	TCGA-GM-A2DC	dd43ffd9-da18-4ad3-abe7-6f443c76a717	TCGA-GM-A2DC-01A	Primary Tumor	Tumor	STAR - Counts
97dd05b6-58a9-43ab-9e03-faa105d2a700	40a4fc74-f345-4940-be5c-249013782e4f.rna_seq.augmented_star_gene_counts.tsv	4244001	2d988be3a3f28a0d249123686fb4bf4e	TCGA-BH-A18N	665dd3d3-779c-4abd-b5d7-13342340451d	TCGA-BH-A18N-01A	Primary Tumor	Tumor	STAR - Counts
98320692-9c1c-4ed3-9ea1-72f098c03049	7880b3ba-9f39-4744-be72-b87dbd8eb425.rna_seq.augmented_star_gene_counts.tsv	4233158	be35f7c5ec5dc1b050d94b60b856840e	TCGA-E9-A1ND	f06f09f3-8133-4a92-ac86-fbe64295e0d8	TCGA-E9-A1ND-01A	Primary Tumor	Tumor	STAR - Counts
987603ab-513b-44d6-8b8e-344fd299a81a	204cf188-2162-43ac-bad4-8304622f3090.rna_seq.augmented_star_gene_counts.tsv	4255150	ecb1d0f6c271e0f3c0ee5813a20a178f	TCGA-D8-A1XR	70f34c5c-3671-44c8-9469-99f9786efec1	TCGA-D8-A1XR-01A	Primary Tumor	Tumor	STAR - Counts
987d401a-3e68-414e-8067-afe277b02fad	f6f90b5a-51c6-4402-aab5-081f5e2931a0.rna_seq.augmented_star_gene_counts.tsv	4248480	0fb260d46c83109f2b41663b4175153b	TCGA-A2-A0ES	a2934508-3daf-49e2-b14f-ed9b7693f96f	TCGA-A2-A0ES-01A	Primary Tumor	Tumor	STAR - Counts
98ca3aa5-f509-4e55-a184-12e44c8c8464	0361ec21-e83f-40a9-b825-d92487b1239a.rna_seq.augmented_star_gene_counts.tsv	4245704	caf5fc1d6cc9731f5e04867115d3036d	TCGA-C8-A1HO	b3354b72-2637-4edc-9a95-e55801d3ac13	TCGA-C8-A1HO-01A	Primary Tumor	Tumor	STAR - Counts
98dc2008-d132-4a88-b428-45b0f715b296	d769bce5-c92f-472f-8bb8-4bf4593e29d7.rna_seq.augmented_star_gene_counts.tsv	4226694	cd7aabe1c341db4a5b056f565ed6a191	TCGA-LL-A9Q3	6af6d256-a753-46d2-b611-e4094ff265aa	TCGA-LL-A9Q3-01A	Primary Tumor	Tumor	STAR - Counts
9928c491-426a-4507-8ddd-999d6b892e29	677a334e-f2cb-455f-bf50-05e23cb2a7ec.rna_seq.augmented_star_gene_counts.tsv	4264013	5d8f3712497000cac73f6fdfdda8dd00	TCGA-A7-A3J1	8f9ad301-6699-4078-a80d-886e40894af7	TCGA-A7-A3J1-01A	Primary Tumor	Tumor	STAR - Counts
99367019-5583-4bcc-aa62-25916515fe17	c28b080d-8eb9-46b7-9e40-c37409820e17.rna_seq.augmented_star_gene_counts.tsv	4237154	dcddca1ef4cbd8e3ff1259a474898676	TCGA-AC-A5EH	d13fb44b-291b-4ea4-920c-142daa8d1989	TCGA-AC-A5EH-01A	Primary Tumor	Tumor	STAR - Counts
99502a82-c77e-482b-8589-82d9ef82d5d1	79beb4e0-5066-481f-b432-94d69219bfe8.rna_seq.augmented_star_gene_counts.tsv	4241886	188818c927caae1913b01f1b522d7ef4	TCGA-E2-A15O	eafa45a4-2fd1-4fa3-860c-9d52ed382b7d	TCGA-E2-A15O-01A	Primary Tumor	Tumor	STAR - Counts
9985bb0b-d1cc-455b-80d9-f8007669cd5c	b3435d9e-fb7f-4748-9a0b-2b532875c87e.rna_seq.augmented_star_gene_counts.tsv	4236838	e4edb1ca5cd492dc12831d1145e1664f	TCGA-BH-A1FH	1783cac1-253a-40af-a9ac-48dfb20e1ab8	TCGA-BH-A1FH-11B	Solid Tissue Normal	Normal	STAR - Counts
99ce2ebd-7a50-4808-ba75-8626ad6d7cfd	8229679f-179d-42b8-a9e7-7d733fe9969e.rna_seq.augmented_star_gene_counts.tsv	4244017	bbcd65b357f8d24230213eb1337d5e29	TCGA-AC-A3W6	1b4cfad1-e353-4411-97b6-2b7b9309e95e	TCGA-AC-A3W6-01A	Primary Tumor	Tumor	STAR - Counts
9a1c9a5a-7b3f-463b-bc9c-e06107b2aeb7	ecdac97e-eec5-4753-a572-8aff707178e5.rna_seq.augmented_star_gene_counts.tsv	4229779	94d0a1616f29525dbd282389d67751f0	TCGA-AN-A0FD	c6086936-7544-4da0-8c0c-114166848483	TCGA-AN-A0FD-01A	Primary Tumor	Tumor	STAR - Counts
9a6563cf-557b-4f26-b6a2-6c6f1eb03654	06ae7b4d-2906-4a38-a4ef-1cc937716dcb.rna_seq.augmented_star_gene_counts.tsv	4228008	13abea6feb343d410cb946d1b2c58eee	TCGA-BH-A0BM	c2aeee6c-ba10-4cf9-b560-c739580f7bf3	TCGA-BH-A0BM-01A	Primary Tumor	Tumor	STAR - Counts
9b03a281-22c7-4ad4-b1c8-ba7eed0e8c5b	6e8eeaae-cc26-4db8-85f6-5c975b06bf45.rna_seq.augmented_star_gene_counts.tsv	4254815	1746578ba53b3146e66dbdeaccc2c90b	TCGA-E9-A22H	161917b8-88ad-407b-ade6-d6b98478b359	TCGA-E9-A22H-01A	Primary Tumor	Tumor	STAR - Counts
9b13d7e4-d265-4c0b-8aa3-5b4af70ff87d	8fff7b55-a9c5-4179-a86a-80bff4fed1b0.rna_seq.augmented_star_gene_counts.tsv	4253831	4582565f10b5a0f5c9c0a95bebfe3f79	TCGA-EW-A1IY	5ff12cbe-a3e0-4ce6-8452-12b984a1baaf	TCGA-EW-A1IY-01A	Primary Tumor	Tumor	STAR - Counts
9b2a1467-775c-48cf-9a3c-e259ccd344e4	08814ce5-fdf0-4f06-aabd-bf7b2738cf43.rna_seq.augmented_star_gene_counts.tsv	4233742	958fc19cd138007dbcbc02c2ad055454	TCGA-E9-A3X8	95873e61-afdb-496c-9f77-3f9beb008cda	TCGA-E9-A3X8-01A	Primary Tumor	Tumor	STAR - Counts
9b47ed32-440b-4e50-93f9-5aeb56f03397	990f1383-2ef6-426a-a650-e182010a8281.rna_seq.augmented_star_gene_counts.tsv	4247443	fc5c643a2e670551cee6d8668756957b	TCGA-AR-A24K	599c3701-df7a-4a75-a347-fa9b510dd242	TCGA-AR-A24K-01A	Primary Tumor	Tumor	STAR - Counts
9b5b1b38-58b8-47c9-badf-086676e44c1a	4541a5e4-240b-466d-bbc4-3904581490f3.rna_seq.augmented_star_gene_counts.tsv	4240732	e471102c12d7d1cce3c2e4b0590b2511	TCGA-S3-AA11	0dd8dbc1-c48b-4e7c-b401-57101f724967	TCGA-S3-AA11-01A	Primary Tumor	Tumor	STAR - Counts
9b5bdd89-05ac-4cde-beee-66739a903939	27d65db7-ad41-46f0-bfd1-61c693073e19.rna_seq.augmented_star_gene_counts.tsv	4242402	22c97460494645a7e0f4498a07cb1841	TCGA-EW-A6SA	aba5f46a-e67a-4cd2-9c52-c0686968ff04	TCGA-EW-A6SA-01A	Primary Tumor	Tumor	STAR - Counts
9b980569-4da2-43ee-a06a-18ee09baf41d	d6450e34-ebf4-4749-a27e-8e3139960afb.rna_seq.augmented_star_gene_counts.tsv	4226836	7c30e5eedf6c3621229b8bf4e396e6ee	TCGA-A2-A0CP	fe15c48b-116d-461e-9b40-68514730fd18	TCGA-A2-A0CP-01A	Primary Tumor	Tumor	STAR - Counts
9bb406c8-2b8e-410e-8bca-02a778312056	4152a167-7b5f-4415-81f8-b22732cc6ef7.rna_seq.augmented_star_gene_counts.tsv	4243535	7cfb2ad5e17ef212d3140d7790fcde01	TCGA-B6-A0RU	6956473b-92e5-4069-a26b-b48e280e76f2	TCGA-B6-A0RU-01A	Primary Tumor	Tumor	STAR - Counts
9c0043c4-b65a-42ca-9f02-fe1cef04beaf	17dfa221-f092-45ed-a2e4-5798ddfc0ce9.rna_seq.augmented_star_gene_counts.tsv	4244005	b979c1b0eb44ec08802a3ca2a12acf59	TCGA-B6-A0RS	9416ff9b-6f29-4554-b04d-b537a3ae3969	TCGA-B6-A0RS-01A	Primary Tumor	Tumor	STAR - Counts
9c00a43c-1da0-4e3b-b7e2-54a48d29ecae	c2e73efe-8112-48fc-9dbd-29b4b5b89ad0.rna_seq.augmented_star_gene_counts.tsv	4244229	7a9c5a675e0f9711a3f5e9efe19d4e7c	TCGA-A1-A0SN	0dc337fa-da8b-42c4-b9a7-fb76d81c161f	TCGA-A1-A0SN-01A	Primary Tumor	Tumor	STAR - Counts
9c55de9c-a13e-4772-9a5d-4cde38f75cf3	9899646e-d5be-4429-a7f2-0251bed9721d.rna_seq.augmented_star_gene_counts.tsv	4240594	4f8e84bf768c4c22ebeee863ad212dc2	TCGA-EW-A1IZ	c0f88fc5-56b0-4255-bbd1-9a21ced8b37b	TCGA-EW-A1IZ-01A	Primary Tumor	Tumor	STAR - Counts
9c87ef50-5854-4f69-820b-9e0b4d46c982	b3861080-a052-4432-82f8-193122ab29d4.rna_seq.augmented_star_gene_counts.tsv	4235115	625de118f72ded4ff1448465c1252925	TCGA-A7-A13F	2cf68894-168b-458b-af4f-53cad72989a8	TCGA-A7-A13F-01A	Primary Tumor	Tumor	STAR - Counts
9c99e8d0-a96d-4252-8ea8-e15bfae278c3	3bbc2702-3fa1-455a-9c68-bf082850d9be.rna_seq.augmented_star_gene_counts.tsv	4239589	b583fa60b0b7f6060041327c70fceabe	TCGA-D8-A1JT	cd781589-3820-45a2-906b-8d60cd02f3ef	TCGA-D8-A1JT-01A	Primary Tumor	Tumor	STAR - Counts
9cac5296-0f61-46a2-bcbf-9bd3212fb7dd	1ec0a33c-5b2e-4078-8226-48026f7d5c82.rna_seq.augmented_star_gene_counts.tsv	4243209	e48fdb17c5c7d9405180cbd2db64344f	TCGA-D8-A1JM	3e775c99-ceda-4246-8d6f-0f58ca5097c8	TCGA-D8-A1JM-01A	Primary Tumor	Tumor	STAR - Counts
9cbb73a5-7b3b-4559-a295-d4693ae6dee2	c9c9c085-8e23-454c-aa36-cf59e8dbc587.rna_seq.augmented_star_gene_counts.tsv	4235606	9e49ce0f042f125c1a43cd77d9af877f	TCGA-BH-A0BQ	b3bb8fd6-ee54-4813-b042-2bbe70115382	TCGA-BH-A0BQ-01A	Primary Tumor	Tumor	STAR - Counts
9ccdf2cc-ca01-4ef7-bed9-f955fd0396c2	1d65448f-dcba-432b-98d5-f7e87de4f9f6.rna_seq.augmented_star_gene_counts.tsv	4241210	3faca7c4b12ad95b13868f199949bf72	TCGA-BH-A0EA	1f601832-eee3-48fb-acf5-80c4a454f26e	TCGA-BH-A0EA-01A	Primary Tumor	Tumor	STAR - Counts
9cf6e387-2b87-4f53-bb5a-d545a78f21cd	75f8fbbb-2015-47cb-94f1-eb88cdfaeae6.rna_seq.augmented_star_gene_counts.tsv	4249298	81369d8e17067867b8df99308f905a34	TCGA-BH-A0BA	49dc3e68-6206-4f16-969f-a758cc7be8ed	TCGA-BH-A0BA-01A	Primary Tumor	Tumor	STAR - Counts
9d487523-ce75-4146-98d9-aed08dc2f632	4c915c9f-4e60-48d4-a4c5-7d055940b65f.rna_seq.augmented_star_gene_counts.tsv	4242182	780ee9dd1f60b871752fe1bb113f1d29	TCGA-EW-A6SC	97862b8e-9f76-4b19-a865-156a9c00fb1e	TCGA-EW-A6SC-01A	Primary Tumor	Tumor	STAR - Counts
9d535d7d-0fff-4134-be8f-daa6d687a48c	11d450a3-4578-4444-8ddf-613b5868b683.rna_seq.augmented_star_gene_counts.tsv	4242665	a1569f872d3689571945946868bb817e	TCGA-OL-A5DA	4e509f73-99c7-48eb-a3a4-d34e3bface33	TCGA-OL-A5DA-01A	Primary Tumor	Tumor	STAR - Counts
9d61e56d-690b-4d66-891a-f8d010d704cf	ed13eb3a-17ab-4781-bc60-13797148c7c4.rna_seq.augmented_star_gene_counts.tsv	4241422	a206a82e80592fd4c903480b0f82440e	TCGA-A2-A0T1	02bed00f-bef7-4fb7-b243-540354990e45	TCGA-A2-A0T1-01A	Primary Tumor	Tumor	STAR - Counts
9da9a119-9f9a-4ddb-947e-97724b9fe45f	7733c059-09bd-40b4-9812-4bedd68d9d01.rna_seq.augmented_star_gene_counts.tsv	4249713	767e0ec3e9114e20a332f8d2fc60954c	TCGA-AO-A0JC	03565036-b6d3-432f-8d9a-7099818e0788	TCGA-AO-A0JC-01A	Primary Tumor	Tumor	STAR - Counts
9dc09c86-c728-4bd9-b2b6-2d9962dad662	d1f1743c-5fd9-4ae8-90c2-8c3e2d475d1b.rna_seq.augmented_star_gene_counts.tsv	4251380	24d42f590b663170a1f908a75917da90	TCGA-EW-A2FS	d34471a1-b367-4f8a-b35a-c5901c4f5503	TCGA-EW-A2FS-01A	Primary Tumor	Tumor	STAR - Counts
9dc47384-64df-48c7-9d41-921d6021ef9c	8e6bbb91-f5de-4615-8a29-37c8f401dbe9.rna_seq.augmented_star_gene_counts.tsv	4232380	9c9b1f4d9b2932edff48f6c2bc886550	TCGA-BH-A0B8	d3a75976-67d3-40fa-9f6f-cf2a3d7b773c	TCGA-BH-A0B8-11A	Solid Tissue Normal	Normal	STAR - Counts
9dcf3c95-cc67-4a83-a2c8-12cbce82b9c4	4ab26a32-f816-4aee-9130-12a0b3604db0.rna_seq.augmented_star_gene_counts.tsv	4238084	0c7837a48f825ecfbd3368504a9a3f03	TCGA-A8-A09K	6f959c92-b79f-4f84-9ee5-d07d3212d52d	TCGA-A8-A09K-01A	Primary Tumor	Tumor	STAR - Counts
9e056a2a-a643-478a-b96c-85d5221f487a	c6a90de3-979b-46b0-9f84-2875c1e38742.rna_seq.augmented_star_gene_counts.tsv	4241593	1bb465b8dc478393abcc76b84b530f1c	TCGA-A7-A0DC	cb9f5e50-f49d-4899-8895-9367afcc1015	TCGA-A7-A0DC-11A	Solid Tissue Normal	Normal	STAR - Counts
9e4b6ad6-99f7-4244-8f1b-20b7b36c457f	51c66f38-afcb-423c-9004-708081b729f6.rna_seq.augmented_star_gene_counts.tsv	4241089	09f578946da0bbe022224008ebfd4d93	TCGA-E2-A107	eff2360e-399a-4167-ab2b-798e27bef739	TCGA-E2-A107-01A	Primary Tumor	Tumor	STAR - Counts
9e5ecae5-faf0-41a2-a795-d1b4db79486a	a4cf670f-1627-42cf-9917-fc2c89708353.rna_seq.augmented_star_gene_counts.tsv	4234582	d3370852671a0f31c19d993ffbef9f3d	TCGA-E2-A1LS	91a2f2af-e4b1-4a0b-ab20-6a36ce63c533	TCGA-E2-A1LS-11A	Solid Tissue Normal	Normal	STAR - Counts
9f06e9cd-8184-4b66-a2e0-96da9a7159e8	352ec91a-6c0a-4d6e-b6bd-4237f5eebde9.rna_seq.augmented_star_gene_counts.tsv	4247218	70d41be03628259c3efae80463acc6fc	TCGA-A7-A6VY	e8ea576b-eb16-44f7-b241-daefc1375388	TCGA-A7-A6VY-01A	Primary Tumor	Tumor	STAR - Counts
a03952ab-2ac1-43a5-a438-1f022bcd0b16	3823e741-c29c-431e-9397-4d16a30ec473.rna_seq.augmented_star_gene_counts.tsv	4248312	fa42392a4e6c8e0bed3dfb01b3b7095c	TCGA-E2-A14Q	303a1d77-a37a-4966-a4a4-9981d99ba1b4	TCGA-E2-A14Q-01A	Primary Tumor	Tumor	STAR - Counts
a04fdd52-6d4c-4dc6-b63d-fa67ecfe4744	d7d4b68a-ab93-4b9c-9cf6-88f15299e306.rna_seq.augmented_star_gene_counts.tsv	4245556	742a7cb1d1b22a8c617a55ee94783e7f	TCGA-E2-A153	be9bf36a-12e1-4386-addf-1686dc8b49de	TCGA-E2-A153-11A	Solid Tissue Normal	Normal	STAR - Counts
a10463d8-e74c-490c-b8ed-1dbc6227e32f	a6752916-4437-40a7-bc79-d21f52ad1f41.rna_seq.augmented_star_gene_counts.tsv	4248730	cfcdb0d0a5bb0a9b6dc42145ce131fc5	TCGA-E2-A15A	73ccc949-01b7-48d3-a7c4-c4bcd261672a	TCGA-E2-A15A-06A	Metastatic	Tumor	STAR - Counts
a127fb1e-aa3b-4b6d-98b5-c141ffba9ae7	e590db5d-2577-43ec-9d39-45a257be5562.rna_seq.augmented_star_gene_counts.tsv	4242368	b912d6130899440dedf7e719839451cb	TCGA-B6-A0IB	157ec9e0-ca6e-4da1-9233-f976cf0db433	TCGA-B6-A0IB-01A	Primary Tumor	Tumor	STAR - Counts
a1516cec-76ec-4a05-97a0-a56ef8490e60	3a814d3d-749f-4066-b33b-3faf503d84bb.rna_seq.augmented_star_gene_counts.tsv	4248489	22cd36ad7abd85b105975b889ddd6dd2	TCGA-A8-A06Q	281f70c5-876f-44b3-84fb-f2302f85e74c	TCGA-A8-A06Q-01A	Primary Tumor	Tumor	STAR - Counts
a17d51b5-c397-4591-a227-dc0425948420	3f4afc9c-562a-4ef4-a6cb-ff426357a614.rna_seq.augmented_star_gene_counts.tsv	4236406	bd89cc177620eaa610560f2746876e82	TCGA-GM-A2DK	3a0775a0-61ae-43f2-b5f6-629a44355c2f	TCGA-GM-A2DK-01A	Primary Tumor	Tumor	STAR - Counts
a1a6d1dd-a1c6-4c5c-b54d-42de80680bc3	dc857517-6b3d-4008-85a4-a2b35efb1e7a.rna_seq.augmented_star_gene_counts.tsv	4232153	a05e5bb7a8d0e00e1ad35ed3adb5096f	TCGA-5L-AAT0	86c6f993-327f-4525-9983-29c55625593a	TCGA-5L-AAT0-01A	Primary Tumor	Tumor	STAR - Counts
a217c1ab-e2cb-487c-982a-8241da38272f	e4443a5a-144f-434e-b1e0-3139e1e5ed23.rna_seq.augmented_star_gene_counts.tsv	4235834	291b1326a637281862dafba4c0f3d1e8	TCGA-A7-A4SC	ec0ab947-9341-4fff-bda4-fdfb9434d508	TCGA-A7-A4SC-01A	Primary Tumor	Tumor	STAR - Counts
a25f8ce5-b3f3-4d2d-b862-b703650066fb	8668654e-c441-4279-80e3-345787c28922.rna_seq.augmented_star_gene_counts.tsv	4243374	91be8feb97f3140d456415bea6d81368	TCGA-A2-A0CR	4cf0f639-7940-48b6-8ea1-2a3494097cdb	TCGA-A2-A0CR-01A	Primary Tumor	Tumor	STAR - Counts
a260d9e5-d88e-44eb-8431-4266c1baf68a	9c20991b-fb37-4984-8b57-2c1fa8112d1a.rna_seq.augmented_star_gene_counts.tsv	4222815	8439e7ee7f371c0c298f95689b26ea7c	TCGA-AC-A2QJ	d9fd2724-7db0-4af3-ac14-217bdfa5203f	TCGA-AC-A2QJ-01A	Primary Tumor	Tumor	STAR - Counts
a2837f64-2441-4d31-befc-514f8526b1f7	1729f18b-f4d7-4e1c-af9f-2c651023e7fc.rna_seq.augmented_star_gene_counts.tsv	4221177	f860ac2a0731f184169800dab28697fc	TCGA-AN-A03X	88cd6ccc-70f7-436e-a99c-039b9d31e335	TCGA-AN-A03X-01A	Primary Tumor	Tumor	STAR - Counts
a2cb26d9-70e7-47ca-b019-a5fa136b42f7	fefb685b-91fc-4837-b612-73be3c4d941e.rna_seq.augmented_star_gene_counts.tsv	4223454	d9b37f50ca8359c13d63eb867334aee6	TCGA-AN-A0FL	baf1207d-7d1a-4cad-ba58-62c26be2415e	TCGA-AN-A0FL-01A	Primary Tumor	Tumor	STAR - Counts
a2f1fa8f-26d6-4b3e-8816-33f42e3f9209	99df3cc9-683b-449b-bcf4-94bbff09c90e.rna_seq.augmented_star_gene_counts.tsv	4240634	f47ff147ac334cfeca0629bfdf33126e	TCGA-BH-A18P	557cb0a3-6f1b-4faf-8296-0a15c24158f9	TCGA-BH-A18P-01A	Primary Tumor	Tumor	STAR - Counts
a2f902f5-2413-4698-b53b-446df6409d61	79f139fe-fecb-4b0e-b668-3407c13748d8.rna_seq.augmented_star_gene_counts.tsv	4239314	b674a9bd7fc13649c7314090440d2750	TCGA-AC-A3YI	a45d296e-efc0-479e-b2f6-bad834668cdf	TCGA-AC-A3YI-01A	Primary Tumor	Tumor	STAR - Counts
a3039f53-9e11-4b53-b65e-ea5e14914ef0	d667391d-a4f9-40b8-9758-4b9246f49dfc.rna_seq.augmented_star_gene_counts.tsv	4244778	b2f78034ae917434390f8a6f2b28789f	TCGA-A2-A0SY	dc696e3c-f448-468f-a576-f4429be0338a	TCGA-A2-A0SY-01A	Primary Tumor	Tumor	STAR - Counts
a37587aa-2e1f-42f5-a691-c4a41ae79ea9	922ac2aa-8619-47ef-99d8-160e19861f57.rna_seq.augmented_star_gene_counts.tsv	4245002	51d812a1d48d974dbb274cb91f53442a	TCGA-BH-A18K	50619f8c-10aa-464a-a227-90a7aa6ffd43	TCGA-BH-A18K-11A	Solid Tissue Normal	Normal	STAR - Counts
a39993c2-0b95-4df1-b501-b1a746633449	9b652843-9c30-4c21-8c39-ef9e21ec4ec6.rna_seq.augmented_star_gene_counts.tsv	4236119	d92427683e1835e45bac4259dc1510c9	TCGA-GM-A2DM	753d5d49-3b40-4737-9d4c-b1ec29cc2692	TCGA-GM-A2DM-01A	Primary Tumor	Tumor	STAR - Counts
a39defa6-87ec-4855-ab78-44f6b46152e1	bf2a1913-2806-4b97-bcc6-e7038b900e15.rna_seq.augmented_star_gene_counts.tsv	4237891	03bea7e118b830719e5ed588d7beccc6	TCGA-D8-A1XF	6f6afd31-b5dd-48ab-b18f-6390ba18a5f0	TCGA-D8-A1XF-01A	Primary Tumor	Tumor	STAR - Counts
a3e73f16-dc65-4c2e-9846-052b8fae144c	682169e0-f36b-430c-896f-c93668b4ce78.rna_seq.augmented_star_gene_counts.tsv	4236235	d3bc2ac78026de712a00f4df2543c098	TCGA-BH-A1FM	7eb18190-5a41-4637-9783-f81bbde499e4	TCGA-BH-A1FM-01A	Primary Tumor	Tumor	STAR - Counts
a436c52a-e63f-4d61-bc60-eb497c196489	ff0feb3e-6d14-4297-ac23-1eb397663ec3.rna_seq.augmented_star_gene_counts.tsv	4230062	59f90ab7ce023db5cdc2cebaf24022ee	TCGA-BH-A0HN	a68a3361-48b4-4bd0-999d-b4cc3d43eb4a	TCGA-BH-A0HN-01A	Primary Tumor	Tumor	STAR - Counts
a4589532-53e0-4025-b8d3-e11e79e1fc9c	9de4575c-0d10-4548-8881-fd4a5a46a5ac.rna_seq.augmented_star_gene_counts.tsv	4241609	6c6982350d72062476a5320e4c47a4ea	TCGA-AN-A0FV	2e8e70f2-c781-44c2-8f12-1f8c2f536aa3	TCGA-AN-A0FV-01A	Primary Tumor	Tumor	STAR - Counts
a4fc84b0-29ff-4994-b493-1102a044838d	4d54d278-9d82-4681-9b6a-247e79a9a83e.rna_seq.augmented_star_gene_counts.tsv	4221988	9f16d478d18e701ad97fe9a61ba1052c	TCGA-B6-A0X0	1e68e760-a4cf-4100-bf9c-e50fa8d126f6	TCGA-B6-A0X0-01A	Primary Tumor	Tumor	STAR - Counts
a542178a-a338-40d4-be52-b9a71af89b58	1a3e846b-4c7f-4aac-8c26-bb5e25f226ae.rna_seq.augmented_star_gene_counts.tsv	4231285	0d560213bf5206241e6e4bc3fceffbec	TCGA-AO-A03T	dd6b64a8-d546-4fd1-bbbd-ac9703791cae	TCGA-AO-A03T-01A	Primary Tumor	Tumor	STAR - Counts
a572e59c-096f-4054-bbb4-90f2e2461d99	b87ce383-9333-420c-9184-62d9d1eadabc.rna_seq.augmented_star_gene_counts.tsv	4230981	da3738eddb82eb38a8df763f803b84a3	TCGA-S3-AA15	e783e518-c1e5-4eac-8eaf-e2d65ccd9692	TCGA-S3-AA15-01A	Primary Tumor	Tumor	STAR - Counts
a58e2ae3-a236-4209-8292-70465216cb85	e614fbb4-7574-4704-9525-c0aea4c10fc6.rna_seq.augmented_star_gene_counts.tsv	4236123	2c8c2a6fb6b0fce4f9c52df164164a0a	TCGA-AO-A12D	2fe854b4-bac9-4801-9a1c-ee99388e8082	TCGA-AO-A12D-01A	Primary Tumor	Tumor	STAR - Counts
a5c799bc-1332-4127-8fda-84da04084d25	de01516e-43f0-4f96-8ac6-ab543a314829.rna_seq.augmented_star_gene_counts.tsv	4220759	cae9cf46552fd8b701916e21c6663ad2	TCGA-A7-A26E	011b9b2d-ebe5-42bf-9662-d922faccc7a1	TCGA-A7-A26E-01B	Primary Tumor	Tumor	STAR - Counts
a629c407-5141-454c-bb69-ba7e58d1febc	5a277308-f1bc-47b3-a397-aeabe9db8dc6.rna_seq.augmented_star_gene_counts.tsv	4236454	ebcd993f94f6ecdd485420e86c3c38d1	TCGA-BH-A0DK	f2bbfa9d-9a9d-4f46-9fde-378e4c44e2ad	TCGA-BH-A0DK-01A	Primary Tumor	Tumor	STAR - Counts
a63cca36-139d-4054-9d99-9b04ddae7ec2	3d05d072-d042-4c02-aaf6-ee2e589003d6.rna_seq.augmented_star_gene_counts.tsv	4249197	f2f1a4fff2ed21eac2b8fb473d13a10b	TCGA-AO-A124	b094e8b2-8ece-4b36-8025-18073a8b873c	TCGA-AO-A124-01A	Primary Tumor	Tumor	STAR - Counts
a6f96d96-c761-4e98-9120-25138aa43e67	d0dc0f54-e23f-40fb-a0ac-56fbd55108f0.rna_seq.augmented_star_gene_counts.tsv	4254685	4c6b7951e611a48e3b37f303d5c2f5f3	TCGA-E2-A15R	33b7bf50-53f4-4839-aa83-9665f85671d8	TCGA-E2-A15R-01A	Primary Tumor	Tumor	STAR - Counts
a6f9b537-d843-4181-9ba8-712c44986581	f3d3848c-9ff7-4e84-a35c-f6b6e3a57605.rna_seq.augmented_star_gene_counts.tsv	4251225	a3163eed4b38d4ad03f247ed41961b78	TCGA-D8-A1Y1	38a631a1-6875-4216-a335-ee93c90a86d6	TCGA-D8-A1Y1-01A	Primary Tumor	Tumor	STAR - Counts
a701ab46-0745-4f23-8723-df5846e8806f	29246ea5-44e5-43d3-be04-c038c20db027.rna_seq.augmented_star_gene_counts.tsv	4244582	7451f33c3bc55354a60a356a8dc8ee46	TCGA-A2-A04T	b58ad350-5140-4fa8-bc2c-24bca8395f3a	TCGA-A2-A04T-01A	Primary Tumor	Tumor	STAR - Counts
a7091211-3bf5-4d3b-8625-57281bc0cd56	bf121f27-c765-4f64-8a9f-73c30427217b.rna_seq.augmented_star_gene_counts.tsv	4213875	efa20a1fbc82dd968f7e73ccfa927bd7	TCGA-UU-A93S	45013972-2dfd-4f82-a076-e3e4af1b43b8	TCGA-UU-A93S-01A	Primary Tumor	Tumor	STAR - Counts
a73c6624-c462-4c25-94bf-58769257c6dc	34a0c8c5-8086-4f33-9ecb-7518035a4a7f.rna_seq.augmented_star_gene_counts.tsv	4250690	fab779e91f50b1171b402e52d281f3d1	TCGA-A2-A0T6	08306ede-e74b-4be9-b768-7fd98647b6ac	TCGA-A2-A0T6-01A	Primary Tumor	Tumor	STAR - Counts
a7d3a4c0-36ee-43ff-bdcc-37db4b11df76	ef54e4a6-4447-425f-be33-e428e5838daa.rna_seq.augmented_star_gene_counts.tsv	4246804	d4bf3e79c95c3da445f61c55fec48bcd	TCGA-E2-A10F	8e159b50-8136-42d4-b9c7-d579a74e4931	TCGA-E2-A10F-01A	Primary Tumor	Tumor	STAR - Counts
a835cfe4-9359-4178-9c9a-44ecb4173e47	bd5e632d-9a7d-454f-838e-10b76665a4d3.rna_seq.augmented_star_gene_counts.tsv	4256401	eda2a58201779b5e4e3a5c4343fe4688	TCGA-EW-A1IW	5e2cbc56-97f9-4b94-ade2-a3f739bcc7be	TCGA-EW-A1IW-01A	Primary Tumor	Tumor	STAR - Counts
a83dac26-4fdb-4819-be18-a6e03641fb80	cf3fe851-479f-4d22-9daf-99b163d0ed06.rna_seq.augmented_star_gene_counts.tsv	4236219	3417276e95f973df4f39d80386376d81	TCGA-E9-A1NC	e74aea7c-ca14-49df-b5cf-dacb839ac27a	TCGA-E9-A1NC-01A	Primary Tumor	Tumor	STAR - Counts
a853d2bb-b696-493a-9451-59dcedde5f20	d078b2ae-790a-4220-98a0-18d311996ed5.rna_seq.augmented_star_gene_counts.tsv	4238656	9894fa8282e53f3d77a44c7a16ebe91f	TCGA-AC-A3TM	67c73260-a242-4bba-87c5-d2302556dff7	TCGA-AC-A3TM-01A	Primary Tumor	Tumor	STAR - Counts
a8898537-0afa-4655-b123-78c11b90c53a	b4aad532-f92b-43d9-820c-f3c98e382225.rna_seq.augmented_star_gene_counts.tsv	4242715	b9111bb2b620d026813b35c959bc7ab3	TCGA-A7-A0DB	f130f376-5801-40f9-975d-a7e2f7b5670d	TCGA-A7-A0DB-01A	Primary Tumor	Tumor	STAR - Counts
a8a6308d-04e4-47e9-adb6-c895b605ad69	0f168687-6f42-4d92-8f91-13efde785a0c.rna_seq.augmented_star_gene_counts.tsv	4254087	bf4e46390066fb9417f460f089b85e4e	TCGA-E9-A1QZ	b6b932ce-6856-4d94-9e6c-16dfbe51906f	TCGA-E9-A1QZ-01A	Primary Tumor	Tumor	STAR - Counts
a8ab2eb8-9da3-494f-b740-dc3f4185acb2	04026251-0cf6-4889-83b4-8a46881470b5.rna_seq.augmented_star_gene_counts.tsv	4246601	3809846bbd16f3718fb890b09c8df7d2	TCGA-A8-A09C	80f3f48a-cc21-415c-b181-c77e7ba1c563	TCGA-A8-A09C-01A	Primary Tumor	Tumor	STAR - Counts
a8fa9282-6695-477a-8202-73882cdfa8f7	77e4a7c3-f2cd-4b5e-8c18-bfa3ce91cf56.rna_seq.augmented_star_gene_counts.tsv	4243328	9f6066279c5b4ea21c6792af87bcecc1	TCGA-D8-A73U	96f02be7-f2df-483c-8968-a5bd2d887206	TCGA-D8-A73U-01A	Primary Tumor	Tumor	STAR - Counts
a930c017-565f-49ad-893a-37cc394c269d	cc502455-f72f-491d-9486-a344e169dcfc.rna_seq.augmented_star_gene_counts.tsv	4244144	d9fa1a48770bb07ca90a7aa71b2d28af	TCGA-BH-A1FR	bf3b1481-ae31-4406-b084-b6cc1d7163e3	TCGA-BH-A1FR-11B	Solid Tissue Normal	Normal	STAR - Counts
a9527be9-e865-4074-ae57-f3510e70c203	d6ca3b86-5a26-4467-b9a9-cb7fcc5a7316.rna_seq.augmented_star_gene_counts.tsv	4251099	9a6e10de5d3d52bfde6eea3ae5ab1dcf	TCGA-A8-A07E	853456d8-2367-404e-abc9-020fe8bbd209	TCGA-A8-A07E-01A	Primary Tumor	Tumor	STAR - Counts
a9b2ff1a-3b37-4388-a1e6-826e2edea49b	aae81240-6757-42b9-8dce-9936f8574f19.rna_seq.augmented_star_gene_counts.tsv	4240897	a6453c1e30d0e56f136a207a0530980a	TCGA-AC-A3TN	81b70c58-4a12-448c-a594-2ade44f6a0ae	TCGA-AC-A3TN-01A	Primary Tumor	Tumor	STAR - Counts
a9b5ab37-10c2-4fb6-9c4e-3fcd5ea26526	dbc4f72a-3937-4092-92b8-d52c6b0c3340.rna_seq.augmented_star_gene_counts.tsv	4241654	f8d08cce1b63a4d287c030e55e40575b	TCGA-AO-A0JF	f357fe19-5359-4662-8ce9-aa996132283b	TCGA-AO-A0JF-01A	Primary Tumor	Tumor	STAR - Counts
a9f49b86-3801-420d-915c-0e09a15c6e59	1b87d18e-4b47-47d0-a6de-1bb9eedb04c9.rna_seq.augmented_star_gene_counts.tsv	4248392	45e9732c0c8e649403b6824586e885bc	TCGA-BH-A0BJ	d6f911b5-e895-43f8-8f86-0ac2f1bc6fae	TCGA-BH-A0BJ-11A	Solid Tissue Normal	Normal	STAR - Counts
aa2ab118-b3cc-4452-a29c-104f80f16f8d	752ec80f-0c1d-4c66-9927-a32f2f9dfb2a.rna_seq.augmented_star_gene_counts.tsv	4229072	e236617ebf3f5943487b98eb178110ba	TCGA-E2-A153	be9bf36a-12e1-4386-addf-1686dc8b49de	TCGA-E2-A153-01A	Primary Tumor	Tumor	STAR - Counts
aa4bc249-100e-4cf6-8356-1dc96b7dbea9	48e1886c-614d-4e2c-bf34-936fd82969c1.rna_seq.augmented_star_gene_counts.tsv	4251389	66cbd7509e2c9d6590838ceec1f253cf	TCGA-BH-A0B5	9da462b0-93c2-4305-89f6-7199a30399a7	TCGA-BH-A0B5-01A	Primary Tumor	Tumor	STAR - Counts
aa89d193-05a1-4f7f-9291-b9cf646656de	e06580e9-0b4a-48f7-9522-d54229aefb2d.rna_seq.augmented_star_gene_counts.tsv	4245532	4f6befb7a85bb2d42b5d404d26add7ee	TCGA-A8-A07W	01263518-5f7c-49dc-8d7e-84b0c03a6a63	TCGA-A8-A07W-01A	Primary Tumor	Tumor	STAR - Counts
aa9179e0-a44c-440a-a150-a9d5727579ea	144d0f39-feff-4dcd-a07d-abcc400e901f.rna_seq.augmented_star_gene_counts.tsv	4232904	299e6f8a65e144727d6885bac36266b4	TCGA-BH-A0B8	d3a75976-67d3-40fa-9f6f-cf2a3d7b773c	TCGA-BH-A0B8-01A	Primary Tumor	Tumor	STAR - Counts
aabb4a65-aff2-4f78-a969-bacbe5b80856	56cb5294-9156-4930-a3ab-c2607a79b65e.rna_seq.augmented_star_gene_counts.tsv	4240916	06cb0c26f54d878a3be29eb95c4df958	TCGA-BH-A0B1	b4e4fea2-b802-4a86-923e-3fcbd3c708fe	TCGA-BH-A0B1-01A	Primary Tumor	Tumor	STAR - Counts
ab06e3b7-52ef-45e4-8fc6-dbb4f63b110e	3daf8160-42c5-41bf-b251-77fce23a4aab.rna_seq.augmented_star_gene_counts.tsv	4235158	670fba712e068f40ef91846ff6f3afde	TCGA-BH-A1FN	6dd0dd7b-62ff-4fd1-a99a-b265f1a91dca	TCGA-BH-A1FN-01A	Primary Tumor	Tumor	STAR - Counts
ab3475d0-e057-4512-8c01-a5383359a1ad	d81b8303-62b4-46ba-9370-8c6a92cfa4fb.rna_seq.augmented_star_gene_counts.tsv	4251734	d63c9bea983348c567c8950e394a7b68	TCGA-BH-A0H5	cab38ea8-4555-413c-b81e-4621aac4ef85	TCGA-BH-A0H5-11A	Solid Tissue Normal	Normal	STAR - Counts
abefed1d-9f40-4a97-9435-4d9df47f7ebd	8b629c3d-0f28-4740-b681-6f064354f794.rna_seq.augmented_star_gene_counts.tsv	4253288	8c460aadd69a18092bca9564d76fd047	TCGA-D8-A147	fc18d029-9be2-4fa0-9aef-6d647dc55f0b	TCGA-D8-A147-01A	Primary Tumor	Tumor	STAR - Counts
ac16e2b7-9566-4330-8e13-4b31b92410e4	94367ad2-de29-4beb-8dab-f79174894cd2.rna_seq.augmented_star_gene_counts.tsv	4231779	c02d45b6d17832457718951be88472d7	TCGA-PL-A8LX	fe2cd610-aa52-4789-ac62-7683281bb22f	TCGA-PL-A8LX-01A	Primary Tumor	Tumor	STAR - Counts
ac70b1a2-ff7d-49db-a962-4c07479d50b6	89f7da93-c1fd-410b-8479-64ad9bed850e.rna_seq.augmented_star_gene_counts.tsv	4254742	d6b4b67b08ed9424127846c02d974891	TCGA-E9-A1N4	69a68fbc-e43d-4652-85ee-693211bded47	TCGA-E9-A1N4-01A	Primary Tumor	Tumor	STAR - Counts
ac7c3a38-5d88-488e-86f7-1c72a26fe5ef	11ed8e05-8f30-460a-b502-01ae09504315.rna_seq.augmented_star_gene_counts.tsv	4241467	73ceea5c7a23d355b2dbff86e8f4acc1	TCGA-BH-A18F	bfd49783-1767-469b-9d79-7822301c5efc	TCGA-BH-A18F-01A	Primary Tumor	Tumor	STAR - Counts
ac88a5c1-caae-4b08-87bc-0dedbe61d996	465928c5-ab56-46ff-acb5-76e36c97ebda.rna_seq.augmented_star_gene_counts.tsv	4254739	c6d265903484d4382285ef3e19d66d5f	TCGA-D8-A27F	1549dc64-3dab-43fc-96e9-b07d520957e1	TCGA-D8-A27F-01A	Primary Tumor	Tumor	STAR - Counts
acfa0ea5-3345-4734-9917-d3acc10d1a15	9d515fd5-009a-4c32-95e7-042909d70b9f.rna_seq.augmented_star_gene_counts.tsv	4245085	b58e84564ba4fb9cc94b556b75652ade	TCGA-BH-A18L	9ddc3e7b-8b54-4a83-8335-8053940f56c1	TCGA-BH-A18L-11A	Solid Tissue Normal	Normal	STAR - Counts
ad18b7e0-57ec-41c5-99a1-0c9d8740e0f1	fd2f42a3-d79c-466b-98c2-5f4d0a4a64e9.rna_seq.augmented_star_gene_counts.tsv	4253283	cec87e119bf2c7eaf776166149e4b5ba	TCGA-A8-A0AB	22eaba28-be67-4730-9846-860bc1fca29a	TCGA-A8-A0AB-01A	Primary Tumor	Tumor	STAR - Counts
ad1ea8c5-ca8b-49e9-a650-6012d71daf24	69d12077-db51-4a74-a090-9b26e0368ee8.rna_seq.augmented_star_gene_counts.tsv	4254922	3f019a48fcf4dbaa00e2960624f298e1	TCGA-AR-A0TS	972447aa-4332-47e7-bddd-2eb699dbb664	TCGA-AR-A0TS-01A	Primary Tumor	Tumor	STAR - Counts
ad4b2d76-b4bb-457d-903f-823630a4d37b	0940092b-46da-4975-bde7-f205fe12707b.rna_seq.augmented_star_gene_counts.tsv	4236411	bdce42c86cd0534dd4ed3e7bc239844d	TCGA-BH-A0H9	0f64edec-0f1f-4025-8a53-75f9534f7828	TCGA-BH-A0H9-01A	Primary Tumor	Tumor	STAR - Counts
ad67e3a9-1751-4e6f-a962-2175f824f96d	68503654-dd77-48f1-abab-aca55258dca4.rna_seq.augmented_star_gene_counts.tsv	4240644	79336625511450572cedc2d1ec133ddc	TCGA-A8-A07U	59bf0ce4-715a-4017-bccb-c59916e78324	TCGA-A8-A07U-01A	Primary Tumor	Tumor	STAR - Counts
ad8be67e-a885-4d33-8776-fa0a5f9863d1	570b216f-f99d-4be8-b179-48c8d30c6c06.rna_seq.augmented_star_gene_counts.tsv	4255120	450b7704515633253e0c950d20aa341d	TCGA-BH-A1F0	21ef1730-e5a7-47ce-b419-d000bb59ae15	TCGA-BH-A1F0-11B	Solid Tissue Normal	Normal	STAR - Counts
ada5cdcf-f9e0-4209-aa92-ac3b921bbdf4	7e48e080-0ec9-4589-ba1d-6f7a1f60a010.rna_seq.augmented_star_gene_counts.tsv	4258418	a9118dbf7f51e9cd86b2dedb5dce36d6	TCGA-E2-A14X	60df7543-6da5-4c75-943b-5800c1e08234	TCGA-E2-A14X-01A	Primary Tumor	Tumor	STAR - Counts
ae2e0936-a225-491b-8361-3c20663768d9	a0707dab-b8bd-4a57-a890-69a3f4daacf6.rna_seq.augmented_star_gene_counts.tsv	4232338	ddf434fd48abb854f0ec908b03f42bf5	TCGA-C8-A131	c49e3b18-fd88-48f4-8b01-300692ceb367	TCGA-C8-A131-01A	Primary Tumor	Tumor	STAR - Counts
ae72486a-e98c-4d72-b172-085d5b79df2c	b5e84055-487f-467a-9bc4-bd59ec82f183.rna_seq.augmented_star_gene_counts.tsv	4254898	e1b9b18f011bd9045ae7417e84d46ba1	TCGA-BH-A1FL	14d1d84e-99e1-41ad-8892-3b4da3d4f948	TCGA-BH-A1FL-01A	Primary Tumor	Tumor	STAR - Counts
ae7a394e-b030-46d3-8cf2-c378c0afdc81	c48d2d0e-5626-42b3-b508-75b3cceb053f.rna_seq.augmented_star_gene_counts.tsv	4236608	c0db94905a495416a87264a1f99b4e9c	TCGA-C8-A12W	6adca853-1b09-47ff-814c-47b732a76d96	TCGA-C8-A12W-01A	Primary Tumor	Tumor	STAR - Counts
aedc877a-f4b9-4657-b5c9-b7768b5751c9	ac792e04-54f4-4c6c-9cb5-23a7c1a4ed0b.rna_seq.augmented_star_gene_counts.tsv	4225267	9f6731176c4a2b40f73597071239a28c	TCGA-AC-A7VC	2b36853f-34d3-47c5-ba6a-e5a93233d2b1	TCGA-AC-A7VC-01A	Primary Tumor	Tumor	STAR - Counts
afedbcf7-d427-4371-9c2a-f349b03de522	6e209f42-3c0f-4f05-83d7-c982448ccb87.rna_seq.augmented_star_gene_counts.tsv	4254390	8908b49460257b8139db676237244ae9	TCGA-AO-A12E	2cbeadff-a8a3-4787-9d4e-f6b74c3ab5d9	TCGA-AO-A12E-01A	Primary Tumor	Tumor	STAR - Counts
b01d7dfd-b577-48b8-8bf2-3c74bb617601	6732c6de-0725-4a08-a1d7-211338a4363c.rna_seq.augmented_star_gene_counts.tsv	4227746	f93163bffb3fc83f8eb0b8e13a32cb52	TCGA-BH-A0B5	9da462b0-93c2-4305-89f6-7199a30399a7	TCGA-BH-A0B5-11A	Solid Tissue Normal	Normal	STAR - Counts
b0cc3c29-89fe-4010-8f56-137f2b897bce	f7c6320e-0c39-4b92-9a25-fd4e03b70362.rna_seq.augmented_star_gene_counts.tsv	4251892	016eb5a5728bc9be533195ba3169c38f	TCGA-E2-A1LI	3558dec7-eae3-4a41-a217-266c6a4535fb	TCGA-E2-A1LI-01A	Primary Tumor	Tumor	STAR - Counts
b0e49ee8-40e0-4edf-bcde-277a0fe1d12f	31bdedf8-eb1c-48ae-8d96-e06c2b3f27d2.rna_seq.augmented_star_gene_counts.tsv	4246201	fea610c79df49dbc71c32ab97d6c6467	TCGA-AC-A2BM	8159ff7b-89f4-411a-9b9c-491f1cb3eb34	TCGA-AC-A2BM-01A	Primary Tumor	Tumor	STAR - Counts
b0e906d2-e2ae-49fa-8d7a-8a00f1d6d0a1	fe15bb7d-6469-4778-9dc8-9e4c5877942c.rna_seq.augmented_star_gene_counts.tsv	4244229	0d7fa39c1275367339770c21cc79696b	TCGA-A8-A07R	72e486b8-a866-4916-b2e4-8b4bb5dcd92d	TCGA-A8-A07R-01A	Primary Tumor	Tumor	STAR - Counts
b0fc63c9-c4aa-4206-8636-47245f510cff	8d66b5ac-4ceb-40a3-b2b9-4d0c24be01a7.rna_seq.augmented_star_gene_counts.tsv	4228344	0143139e3b4327995e5e58c2ddb2b2dd	TCGA-BH-A0AW	c5891c7a-fd24-4891-8f51-373967e4a6dd	TCGA-BH-A0AW-01A	Primary Tumor	Tumor	STAR - Counts
b1ad91fb-fb78-4896-83cd-dad028a1d297	e49fbda2-881a-43c1-9c16-0b07fdd281a7.rna_seq.augmented_star_gene_counts.tsv	4228868	30722c7f785cc4216cfd3b61fc6c0e76	TCGA-A7-A26J	6cb6f179-defd-4661-af0a-c353b74c0c49	TCGA-A7-A26J-01B	Primary Tumor	Tumor	STAR - Counts
b1d29048-b913-40d9-bb58-97c107b95e8d	3719879b-e7b9-42b4-974c-f69735086cad.rna_seq.augmented_star_gene_counts.tsv	4264805	12f25f309067c13ff17c30e590ca2c94	TCGA-A7-A426	d48e9f25-f083-4f88-a92d-c12d9f765ba6	TCGA-A7-A426-01A	Primary Tumor	Tumor	STAR - Counts
b26b27b0-5209-483c-a359-9a5d3ae920e9	951bac30-0a85-4dd8-8470-c1a3b84817f9.rna_seq.augmented_star_gene_counts.tsv	4243684	06d641bf459dc45876edf91ebe3c92dc	TCGA-BH-A6R8	91b09291-5944-4691-a0d8-7d1ccc649b9b	TCGA-BH-A6R8-01A	Primary Tumor	Tumor	STAR - Counts
b2c326d7-25ab-42dc-afc2-bc93381062ea	defae193-bf7c-417c-b68a-57963eb454ef.rna_seq.augmented_star_gene_counts.tsv	4246714	98e626aa269cbea323613ae11f8bbcab	TCGA-AC-A8OS	d5e655fe-3fbc-47b0-ba23-1d1dd01d591c	TCGA-AC-A8OS-01A	Primary Tumor	Tumor	STAR - Counts
b2f5c7b1-96c1-4928-83e9-4f67ace3158e	3cf6f0ec-e11f-4a59-8d86-3e0bbc01f8e9.rna_seq.augmented_star_gene_counts.tsv	4241895	e64b1b2a9c3823355355c1706fde6b93	TCGA-A2-A04Q	b5fba77b-1f50-4e71-95b2-566afba4bdd7	TCGA-A2-A04Q-01A	Primary Tumor	Tumor	STAR - Counts
b2fdef29-2c03-4aaf-bac8-2e1e5d07333b	7acbca97-f38d-4da8-8d82-53a8eb0a43ef.rna_seq.augmented_star_gene_counts.tsv	4259735	1e01ba0f5293026a3851fb3be2ab83e5	TCGA-A7-A26H	dddd8e2f-e540-418a-b02e-698d18a12c14	TCGA-A7-A26H-01A	Primary Tumor	Tumor	STAR - Counts
b3b6d3bf-426f-4720-9adb-98783faa0eff	5782ee15-ce76-43d2-ba6c-e84284f4a99f.rna_seq.augmented_star_gene_counts.tsv	4225818	96cd6140c1994925d02aa1cbea83c39a	TCGA-A7-A4SF	d81594d9-dd6a-45c3-8bad-61960611d78d	TCGA-A7-A4SF-01A	Primary Tumor	Tumor	STAR - Counts
b3b9ae66-e8d1-4a32-a2a9-46931b753527	e627254f-65f9-4939-add4-bb77bfd92e16.rna_seq.augmented_star_gene_counts.tsv	4255561	37046328d56759798943826012f1702e	TCGA-D8-A27M	ae65baeb-6b78-492a-8c63-bb7e93e83dc2	TCGA-D8-A27M-01A	Primary Tumor	Tumor	STAR - Counts
b3d19aa0-af01-4998-b234-81f313b7a6f0	8c22f448-940a-46f4-a192-f389d1931f0a.rna_seq.augmented_star_gene_counts.tsv	4258986	524cf1e39d6c131a3e1e419c0b07ba27	TCGA-E9-A1NE	3d676bba-154b-4d22-ab59-d4d4da051b94	TCGA-E9-A1NE-01A	Primary Tumor	Tumor	STAR - Counts
b3eb0ef4-66e8-48df-9acc-fd252dc2ac61	f084874a-f9a8-4858-a858-d9b80871755b.rna_seq.augmented_star_gene_counts.tsv	4242344	35c64b0cad43916ef8bad00f95e73ba2	TCGA-E2-A573	6429c443-8ac3-407f-bb9c-66420b904bbf	TCGA-E2-A573-01A	Primary Tumor	Tumor	STAR - Counts
b46720bc-7f5a-4bf4-a2a3-3d9fe500d193	0633890f-584c-43d9-aa3f-7a6555533dd8.rna_seq.augmented_star_gene_counts.tsv	4254327	1f52fef56da3f111a3859ef3e2a2e7c2	TCGA-C8-A1HI	444374f8-9282-439c-af00-0f828edcbff3	TCGA-C8-A1HI-01A	Primary Tumor	Tumor	STAR - Counts
b4835808-46fa-4b6c-a933-92acc9908319	22c90647-bf63-49e1-972a-0ff9000b674b.rna_seq.augmented_star_gene_counts.tsv	4236211	f2e86bb3e5d0175996da4a3b3e3b5a3a	TCGA-A7-A6VW	98e709e7-e195-4b37-9537-f6081affb609	TCGA-A7-A6VW-01A	Primary Tumor	Tumor	STAR - Counts
b4ac6e06-8760-4cb2-883c-c829eaefdc4c	96668a75-e21b-482f-b699-0b5282909a9a.rna_seq.augmented_star_gene_counts.tsv	4246784	fa5bcb02e4e0a184d35b17ad7d4e7195	TCGA-BH-A0B7	214a4507-d974-4b3e-8525-7408fccc6a0f	TCGA-BH-A0B7-01A	Primary Tumor	Tumor	STAR - Counts
b4d6811f-cb5c-4ad9-8f13-5d58f0b6afd4	2df3cde4-5d53-4e2c-829a-e609f1d92a7b.rna_seq.augmented_star_gene_counts.tsv	4234228	b6d858215a436307187073a55903b116	TCGA-A8-A0A6	4b0d295c-e185-4b52-9752-178e5bc1d47d	TCGA-A8-A0A6-01A	Primary Tumor	Tumor	STAR - Counts
b54476c3-f6f1-4474-b447-72023ba97687	65c868ba-94ed-43f2-bfd1-814979ee9486.rna_seq.augmented_star_gene_counts.tsv	4249903	2a59a4e48f556d4c21a91e7c09e8672c	TCGA-AO-A0J5	c1442467-d618-435f-8792-b1a18f696f1a	TCGA-AO-A0J5-01A	Primary Tumor	Tumor	STAR - Counts
b5994562-8eab-43a5-9846-cd3916a9260f	24e5d229-23d1-49c2-bc00-ad3441b324cc.rna_seq.augmented_star_gene_counts.tsv	4243277	d8535524a6a0b56cdf52b9290d685045	TCGA-AO-A12H	b5b99291-507e-4b68-a039-9a0f571f55df	TCGA-AO-A12H-01A	Primary Tumor	Tumor	STAR - Counts
b5f2a171-35a3-4b7f-9221-199c589f3147	6d1979a2-956e-42d3-a192-01d872e36d22.rna_seq.augmented_star_gene_counts.tsv	4242327	d060bc8e03f83d0c3ef3bdab4e05e085	TCGA-E2-A15G	271e8024-a008-4bf0-9f6e-177f60096b1b	TCGA-E2-A15G-01A	Primary Tumor	Tumor	STAR - Counts
b5fc7f21-688b-4764-b0ce-c450ad902e06	eb688a21-10b9-43c3-88d3-2e9a8d30b42b.rna_seq.augmented_star_gene_counts.tsv	4239583	f67b0282620ca2f3bf37a9671c8e1dfc	TCGA-GM-A5PV	67c8dc41-edcb-4563-96b3-3f93f9edcbe9	TCGA-GM-A5PV-01A	Primary Tumor	Tumor	STAR - Counts
b6bbcd01-c1a3-42b8-afe7-c17b987903b0	a3624554-07c8-41d7-9b6b-f4cbf9de9301.rna_seq.augmented_star_gene_counts.tsv	4248934	d3e8847507aec0f14c89d2224015b3ea	TCGA-E9-A24A	9f3cc92b-fa22-478e-a2e4-6b4c8afb93d6	TCGA-E9-A24A-01A	Primary Tumor	Tumor	STAR - Counts
b70b68a1-28c4-4ed3-a04c-b622e583f10b	d6cc88bd-b0ba-4606-955d-2dc32e6d2d97.rna_seq.augmented_star_gene_counts.tsv	4240162	1152d1a79e43c12d26987e05b97d4ac5	TCGA-BH-A0DZ	478eb8aa-50b8-4ce5-98e4-d518ede4b174	TCGA-BH-A0DZ-11A	Solid Tissue Normal	Normal	STAR - Counts
b88daf3f-645d-4d11-a2be-2295e186747f	98b5b7d9-7f5d-48e0-ad50-7b22f379fef6.rna_seq.augmented_star_gene_counts.tsv	4244495	e3c997f705686155b4362f0d4f6cde4d	TCGA-BH-A18U	233b02f3-c4f0-4a67-9db5-e68d5cdaccb6	TCGA-BH-A18U-11A	Solid Tissue Normal	Normal	STAR - Counts
b8c05229-16e4-4888-9f44-556c5570a4af	1a3dcc95-64bf-4886-9807-9511b24f30af.rna_seq.augmented_star_gene_counts.tsv	4256753	9eb9f6d5e59178f5a0499d5e247f958d	TCGA-AR-A2LM	0bf6e772-1aa1-4f54-9a50-c1414e2f22f3	TCGA-AR-A2LM-01A	Primary Tumor	Tumor	STAR - Counts
b9220098-f6f9-4732-8e94-3c9eeb4b8479	c84dbd50-ff69-4824-afe5-1eaec5780d27.rna_seq.augmented_star_gene_counts.tsv	4228429	708cd9bb695167f76a0483c660d748dd	TCGA-E2-A1II	0fe1419e-a005-407c-8ae7-15c4c1579539	TCGA-E2-A1II-01A	Primary Tumor	Tumor	STAR - Counts
b93b04d3-7526-4d65-bc15-0148e75ac225	2244c5e8-a873-4e29-abb7-e869a7d79e3f.rna_seq.augmented_star_gene_counts.tsv	4243325	9e79821ad33e1f220332a4aa75a2ba0f	TCGA-D8-A27P	c54d5507-bba5-4a1e-8885-3c3b1eed13c1	TCGA-D8-A27P-01A	Primary Tumor	Tumor	STAR - Counts
b9549737-232d-446f-812f-e7e015bfb462	ca05380c-ec64-451e-9834-9a5996017749.rna_seq.augmented_star_gene_counts.tsv	4251180	0c35879bb6a48762928d9742e2151419	TCGA-EW-A1J3	bb1de798-0c02-437e-b539-33cb556d3993	TCGA-EW-A1J3-01A	Primary Tumor	Tumor	STAR - Counts
b96a8979-77c1-41b5-a247-0342262d30f7	b2868132-6476-4eec-9032-2a668d894baa.rna_seq.augmented_star_gene_counts.tsv	4242948	1e4e3b8ea0b24b60b1b1e42e8aa67666	TCGA-B6-A0I8	6e6408d6-6c48-4dfc-9f1c-28b7386e87b4	TCGA-B6-A0I8-01A	Primary Tumor	Tumor	STAR - Counts
b9a1e2f1-e5c4-4855-9720-4c168474dd26	5028f9f0-d9ff-4439-9084-fee423ad4ca7.rna_seq.augmented_star_gene_counts.tsv	4261226	f5d1a972d49161a31e0b7bd18a071e61	TCGA-BH-A0DL	ba39bfbc-5cac-4f6c-b55c-4eee3466ee93	TCGA-BH-A0DL-11A	Solid Tissue Normal	Normal	STAR - Counts
b9bdb9d3-4d2b-4a53-9804-d0511174e553	49e456c9-c47b-4663-bf6f-9f8f4e4e71a5.rna_seq.augmented_star_gene_counts.tsv	4249088	c68d20cdb92d62abe7e0669fef6cc03d	TCGA-A7-A0CH	9de678e5-67ed-4453-a98b-7ac351d5d0f1	TCGA-A7-A0CH-11A	Solid Tissue Normal	Normal	STAR - Counts
b9d564b4-4561-44b2-b020-baf106f23baa	0af3ed73-d962-492c-9dc5-85247cd3de03.rna_seq.augmented_star_gene_counts.tsv	4247994	807e3ac994b1e1ab6734c3fc14c3837c	TCGA-AO-A1KS	bb8d42d3-ad65-4d88-ae1d-f9aadfc7962d	TCGA-AO-A1KS-01A	Primary Tumor	Tumor	STAR - Counts
b9eb33d4-1017-42cf-b72c-f917de5425e7	8fe92722-33b4-421a-9229-7d82e8af0ce2.rna_seq.augmented_star_gene_counts.tsv	4233653	be4891d1f4f26e9fbae2c3316453828a	TCGA-E9-A1RF	c694615c-b1c6-499c-8058-995633ebf948	TCGA-E9-A1RF-11A	Solid Tissue Normal	Normal	STAR - Counts
bab81011-81b1-4fa4-bda1-fddec99245f5	c07f871d-fea0-401a-b0c5-ec5685c311d7.rna_seq.augmented_star_gene_counts.tsv	4237428	cf6c163f68930031833efa96a2522713	TCGA-A2-A4S2	9ddc014d-9a8b-407b-845f-452a73f08e5e	TCGA-A2-A4S2-01A	Primary Tumor	Tumor	STAR - Counts
baec6a46-7c48-41ed-a8a9-eef52d32cba3	eb17c782-c3a1-458d-8e2d-cadb58c7655a.rna_seq.augmented_star_gene_counts.tsv	4230216	52c51a3e04f6955a715a02ba33e94131	TCGA-A7-A0D9	17baef7c-d97d-4b98-ab53-503ef856523d	TCGA-A7-A0D9-11A	Solid Tissue Normal	Normal	STAR - Counts
bb1ee078-38d1-4e5d-af50-50754fce7112	2553a422-8136-4fb9-95af-3ffafff2d223.rna_seq.augmented_star_gene_counts.tsv	4237626	642c9d086395fa42c92f0c232fc662b1	TCGA-BH-A6R9	43cc074d-b85a-4b0b-8feb-833094ffc565	TCGA-BH-A6R9-01A	Primary Tumor	Tumor	STAR - Counts
bb3c5c27-7e75-43cc-8dfd-eab290e2f9da	f58dd06b-ab52-42e5-8603-cde9c4eb7fed.rna_seq.augmented_star_gene_counts.tsv	4247923	26d59d98d0c61902fb0199bd11fa7f89	TCGA-BH-A8FZ	1cc30842-4a5b-4f07-b36f-5b84ceaa5662	TCGA-BH-A8FZ-01A	Primary Tumor	Tumor	STAR - Counts
bb761704-bced-4fd6-9a90-187595b1d005	05ebe1e0-bf0d-4622-bc45-b0eacffdebcc.rna_seq.augmented_star_gene_counts.tsv	4247132	91816c864a31cf822d8035c3b754ae4c	TCGA-AC-A2FK	79126e88-9cf8-45ff-bf91-a98da3b304d7	TCGA-AC-A2FK-01A	Primary Tumor	Tumor	STAR - Counts
bbd09e9b-84ba-458f-a595-b03069b843dd	2100a159-27a6-47f2-a2f2-58f5343e88b0.rna_seq.augmented_star_gene_counts.tsv	4241021	9e7c5927530a08b7b71f8c7999aa97cc	TCGA-A2-A0T0	95c53f69-0f05-4348-822a-571f3d757001	TCGA-A2-A0T0-01A	Primary Tumor	Tumor	STAR - Counts
bbe70939-24be-4397-a125-510cad51337c	870c128f-49d0-462a-8970-5175e791096b.rna_seq.augmented_star_gene_counts.tsv	4241333	43125dbaf6708320c8313f1328f75ea0	TCGA-A8-A07S	a20fa2c4-a502-47e3-bfaa-2ec4cce3a859	TCGA-A8-A07S-01A	Primary Tumor	Tumor	STAR - Counts
bbff7857-30a2-41ad-b2f7-5a6ffc59fe0c	0db633a3-b1da-4caf-8e2c-89c0bc422869.rna_seq.augmented_star_gene_counts.tsv	4221956	d53d7767d7fc382000d45d505958b364	TCGA-GM-A2DI	66fa504c-4ae4-49ac-9355-1e063776dc0d	TCGA-GM-A2DI-01A	Primary Tumor	Tumor	STAR - Counts
bc0a4326-63d2-4ec4-9af6-7b421aa8aa49	650319bc-20e1-4451-bcb5-a35c360060ef.rna_seq.augmented_star_gene_counts.tsv	4238766	f40213ccf554f506a420c71cc2ba0fe5	TCGA-E2-A106	87e09544-eddb-473b-8617-212407ce644e	TCGA-E2-A106-01A	Primary Tumor	Tumor	STAR - Counts
bc23716d-70e8-486e-b512-8c45654d5d83	8411b896-9d24-47d3-8a28-1c9cd6313939.rna_seq.augmented_star_gene_counts.tsv	4235724	bc80ab17c6c16c9286526c9d13f1b9bd	TCGA-BH-A0E6	6c0066e3-96df-4870-bcd3-98cda64082e9	TCGA-BH-A0E6-01A	Primary Tumor	Tumor	STAR - Counts
bc39baa2-786e-4d9a-874e-a7f4febc3be2	bb7098ae-862b-488c-b67e-01ed682ec783.rna_seq.augmented_star_gene_counts.tsv	4243788	924842125ad905dd06b7da69b66979fb	TCGA-AO-A03V	a6cb373a-1604-4e25-bd81-da6c3e4f06ee	TCGA-AO-A03V-01A	Primary Tumor	Tumor	STAR - Counts
bd239a8e-56e2-45ca-bc44-bff98b72c1d6	d28a7c02-2f33-46e2-bff9-5ed518ea6fb6.rna_seq.augmented_star_gene_counts.tsv	4256261	29dd21ad6b69b899dbc5d44104a2d695	TCGA-BH-A18R	f6e1ec78-5ad9-4879-9b7e-262d17b166ad	TCGA-BH-A18R-11A	Solid Tissue Normal	Normal	STAR - Counts
bd86e2d9-6098-4f78-9e9b-f2f95367c739	952883cf-24c2-4ed7-bb96-3f736c15ae3d.rna_seq.augmented_star_gene_counts.tsv	4241309	4c2b78b92ef166e74622914cbcd491f6	TCGA-AC-A2BK	6fa2a667-9c36-4526-8a58-1975e863a806	TCGA-AC-A2BK-01A	Primary Tumor	Tumor	STAR - Counts
bdee019c-38ae-4686-84fe-2454ba4c70dc	504f8320-62f8-4205-926a-a54d042d0e98.rna_seq.augmented_star_gene_counts.tsv	4252975	b8122d2be5c5e3ef65d042168d6696de	TCGA-AR-A254	6014a582-d22e-46e1-9000-c8e2fbad7acf	TCGA-AR-A254-01A	Primary Tumor	Tumor	STAR - Counts
bdef0c66-0755-4581-b813-87c8512754ba	2e36839f-3155-4e05-9ed3-404522fdb04f.rna_seq.augmented_star_gene_counts.tsv	4245221	b3ca1fbb5cab76c57b14d3c21d6d12fe	TCGA-AO-A129	c70ee5e1-4703-4996-bb5c-f4cca0fb53ba	TCGA-AO-A129-01A	Primary Tumor	Tumor	STAR - Counts
bdf5a2b7-f9cb-4668-9687-1db0541bdfe4	47750d31-987c-48bc-b5a2-4872eecb0ed0.rna_seq.augmented_star_gene_counts.tsv	4229748	f9d9bdb8257c6c88b6ba6d06d2210f0b	TCGA-BH-A8FY	5f4d16aa-9cc4-4edb-b714-394e2661439a	TCGA-BH-A8FY-01A	Primary Tumor	Tumor	STAR - Counts
be002264-f534-49b3-90d1-fd5a3f622fb2	f0024165-4df2-454e-a0cb-17720455c0c9.rna_seq.augmented_star_gene_counts.tsv	4239294	b6a534c1153285f32b368966c7b94cfe	TCGA-D8-A143	1c40b84e-a0e3-429f-a48c-21566cf881c0	TCGA-D8-A143-01A	Primary Tumor	Tumor	STAR - Counts
be10214b-9a03-4556-b28b-5775028c782b	825c4fa0-4d98-402e-9c1b-9ee0a1a6ce15.rna_seq.augmented_star_gene_counts.tsv	4257572	32b0e3b6c6e627952341f7611e103f24	TCGA-AC-A3W7	2481a671-760b-428c-968d-42e25fd42ac5	TCGA-AC-A3W7-01A	Primary Tumor	Tumor	STAR - Counts
be386ce9-a12f-4c16-80ba-a5d47d5b374e	13daffbb-aa53-44f9-a6ed-5fd43ed37471.rna_seq.augmented_star_gene_counts.tsv	4246188	f1186dfb90ed4942b330147c414b790f	TCGA-E2-A1LB	fa176764-a76f-44c7-b97a-cd6d21e052be	TCGA-E2-A1LB-11A	Solid Tissue Normal	Normal	STAR - Counts
be4d1c31-e925-4eb0-aa96-974b6f6bcc07	1babcd23-5abc-4f27-b367-a093590e9f6d.rna_seq.augmented_star_gene_counts.tsv	4227246	b2e419734564a48a33982e0f82c79efc	TCGA-A8-A06X	70931617-b3df-4a12-8e3f-2b2307602f48	TCGA-A8-A06X-01A	Primary Tumor	Tumor	STAR - Counts
be65c37e-7aa8-466d-a1fe-102e8e25e2e9	35120b68-e618-46a1-9641-1e635f633372.rna_seq.augmented_star_gene_counts.tsv	4251794	2f90516d4092de6dd0ca87891b55a630	TCGA-AR-A255	e8f3cc64-5e15-4f4d-b73e-5c9b250a664c	TCGA-AR-A255-01A	Primary Tumor	Tumor	STAR - Counts
be6f8b24-e668-41c6-89f7-f4cdc8533cae	63afc197-8c49-4150-a98b-61c47f182778.rna_seq.augmented_star_gene_counts.tsv	4212428	0bd36c479625da026d797cee29bbb40e	TCGA-BH-A0DZ	478eb8aa-50b8-4ce5-98e4-d518ede4b174	TCGA-BH-A0DZ-01A	Primary Tumor	Tumor	STAR - Counts
befa225f-9fe9-412f-a503-449874cf52d8	9fb65d01-d51d-4cbb-99f3-a09f5d6c206b.rna_seq.augmented_star_gene_counts.tsv	4232201	91f81b9a82892bdb7730a852b67ebfa3	TCGA-C8-A12T	71229981-97c2-4ae1-a130-fe5de336b37d	TCGA-C8-A12T-01A	Primary Tumor	Tumor	STAR - Counts
bf26a3fb-39a8-4eff-b801-a7dd915e73f5	01ae5613-1c58-4d02-8fd3-47d35d71c22d.rna_seq.augmented_star_gene_counts.tsv	4233729	2ce655325db949c2399cb172a8e09a90	TCGA-AO-A12G	58c56d4b-3f85-4aad-a779-5f9e1791677d	TCGA-AO-A12G-01A	Primary Tumor	Tumor	STAR - Counts
bf6e2b60-d65b-4963-8e8e-49ab3f93c3e1	c9f641bc-d9fe-4cd6-8e73-bbf6935aee52.rna_seq.augmented_star_gene_counts.tsv	4255631	5815b5ad5ccd1a921c59f7feb719d239	TCGA-A7-A13D	8785012f-f73e-4d68-87cf-1d804af32782	TCGA-A7-A13D-01B	Primary Tumor	Tumor	STAR - Counts
c003fb3b-179c-49b0-8d9a-656c4dc39901	5fc65e17-1d90-411d-b01d-f6aaa72730f9.rna_seq.augmented_star_gene_counts.tsv	4245329	26cd65a88b039c33d5c1638f8b308ad7	TCGA-E2-A15L	37242f5a-25ae-4b1f-9ce6-09ce1dc92539	TCGA-E2-A15L-01A	Primary Tumor	Tumor	STAR - Counts
c00ad8a9-ed1d-4289-aa62-3e64cb574205	b47b2efb-02e1-4729-95ad-de05fb551bc7.rna_seq.augmented_star_gene_counts.tsv	4244649	79772279474d170b900d28161aa9f2e3	TCGA-AN-A0FF	d5cab7f5-e4f1-40ee-a0c8-4c8004c1c9a0	TCGA-AN-A0FF-01A	Primary Tumor	Tumor	STAR - Counts
c0f6d246-c872-41a5-8135-2bdbdb1f924f	f9506da9-20a3-4124-a614-eb525787ea45.rna_seq.augmented_star_gene_counts.tsv	4248329	03161539d6622a38903b6e76b3ce92c0	TCGA-A2-A3XX	53886143-c1c6-40e9-88e6-e4e5e0271fc8	TCGA-A2-A3XX-01A	Primary Tumor	Tumor	STAR - Counts
c15e9ead-0373-486e-a99b-26b96bd3ccc4	27c65ed6-9e9d-4a9d-9b6f-76d2a12f7699.rna_seq.augmented_star_gene_counts.tsv	4242237	8ae59809488a8121e4706c1abcfbd072	TCGA-EW-A1P8	359f12f9-5c41-48a4-85bc-fd7e307bf7d8	TCGA-EW-A1P8-01A	Primary Tumor	Tumor	STAR - Counts
c1778b3c-5649-4e26-b937-fd00ffd58387	1dd10557-4e50-4af0-87c6-b4b3f6fa3a15.rna_seq.augmented_star_gene_counts.tsv	4257552	edd92db3d114181a930e57aa63790116	TCGA-A8-A097	dcfd0b1d-5707-44a6-b225-5e8f7cea5ca1	TCGA-A8-A097-01A	Primary Tumor	Tumor	STAR - Counts
c1ac2f8b-9ff2-47b9-a685-6cf10a7a925f	4eee2055-ed1f-4958-b214-4cff055c87bd.rna_seq.augmented_star_gene_counts.tsv	4235339	a3db949ff4826833be315b8d0cde6aa7	TCGA-BH-A0E1	606fbc6a-b41b-441d-9401-51e54912bf5e	TCGA-BH-A0E1-01A	Primary Tumor	Tumor	STAR - Counts
c1d62c39-f3ab-47d3-b654-8b6285cd97a3	5a3d1b74-f904-44ef-94a0-b38291e30be6.rna_seq.augmented_star_gene_counts.tsv	4240380	c59b0d27dd45b23bf5930cbe77be54cc	TCGA-BH-A0HF	17ca61a2-607a-45ff-88fa-ef72e80bf891	TCGA-BH-A0HF-01A	Primary Tumor	Tumor	STAR - Counts
c1f3f326-e99f-4811-9665-d15d6d8a1c33	8b0bdebf-7292-4b66-bcf2-fcb0a06c24e3.rna_seq.augmented_star_gene_counts.tsv	4229758	de75afc9b2969a0f1bb31cd4011d141e	TCGA-E9-A5FL	e3935ce4-64d3-4a66-ba11-d308b844b410	TCGA-E9-A5FL-01A	Primary Tumor	Tumor	STAR - Counts
c1f6f39f-db8f-4449-bfb2-d1f3f2a95d22	d4bca8f9-f63e-43bb-ab6b-7529a86afac5.rna_seq.augmented_star_gene_counts.tsv	4247383	08f13031508a8ffb56b48eced6878574	TCGA-AR-A1AW	a12fd22a-7f84-4b6e-b6d8-012e38eb73d7	TCGA-AR-A1AW-01A	Primary Tumor	Tumor	STAR - Counts
c2515ef2-5cfc-4cc2-9541-ae072616d361	f8ff90c6-3554-4e19-ae56-18f30f51f9b5.rna_seq.augmented_star_gene_counts.tsv	4242493	d61084c7ec83790624ec22b272b5b8e7	TCGA-AQ-A0Y5	d0b78f3f-a198-437a-ab8c-204345d3b75d	TCGA-AQ-A0Y5-01A	Primary Tumor	Tumor	STAR - Counts
c25c7ca5-8d03-4bba-b42b-c8b1042c0d48	fac3e41a-3b98-4293-855f-d23cb01522d0.rna_seq.augmented_star_gene_counts.tsv	4249086	9fe28a6203fc2b9b77545c5f650c7a53	TCGA-OK-A5Q2	cd7fb75e-1c2e-4201-86d3-b3ba21f476bf	TCGA-OK-A5Q2-01A	Primary Tumor	Tumor	STAR - Counts
c28e4bbf-6ddc-42fd-9268-826edc17aee5	cae39998-47d3-4a80-8acb-67d3a9518306.rna_seq.augmented_star_gene_counts.tsv	4266924	1e428351f2a73c8d6ef98973d3a80c2b	TCGA-E2-A1B6	e0b1bcd2-1139-44b9-98b3-67bcf92bcc39	TCGA-E2-A1B6-01A	Primary Tumor	Tumor	STAR - Counts
c2c7669c-0eea-48a8-add8-bd5ea3f9808f	5dc7afc5-90d0-4286-a6f9-c2548f930e35.rna_seq.augmented_star_gene_counts.tsv	4239348	b544c8d81d046220e74c935c74fe33c6	TCGA-A8-A07P	8cccf160-93e9-48a5-9b8b-54aa50153142	TCGA-A8-A07P-01A	Primary Tumor	Tumor	STAR - Counts
c32d5451-815d-4451-97b1-e61801574c22	dcd8e56d-d2a0-403b-89c9-351c7aae47ad.rna_seq.augmented_star_gene_counts.tsv	4236714	4d7546a68a2eb5b353fc0a91516b346e	TCGA-BH-A1FG	d4e7426c-9739-4585-9114-e564b13c7c02	TCGA-BH-A1FG-11B	Solid Tissue Normal	Normal	STAR - Counts
c38adc46-f0f2-4c71-91b6-da2159dcb190	0f9b8032-b21a-4480-8434-d174760a7ddd.rna_seq.augmented_star_gene_counts.tsv	4234157	eecb7df6270d554f7ba621a96cce7b67	TCGA-AR-A0TW	8da3d6cf-381b-4d1b-93fa-41fd9d2b2e66	TCGA-AR-A0TW-01A	Primary Tumor	Tumor	STAR - Counts
c3b9e954-9acd-481d-b6d1-86db1e62d037	c0285709-159c-46dd-8bd8-50fad06513dd.rna_seq.augmented_star_gene_counts.tsv	4232411	cc3b27e01805c24b0161bf15802b7a07	TCGA-E9-A1N6	955d4263-61f7-42e8-8a6e-772a0d6c209d	TCGA-E9-A1N6-01A	Primary Tumor	Tumor	STAR - Counts
c3bab823-4bf2-40ea-903c-fb342067c893	187f14ba-0002-4f99-9eb1-af93cbfdd4c2.rna_seq.augmented_star_gene_counts.tsv	4272720	b80c49bbf0320978dd1bddf880b81bb7	TCGA-BH-A1EU	a1093598-d3a8-4ffe-83fc-bc7d1faff7e5	TCGA-BH-A1EU-01A	Primary Tumor	Tumor	STAR - Counts
c3f4adee-86da-42fa-b37a-d48d66f89e09	713df9b5-ea25-464c-b13e-fe8b61fe363d.rna_seq.augmented_star_gene_counts.tsv	4238604	f1804349e2b4fc7438bb780634a3d130	TCGA-A2-A0EQ	2192c1db-4718-4254-ba42-3ae7f30ad5a8	TCGA-A2-A0EQ-01A	Primary Tumor	Tumor	STAR - Counts
c4241ab5-95b7-4870-aaed-55541756c42f	a2b214c2-a5d4-4ce6-b505-e1438027236d.rna_seq.augmented_star_gene_counts.tsv	4242278	e0a6ac72aa47e0bfb3ec2a44db045517	TCGA-A8-A08C	78e1da41-127c-4e9c-aaaa-77a0d94c31d0	TCGA-A8-A08C-01A	Primary Tumor	Tumor	STAR - Counts
c440cfb1-33ec-4be4-a4a4-4aea9a66d021	484b85c7-1102-4d34-89b8-8ce458b55d2b.rna_seq.augmented_star_gene_counts.tsv	4228325	1086d9b5a4dbb8ed5c54a945c5196e8f	TCGA-E2-A158	a6edb6ca-ae9f-4da7-8ebe-92d83d2987fb	TCGA-E2-A158-11A	Solid Tissue Normal	Normal	STAR - Counts
c441b2f1-d5ad-4aae-a37e-946579ff604f	5c957f54-8c46-4f13-a22b-49c175e8af3a.rna_seq.augmented_star_gene_counts.tsv	4236518	9469b9b62c3edbe21e94469359127c09	TCGA-OL-A5RW	a82d0a57-4383-473d-b334-d13b278404b1	TCGA-OL-A5RW-01A	Primary Tumor	Tumor	STAR - Counts
c47a7c89-551d-4115-94e4-7ba4b938e88b	698e64da-61aa-4d7b-9f33-21d627cb4721.rna_seq.augmented_star_gene_counts.tsv	4245983	1f091ba0d31f29934f44193b74ae3d6e	TCGA-B6-A0WS	197741de-a098-4f04-bb37-8ea8b3bb39bc	TCGA-B6-A0WS-01A	Primary Tumor	Tumor	STAR - Counts
c4a9a1df-4397-409e-85ec-30e0789377c2	18e5bf73-efdd-4c75-957c-68a94f6cb396.rna_seq.augmented_star_gene_counts.tsv	4258554	d01d1c77615cab20062d0a94f2f01506	TCGA-BH-A42V	57cf380d-ab52-467f-b9ae-740b2f84c820	TCGA-BH-A42V-01A	Primary Tumor	Tumor	STAR - Counts
c4afcca9-94e4-4ecd-98d1-0aab86de8685	7dfcf573-5004-4c46-a269-8a07e303f873.rna_seq.augmented_star_gene_counts.tsv	4252049	fb2ac4fc881f12795a248066327e4d1b	TCGA-A2-A0YL	b205c89f-af62-4186-acad-ed23d243fa98	TCGA-A2-A0YL-01A	Primary Tumor	Tumor	STAR - Counts
c4ceaaf8-4803-45d7-9937-42d25db60148	9ae5c03c-326d-4492-9cc3-4ba17beb09ad.rna_seq.augmented_star_gene_counts.tsv	4246000	3b7d7212a489867b6d838171adbc109c	TCGA-B6-A402	75b3fe55-1a63-426e-867e-2ef52f54778d	TCGA-B6-A402-01A	Primary Tumor	Tumor	STAR - Counts
c55e6460-fea1-468e-951e-bf45bbddd7a6	d0d2b8fc-6915-49fe-ae4a-f80e2d090cf5.rna_seq.augmented_star_gene_counts.tsv	4236078	bd998bf18d88c69169479f042b8d2930	TCGA-A7-A0CJ	d69e59a8-b10b-46f5-b859-b6c178d90506	TCGA-A7-A0CJ-01A	Primary Tumor	Tumor	STAR - Counts
c587bd27-778a-4729-b614-e0631bb3717b	f79d6a7e-eaaa-4382-a5ed-600cf8d45824.rna_seq.augmented_star_gene_counts.tsv	4241110	9a03c942a5797cc4cdd0a4e2442c324c	TCGA-E9-A22E	64d4dfae-8d91-464b-adc3-80ba7caf54ae	TCGA-E9-A22E-01A	Primary Tumor	Tumor	STAR - Counts
c5baa506-f18b-42d8-bafd-4e9b85e1d390	54022a08-1016-45a7-ac33-5a40b4b5e6b3.rna_seq.augmented_star_gene_counts.tsv	4247363	3354bc0d17441cfbf62f43e5a1878acc	TCGA-A2-A3Y0	174850b4-5ec2-462b-a890-89bd1716b3c2	TCGA-A2-A3Y0-01A	Primary Tumor	Tumor	STAR - Counts
c5e46ae9-c4c1-4afd-a772-392ede15808d	490dfd10-0c85-48a9-b4ce-22b4445ed504.rna_seq.augmented_star_gene_counts.tsv	4250628	09fdca65f08982af468938e67af11048	TCGA-AN-A0FZ	8240c4ae-f878-4882-aa07-7857c7ac52cf	TCGA-AN-A0FZ-01A	Primary Tumor	Tumor	STAR - Counts
c642f518-6ba5-4c90-9f0c-0bad0ed80199	ea16db3d-eb2a-44b3-bf22-258e583dbcf4.rna_seq.augmented_star_gene_counts.tsv	4241370	71ecce6a17aef3116e9c9f6e594f80be	TCGA-BH-A0DQ	a851ca14-7bbf-455b-a054-ec03979a4247	TCGA-BH-A0DQ-01A	Primary Tumor	Tumor	STAR - Counts
c64a0adb-56a8-4966-9dd9-1acd789c1bb3	c50adee7-f053-484e-8a2f-f66c94a14fd3.rna_seq.augmented_star_gene_counts.tsv	4233670	5f1ed50dda35f2969f8fc0ca54975bb0	TCGA-A8-A07J	316625b8-a217-4829-90d1-dfd9cb7e4bc3	TCGA-A8-A07J-01A	Primary Tumor	Tumor	STAR - Counts
c6882939-729e-4360-b850-9f7a84df2d7e	62298f43-7f8b-430e-9a23-0ee0ffbc1162.rna_seq.augmented_star_gene_counts.tsv	4227619	87728d2d66bf0b327930a94b865047ca	TCGA-E9-A54X	3dbc8d60-3a97-47b2-91d0-c18fb46b4365	TCGA-E9-A54X-01A	Primary Tumor	Tumor	STAR - Counts
c6a4afd8-8044-475f-b4fd-a1b4cb922976	58bcabc9-6f6b-43c0-bf40-fa9396c6c9d7.rna_seq.augmented_star_gene_counts.tsv	4216938	a2fe2c45fccabd23f8c860c4fc8701b3	TCGA-E2-A1BC	d8492ebd-3d94-4a4b-8de7-386526691cc2	TCGA-E2-A1BC-11A	Solid Tissue Normal	Normal	STAR - Counts
c6ec90b5-d323-4a55-b48a-c3acf38557ba	92e64d91-88d8-4b1f-ab56-b593748b9f19.rna_seq.augmented_star_gene_counts.tsv	4245766	0a4467b5482c0efa4c43c324840fcaa5	TCGA-B6-A1KC	1502c7d7-1535-4e56-9f34-30623acd50d5	TCGA-B6-A1KC-01B	Primary Tumor	Tumor	STAR - Counts
c6fd0f95-d74a-49e3-9a70-fec12e63ff1a	a17d056c-59ee-4c93-9357-19d57f108144.rna_seq.augmented_star_gene_counts.tsv	4246394	7a14e15f5ba5c6a7b63e3510bc5fa9bc	TCGA-BH-A18K	50619f8c-10aa-464a-a227-90a7aa6ffd43	TCGA-BH-A18K-01A	Primary Tumor	Tumor	STAR - Counts
c7019746-2fcf-4b4b-b7e5-025413e1014f	c568f4a0-601e-4b45-b69e-cde40d94bb3d.rna_seq.augmented_star_gene_counts.tsv	4241705	e8f6651521691d4f43dd437a9278298c	TCGA-A2-A0EU	c0427237-b476-4af4-b664-7bd479922ea5	TCGA-A2-A0EU-01A	Primary Tumor	Tumor	STAR - Counts
c71bfebf-e152-4706-bd72-07103f936a85	b35a11fb-548c-4b6c-99e7-c4114be6411a.rna_seq.augmented_star_gene_counts.tsv	4237997	8f9009161ce30dc51a3b8ae9067c7360	TCGA-B6-A0IH	2476dda9-da2a-4242-9642-b92b8b9b1c79	TCGA-B6-A0IH-01A	Primary Tumor	Tumor	STAR - Counts
c7571e35-d912-4935-b2c3-bbba019fe9f8	0f3b932e-de72-483f-9ef6-74ae972637bd.rna_seq.augmented_star_gene_counts.tsv	4247871	c243111658a7ee38e11dcaf3eeadfd59	TCGA-A2-A0EY	d67cd793-2931-429a-9084-2f3c4c8be7ad	TCGA-A2-A0EY-01A	Primary Tumor	Tumor	STAR - Counts
c7646bc5-436b-4ad5-b5ae-894b2e843cda	158ab1d9-8925-4a05-95da-b2e0ca297474.rna_seq.augmented_star_gene_counts.tsv	4246730	1769f7a4f42471f1f9a8977bae600208	TCGA-AO-A0JJ	bef7b135-a727-45e8-850a-cc4cd56c49aa	TCGA-AO-A0JJ-01A	Primary Tumor	Tumor	STAR - Counts
c782b873-2727-4fe4-9c9a-741964290349	444d0a78-82fe-4a80-9b41-d7daf98506ca.rna_seq.augmented_star_gene_counts.tsv	4233204	e564f42b8cb63345ea7009091490ccc1	TCGA-C8-A26X	70ab4f23-23c4-409f-a5cc-18a010c3a24e	TCGA-C8-A26X-01A	Primary Tumor	Tumor	STAR - Counts
c7aeba7e-b78e-4586-a4dd-8a04cc440737	f48956a3-c821-429f-b1ad-a27133d739bd.rna_seq.augmented_star_gene_counts.tsv	4246073	c1eec3dc00fe57bc150f50f811eb73f2	TCGA-BH-A18Q	db4bc6aa-2e7d-4bcb-8519-a455f624d33b	TCGA-BH-A18Q-01A	Primary Tumor	Tumor	STAR - Counts
c7db3ef0-0440-4fcf-a18b-c70b3f88e327	fc801acd-4b1f-46e7-bc1e-47752fb08779.rna_seq.augmented_star_gene_counts.tsv	4247125	faa9024b8f05713be3354580a33d283e	TCGA-A8-A092	38a8b734-9acc-42f9-b5b7-e51b0dfc6504	TCGA-A8-A092-01A	Primary Tumor	Tumor	STAR - Counts
c7f1e894-f50d-437c-ad42-4a35f531c795	b656d5d9-3bd0-4d76-b7ad-6440cc706048.rna_seq.augmented_star_gene_counts.tsv	4229422	e1ec69c617443bd214cbf43c40c2a96e	TCGA-S3-AA12	2bcacfd1-6a45-4b96-9b80-2ad569b1ab45	TCGA-S3-AA12-01A	Primary Tumor	Tumor	STAR - Counts
c84958db-e7a3-4cd5-9b5e-a5435a86021d	9dd14de1-13c3-4586-8aad-1f3b0cb63de7.rna_seq.augmented_star_gene_counts.tsv	4226020	7f916f7a0449a0bccdfd6dc482a365ca	TCGA-BH-A1EO	4510295e-8aa7-4ef1-b2b7-91cc902f8200	TCGA-BH-A1EO-01A	Primary Tumor	Tumor	STAR - Counts
c89590e8-8b74-4c05-a022-e21eab5cffdd	9079bad4-9d01-4eb9-999d-35ad734be2e8.rna_seq.augmented_star_gene_counts.tsv	4220995	edcf72c86c5f03541c862ad4e9cdea61	TCGA-A7-A0DB	f130f376-5801-40f9-975d-a7e2f7b5670d	TCGA-A7-A0DB-01C	Primary Tumor	Tumor	STAR - Counts
c8b0b391-320c-4fea-9b68-3070103cb148	508e541e-c751-42cd-8f8c-a57a835daf1b.rna_seq.augmented_star_gene_counts.tsv	4233925	6e9b7701c20aea3c39c983775897100e	TCGA-A2-A4RW	0d146997-cfdc-4587-888c-e876fc455c80	TCGA-A2-A4RW-01A	Primary Tumor	Tumor	STAR - Counts
c8c7b9cc-7015-4405-a7f5-f60587de285a	c091a9db-8d3f-4dfb-8658-b6b8020c1d5c.rna_seq.augmented_star_gene_counts.tsv	4252835	1315a09795ee032fcfdc0a47cf706851	TCGA-D8-A142	ccb22ecc-6e18-44b8-ad48-6ab51314b16e	TCGA-D8-A142-01A	Primary Tumor	Tumor	STAR - Counts
c9230a1c-9844-43ef-a2c3-95ea6061000b	2a612640-5c9e-42b2-ac52-02a44b46d429.rna_seq.augmented_star_gene_counts.tsv	4233641	3eb4af822129d6ec377251972fd98822	TCGA-BH-A0DD	dba9beec-5e51-48c0-9229-0ee286a02a1a	TCGA-BH-A0DD-11A	Solid Tissue Normal	Normal	STAR - Counts
c94fb480-7f46-4c24-bcb1-26f66a57c45a	92914efd-97af-48e2-b097-e91129f8c1b2.rna_seq.augmented_star_gene_counts.tsv	4245895	1dcf5ce34e08ca849c59078a88bdd522	TCGA-A2-A0YE	84a88e8d-1e65-4b88-aae6-bf4c7a7e4c33	TCGA-A2-A0YE-01A	Primary Tumor	Tumor	STAR - Counts
c95841fa-ea90-4a12-99aa-5c342af9e0e8	4bd484be-2364-4a9c-841e-b60bee25af79.rna_seq.augmented_star_gene_counts.tsv	4256504	bec61cd1fcd18ee05d1d3db42d8b05bf	TCGA-BH-A209	5258294f-ef5b-4091-9183-6bcc545d54b2	TCGA-BH-A209-11A	Solid Tissue Normal	Normal	STAR - Counts
c95a37a1-d3cd-421c-bc5f-0f8dc448f64c	ee6709eb-718c-4a0e-8b57-3068e0e0fbaf.rna_seq.augmented_star_gene_counts.tsv	4233443	d5af4902d174bc5f12181a868856c14b	TCGA-A2-A04P	ccd4a24b-d8cc-4686-9dee-c98b0c5a8d21	TCGA-A2-A04P-01A	Primary Tumor	Tumor	STAR - Counts
c96ef17c-52c1-43d9-a7e5-730fd8f3641f	5e50611e-9e98-480c-bc47-28070e9edeea.rna_seq.augmented_star_gene_counts.tsv	4227579	d068ad900f6bcb8467e1bbebbf6f7924	TCGA-A2-A0CY	757df7b0-4774-4493-98bf-999ded9ac86e	TCGA-A2-A0CY-01A	Primary Tumor	Tumor	STAR - Counts
c9920595-31f2-4977-b6bd-c0fa3ffcf461	b0c13073-8725-4707-983c-506fe46205d7.rna_seq.augmented_star_gene_counts.tsv	4251965	4f0eb058ab5f108ea322e950ad7c5799	TCGA-E9-A1RB	94b95984-b2fb-4e42-8887-45e7086c3179	TCGA-E9-A1RB-01A	Primary Tumor	Tumor	STAR - Counts
c9bc7edd-c545-4d76-9246-1bfa043a966c	a95ecb1b-9dd9-4916-9b73-b967278f3d85.rna_seq.augmented_star_gene_counts.tsv	4240976	dd13d5bcddb592d9497611bcf155634e	TCGA-A7-A5ZW	523e24a2-51b9-4658-be2f-42e5fccebb17	TCGA-A7-A5ZW-01A	Primary Tumor	Tumor	STAR - Counts
c9ff3787-de6e-4535-be34-6425ccf9079f	81395cc8-c7d5-4ea7-957a-b5cb8d6bfd1a.rna_seq.augmented_star_gene_counts.tsv	4252062	73b28ed38e0a22f8fbf407f1961f9206	TCGA-E2-A1IN	f43d622f-eed5-4933-adc6-ae9ad1e33028	TCGA-E2-A1IN-01A	Primary Tumor	Tumor	STAR - Counts
ca6e4602-bcd4-4299-bd31-37f585658b8a	1c3dbd2f-1c07-48cb-a844-0b1b3eb14e0d.rna_seq.augmented_star_gene_counts.tsv	4245788	c3cb640704e8f45c7b9c3631c65bcd8b	TCGA-EW-A6S9	9676e46b-8f29-43cd-ab65-eb6a535cced4	TCGA-EW-A6S9-01A	Primary Tumor	Tumor	STAR - Counts
cba08218-0a7b-4425-8776-b240fac9b6cf	fd71e0e9-e77a-465b-b118-b1f9665d5797.rna_seq.augmented_star_gene_counts.tsv	4242655	2dd35d7aa3409cc96c0eae666836018c	TCGA-AR-A5QM	9c895825-d6f6-4d14-a662-23212200f6e5	TCGA-AR-A5QM-01A	Primary Tumor	Tumor	STAR - Counts
cbbbb1af-8bf4-4bb6-9258-33bf416190e7	89c5f174-7db7-426d-9530-41e08a8ef603.rna_seq.augmented_star_gene_counts.tsv	4237854	84e9636372cd58fd1c043018afd0dc67	TCGA-AO-A0J7	9536bec0-dae0-4d63-a1b3-956741835243	TCGA-AO-A0J7-01A	Primary Tumor	Tumor	STAR - Counts
cbfb8ffe-ae83-4a16-aaa6-f21ea893cb8d	b1f7e629-7a99-4b1f-85e4-bafb87724aea.rna_seq.augmented_star_gene_counts.tsv	4250450	14c0b4e026cb38d6cb9ca86e68900842	TCGA-BH-A1EO	4510295e-8aa7-4ef1-b2b7-91cc902f8200	TCGA-BH-A1EO-11A	Solid Tissue Normal	Normal	STAR - Counts
cc12e7a8-e384-47f5-94b8-3e472925cc87	05e15869-61fd-420f-b0e4-a2faaa814aca.rna_seq.augmented_star_gene_counts.tsv	4250585	788da90f824a06627056c1cec45cac51	TCGA-A2-A3KC	2d29a4ac-98e7-4663-9dd6-5681bc32ac2e	TCGA-A2-A3KC-01A	Primary Tumor	Tumor	STAR - Counts
cc7ea1eb-4947-4030-ace5-673e9441a9a8	952e9924-3a48-4572-bf4c-95e5049e452d.rna_seq.augmented_star_gene_counts.tsv	4253150	db1916a66beeaea19203cfdb67bf6ae2	TCGA-E2-A15D	c85f080a-1075-41df-959f-1b514a11b3c4	TCGA-E2-A15D-01A	Primary Tumor	Tumor	STAR - Counts
cc7f30ec-5369-45ec-80cb-68534838a655	cc66d11a-33c0-4247-9072-6e7c0d0b6112.rna_seq.augmented_star_gene_counts.tsv	4242388	d49025f52acc466d3422baae1c3319e1	TCGA-A2-A0YG	c0892598-1f7b-4f23-9cd8-731f797753d5	TCGA-A2-A0YG-01A	Primary Tumor	Tumor	STAR - Counts
ccaa907b-71d5-467e-ace4-f2ea16109202	24c548e1-6368-464e-945c-933ee2f914ad.rna_seq.augmented_star_gene_counts.tsv	4262661	b989589adcde1e4bd6b9ae39b2e05d3d	TCGA-AC-A2FF	3ca67cd0-81da-4f68-a9fa-f1a8c013c28d	TCGA-AC-A2FF-11A	Solid Tissue Normal	Normal	STAR - Counts
ccb87d7a-2729-4017-bc17-10e5a67bd5cc	0557d817-20e0-496f-840a-7a15d6da1694.rna_seq.augmented_star_gene_counts.tsv	4236583	5990cfe4446b930ccdbd9c6ca97e425a	TCGA-E2-A15M	59be60a3-e0f6-4d63-b98c-574ef92428c4	TCGA-E2-A15M-11A	Solid Tissue Normal	Normal	STAR - Counts
ccc7b8e5-7ea4-4efc-81c1-ef6c15acd241	b22d3e38-c370-4719-bea6-3dcbd9590935.rna_seq.augmented_star_gene_counts.tsv	4231713	49d4ee6b1bba22043011816c7c21585d	TCGA-AO-A03O	1111fb30-46ce-4722-98da-ec9ba2323d90	TCGA-AO-A03O-01A	Primary Tumor	Tumor	STAR - Counts
ccd1dcec-f3c1-42ca-b3e8-a73a7d2237ff	032e5aa7-8028-48ad-8fe4-6a5cc6aee5cb.rna_seq.augmented_star_gene_counts.tsv	4240218	0307d9813bd6f33388f557c0c28f18b4	TCGA-OL-A66N	e9002f4e-ba0b-4738-9368-dd9614a5da8a	TCGA-OL-A66N-01A	Primary Tumor	Tumor	STAR - Counts
ccd3b6f5-b425-47fb-b48e-0e24a4d6a4b2	daff3e2d-69ea-4c1d-bbad-8f6cca9bdc1f.rna_seq.augmented_star_gene_counts.tsv	4233249	a25214a4187a5028f4885f96c6474997	TCGA-B6-A0I2	328dfcb0-b5ae-43f2-bc87-dad0ab3df9e7	TCGA-B6-A0I2-01A	Primary Tumor	Tumor	STAR - Counts
cd002ab8-a52b-4d20-9089-11b3e1dbaeb7	597c71b0-5c49-409d-84ff-cc31b185c620.rna_seq.augmented_star_gene_counts.tsv	4224554	e63c2f199aff5e2e52cfc489387aafc1	TCGA-E2-A572	06ef6e83-5583-45b9-a0bd-edea68943083	TCGA-E2-A572-01A	Primary Tumor	Tumor	STAR - Counts
cd2dcf58-da3a-4070-b42f-07d0102a342e	24eddfec-08a0-48fa-bef3-a4b9bd740170.rna_seq.augmented_star_gene_counts.tsv	4229596	4aea54648eaa2f4e02359e1af1c33d84	TCGA-EW-A1PG	da286247-e8bb-4941-a2af-2453fe61cd02	TCGA-EW-A1PG-01A	Primary Tumor	Tumor	STAR - Counts
cd417f4e-c065-4e73-a7c7-955b2fe71add	d05914c2-e76a-4050-b0bf-db3a08c1892e.rna_seq.augmented_star_gene_counts.tsv	4255585	cc8a463f93107abbe2534817211a310e	TCGA-A7-A26G	5ed024e8-d05e-4c65-9441-eda9930ccc82	TCGA-A7-A26G-01A	Primary Tumor	Tumor	STAR - Counts
cd47d9e9-8072-4681-93ac-6c1420f6624c	754df69c-2fab-4037-8673-fd3be673fc09.rna_seq.augmented_star_gene_counts.tsv	4233604	d25350fe22bd4d94294b62b55058c5e8	TCGA-B6-A0WV	7588a286-6935-424a-bc5f-92e24c83eb37	TCGA-B6-A0WV-01A	Primary Tumor	Tumor	STAR - Counts
cd9fd232-1d69-4ef0-911d-28130243994f	33debcbe-cd9a-422d-8214-68606f68ac5a.rna_seq.augmented_star_gene_counts.tsv	4225922	88a00a0ceed5fa0ca61668bd130a55ee	TCGA-AO-A0JM	44bec761-b603-49c0-8634-f6bfe0319bb1	TCGA-AO-A0JM-01A	Primary Tumor	Tumor	STAR - Counts
cdd283b5-8dea-4736-859c-f1a2bbda57c2	d24c2f4f-5623-4d8e-99e6-96b4fee2591c.rna_seq.augmented_star_gene_counts.tsv	4246893	ac9d18aa7c2ff9184325b5a47e527d67	TCGA-D8-A1X7	cdab777e-62de-4d51-92af-b6eb089c111f	TCGA-D8-A1X7-01A	Primary Tumor	Tumor	STAR - Counts
cde8361d-ade2-4103-b092-3ee9cbf85ea1	4b42e241-a674-4d6c-b217-dcea51e6cc4f.rna_seq.augmented_star_gene_counts.tsv	4252170	bc683f8e4b586c1a84b497b05de5b006	TCGA-C8-A3M8	c1e704d6-a33b-4891-90bd-992b0040c075	TCGA-C8-A3M8-01A	Primary Tumor	Tumor	STAR - Counts
cdf2bc60-591c-4219-bf96-40dd8b6c8459	6a8e570e-dd05-4c06-9ed0-52ba0727faec.rna_seq.augmented_star_gene_counts.tsv	4236058	529816500291e70d48798baa7b184426	TCGA-LL-A5YN	ef1b3332-cd7f-41bb-a2d3-2538e7becc5c	TCGA-LL-A5YN-01A	Primary Tumor	Tumor	STAR - Counts
cdfe79d9-a0bd-4700-937f-07bd0ee51d73	61348250-68d8-4cef-b6f9-68a68d35508f.rna_seq.augmented_star_gene_counts.tsv	4228240	68e80b03eff7e434901a1f473ac4e160	TCGA-B6-A0RG	9b13927c-7357-44fd-8385-92ae6a656b7d	TCGA-B6-A0RG-01A	Primary Tumor	Tumor	STAR - Counts
ce53c8d2-5655-4fde-b134-1ef5a269e569	078420d8-5079-4a98-81d7-3a4b84e9d0ad.rna_seq.augmented_star_gene_counts.tsv	4218046	74928451a13b28d75dd7ba705d2accd8	TCGA-AC-A3OD	f2622cdb-ac92-42b3-a1ca-67e133c3dd4a	TCGA-AC-A3OD-01B	Primary Tumor	Tumor	STAR - Counts
cee1efda-644b-4cee-aad2-d7f5ca93cdec	1924888b-3b46-4079-a403-d758975a37bd.rna_seq.augmented_star_gene_counts.tsv	4239476	abe3689537e815e994dd8e7d608de55a	TCGA-A8-A08O	5f5964a8-8e07-4620-98f0-93d162dbc31e	TCGA-A8-A08O-01A	Primary Tumor	Tumor	STAR - Counts
cee943a8-ea26-4b2f-b8a4-66300ccacfb5	7eb5f037-355b-4a38-b22b-a5e1f41ff1e9.rna_seq.augmented_star_gene_counts.tsv	4216069	c6a274ffcd534aa245c808fea06d36f9	TCGA-A8-A07B	b43e41af-1d82-4b5f-b8f1-add0510e6b86	TCGA-A8-A07B-01A	Primary Tumor	Tumor	STAR - Counts
cf089a52-2196-422d-affa-a5f434edd134	4d7842e5-9d8b-433a-a768-7a40129bdd0d.rna_seq.augmented_star_gene_counts.tsv	4251819	14fd7f8ecbf46f730a833c5a90b8b7f5	TCGA-A8-A08L	8bd68696-5eeb-46d7-9dc6-c39c849029a4	TCGA-A8-A08L-01A	Primary Tumor	Tumor	STAR - Counts
cf0ca663-a857-4aea-ab72-b0d4373b2456	4abd29b3-0a83-41d3-a741-bcc5b6d2f98a.rna_seq.augmented_star_gene_counts.tsv	4262152	e86c0c61f1182b6a7966b2a18901a131	TCGA-BH-A0DQ	a851ca14-7bbf-455b-a054-ec03979a4247	TCGA-BH-A0DQ-11A	Solid Tissue Normal	Normal	STAR - Counts
cf53cdad-a323-475e-a84a-87b68d13e262	37d359b3-d8f5-44cf-8f30-57dfdbbab8c1.rna_seq.augmented_star_gene_counts.tsv	4252356	9d6830c4ca06204797f38bc01a6727bb	TCGA-E2-A15I	64089c20-939f-48b4-ae8b-904ad0597145	TCGA-E2-A15I-01A	Primary Tumor	Tumor	STAR - Counts
cf801232-8aa2-4ede-80b0-8c5b9876941b	c861f2ac-61fd-45cc-9e14-f775f9eed494.rna_seq.augmented_star_gene_counts.tsv	4236823	975c22c1d9c68873a2466ffa213369e8	TCGA-BH-A0HQ	f31c21b6-0f7f-435b-9e24-97c909755c36	TCGA-BH-A0HQ-01A	Primary Tumor	Tumor	STAR - Counts
d01e4cd5-3c52-4655-8b7c-ef6070d58090	d9666e09-51bb-49a4-b289-0e6b69636858.rna_seq.augmented_star_gene_counts.tsv	4248482	89cfebd9966eb96e7ee3d73f646248ee	TCGA-AR-A24V	3cb06c7a-f2a8-448b-91a8-dd201bbf2ddd	TCGA-AR-A24V-01A	Primary Tumor	Tumor	STAR - Counts
d0654d2d-37ef-4d93-996e-c68cfedea376	f266f0c7-53aa-43bc-bbef-b9af0054391f.rna_seq.augmented_star_gene_counts.tsv	4236120	a4bf0eece89f35efb14daa62b769b399	TCGA-EW-A1P1	f2e28af9-c40e-41c4-9e82-205cca38f26a	TCGA-EW-A1P1-01A	Primary Tumor	Tumor	STAR - Counts
d0dcec39-c407-4593-98e3-133714cf2f7b	f18a5a92-2b2e-4834-8610-df98760db5aa.rna_seq.augmented_star_gene_counts.tsv	4259475	310362f804e65f174250c5231f3f7a7d	TCGA-EW-A3E8	c0b7b798-3383-4a45-a455-9eca5810739e	TCGA-EW-A3E8-01B	Primary Tumor	Tumor	STAR - Counts
d1237195-a00b-4c52-86b3-4627c42eb14c	b7c49a13-6b0f-411a-940e-b35c17818aaa.rna_seq.augmented_star_gene_counts.tsv	4244788	1f3748d7f5a668e0e052035860bc9297	TCGA-A8-A07O	cf9db1af-17f0-490e-8139-142bd704763a	TCGA-A8-A07O-01A	Primary Tumor	Tumor	STAR - Counts
d141392c-757b-44f5-b531-0bcc136d8b17	4937e136-52e6-4c33-9f53-36ce2a94c09e.rna_seq.augmented_star_gene_counts.tsv	4244039	456b4b9176a9e7c059fadc0253c06fc8	TCGA-AN-A04D	49717f75-0f2d-4e1c-9a12-f1cd7877b80a	TCGA-AN-A04D-01A	Primary Tumor	Tumor	STAR - Counts
d144a154-2dcb-484f-b50d-1b65ab9eb19e	0fb8ee34-b7c8-4ea6-987a-b69c00baa53a.rna_seq.augmented_star_gene_counts.tsv	4229379	5fe67d1e04fce00734254b5cc1ee94f8	TCGA-E9-A2JT	b35fbe19-0e6d-427e-b9be-ee3527b5fca6	TCGA-E9-A2JT-01A	Primary Tumor	Tumor	STAR - Counts
d14d5953-f379-4adb-9a1b-028f91b1a9e6	c63a27ff-1844-4b4f-9bc7-ac4d00dc0de8.rna_seq.augmented_star_gene_counts.tsv	4232616	63d95a6ce43a4ed768610970689903da	TCGA-A2-A4S3	418c11e8-2670-48d5-bbf5-95b46bff1201	TCGA-A2-A4S3-01A	Primary Tumor	Tumor	STAR - Counts
d2007230-83cb-4f12-bec5-e42afc4a58cd	9e94e2ce-f6a9-4358-b96e-266207b9ce34.rna_seq.augmented_star_gene_counts.tsv	4227477	10f5e856eb63dee8daa8587a341f318d	TCGA-AN-A0AK	9e894662-b718-40f8-8899-b5e036cfbd76	TCGA-AN-A0AK-01A	Primary Tumor	Tumor	STAR - Counts
d240cdef-e1a3-481f-a0d5-895d7cc5cabd	f7df28a8-81d0-434a-bfcf-0ffff4ac9ede.rna_seq.augmented_star_gene_counts.tsv	4248801	36ce1a60fade093ecd91ac18151fdaab	TCGA-AO-A1KO	c25898b4-eb33-42f4-bf3f-bf532a929e7d	TCGA-AO-A1KO-01A	Primary Tumor	Tumor	STAR - Counts
d2659fd9-ac9a-4ab4-9d7c-50d9a16fc9b5	12d9d0ec-4e76-4eba-81b1-6dec7b6f2268.rna_seq.augmented_star_gene_counts.tsv	4245148	8a4522bd72dfdd3e8a32d60f77b52ced	TCGA-BH-A1ES	51ccbf1b-7cae-44ba-991a-11eda8b8c404	TCGA-BH-A1ES-06A	Metastatic	Tumor	STAR - Counts
d27acb8c-2551-4ea7-8c09-f211cb4a9ec0	1cc7480c-76e1-42d1-8593-49b356ef624e.rna_seq.augmented_star_gene_counts.tsv	4246543	3500e4ed36d57eb8b9c4fb138c376bee	TCGA-AR-A1AV	daf62b56-6dd2-4ab7-adaa-f296bb86a0a5	TCGA-AR-A1AV-01A	Primary Tumor	Tumor	STAR - Counts
d2a12641-a25f-4aab-99a4-433cf664ae73	934807ee-e303-43b7-938a-1721c6c31584.rna_seq.augmented_star_gene_counts.tsv	4231194	41d3a23344a68c93b51f4d8874638b7b	TCGA-A2-A0D0	324bcba2-f6a4-45a6-807c-215bdffcca21	TCGA-A2-A0D0-01A	Primary Tumor	Tumor	STAR - Counts
d2b6c967-b505-4f52-a4f7-91b6e8acbd1f	56c85bd5-c353-457a-94a9-91a3cc0ac4e0.rna_seq.augmented_star_gene_counts.tsv	4272295	3db54e9dd66ec8eaa9a2beb63f51a610	TCGA-A7-A13G	6cd9baf5-bbe0-4c1e-a87f-c53b3af22890	TCGA-A7-A13G-01B	Primary Tumor	Tumor	STAR - Counts
d2e2915c-125e-45c6-b7f3-6a815b3d2859	96a45a70-d4b5-4090-b603-73b7379679d6.rna_seq.augmented_star_gene_counts.tsv	4247897	e46cabde61f942e44cea63c347f1e5f2	TCGA-AC-A2QI	c57835be-77ab-4cf5-9b23-62c11a7b2eaf	TCGA-AC-A2QI-01A	Primary Tumor	Tumor	STAR - Counts
d32a2386-8747-4f9f-84b2-130a2c948342	7e11de5c-487d-4fc2-845e-efab7a39e031.rna_seq.augmented_star_gene_counts.tsv	4246922	71a0826c05586bbfcc8672256fe087d3	TCGA-AC-A2FM	b6b1dc9a-91f4-4b0a-afd5-62c9a90c0d5e	TCGA-AC-A2FM-01A	Primary Tumor	Tumor	STAR - Counts
d393af6b-de4b-4ca6-bc06-a29068dfe086	fb1c09a7-660e-4585-85b8-5acc456563cf.rna_seq.augmented_star_gene_counts.tsv	4231479	38beb88aa27fa3ea14347c53fd655424	TCGA-B6-A0X5	4e6edfe6-adcb-4c12-8ff4-38a79f5887e8	TCGA-B6-A0X5-01A	Primary Tumor	Tumor	STAR - Counts
d3badb09-df1e-488e-ade9-97f1925b5649	aae57dd0-eae8-48b0-855f-2cd17c9f524d.rna_seq.augmented_star_gene_counts.tsv	4238663	100f436185c4dc19c775643c055f8cbc	TCGA-C8-A12L	441919eb-8c9f-478c-bda3-8de4f8295e8a	TCGA-C8-A12L-01A	Primary Tumor	Tumor	STAR - Counts
d4943f66-388e-4c86-b61a-5ef9fef34eff	240a1e61-5188-4249-b6dd-d6e0d7935d8d.rna_seq.augmented_star_gene_counts.tsv	4256665	8bb0ee9ef90cf4ab299aecc3dcf6d3e2	TCGA-A7-A13G	6cd9baf5-bbe0-4c1e-a87f-c53b3af22890	TCGA-A7-A13G-01A	Primary Tumor	Tumor	STAR - Counts
d5120825-ab1f-446c-af1e-3be57846a15b	ed178c34-0b29-4f65-bdf5-a39969111ca8.rna_seq.augmented_star_gene_counts.tsv	4232469	9a84ad0bd52c155c8f212eb28de3841a	TCGA-AN-A0AS	7c2a8440-0206-4039-8474-8d62f6c7de0c	TCGA-AN-A0AS-01A	Primary Tumor	Tumor	STAR - Counts
d52eff00-a7b7-42f0-82fe-ec4c054b1dd9	56f92378-3707-489e-b4bc-6f7485122484.rna_seq.augmented_star_gene_counts.tsv	4255249	d2e7ee9d555e4e47e152f1acd1b506a3	TCGA-A8-A0A2	34d5a193-85e5-4399-8a9b-e92858eafdfe	TCGA-A8-A0A2-01A	Primary Tumor	Tumor	STAR - Counts
d53192c4-2356-4b6c-b98f-19eded7b7e29	6733afa1-b0b8-440e-b54c-98e5fdec854c.rna_seq.augmented_star_gene_counts.tsv	4235466	c05cf098bb377a879d242dff23c8ce2d	TCGA-LQ-A4E4	4f321d41-3255-46a4-ae0d-1cf39699e624	TCGA-LQ-A4E4-01A	Primary Tumor	Tumor	STAR - Counts
d5330be0-9f72-4be5-9139-8503aa4d00b4	0a133c47-fae8-4e3b-8f4d-cbf357f5e2fc.rna_seq.augmented_star_gene_counts.tsv	4251146	90d5b3ada024e6072663452cca7cd40e	TCGA-A1-A0SI	16368c32-2118-4fcf-8693-6c89995e49d8	TCGA-A1-A0SI-01A	Primary Tumor	Tumor	STAR - Counts
d5358d17-4c49-46fa-8a96-4af9ab298ab4	8afeab3f-89ee-4901-8a32-d13587dbcab5.rna_seq.augmented_star_gene_counts.tsv	4235144	d7a4a1b975124f8d6e5e48e80e647bd5	TCGA-BH-A5J0	db55d9d9-dd56-4ca9-b1f1-0d929697b280	TCGA-BH-A5J0-01A	Primary Tumor	Tumor	STAR - Counts
d5586fdb-d796-4176-84e3-11a72124b41f	f7efa9c4-e7e2-406a-98e5-596f787c810e.rna_seq.augmented_star_gene_counts.tsv	4247040	7d7ad27622e8e37390cbcc0da56358be	TCGA-D8-A1Y2	c7d7a770-23c0-4310-ab48-1f6152dc2849	TCGA-D8-A1Y2-01A	Primary Tumor	Tumor	STAR - Counts
d5664879-53a0-490a-a3cb-47c551b6bf34	cf5fba05-4996-4f62-adcf-a2ee1f4c65d3.rna_seq.augmented_star_gene_counts.tsv	4257020	3d240b9f7b476855919034ee3565bb84	TCGA-BH-A1FN	6dd0dd7b-62ff-4fd1-a99a-b265f1a91dca	TCGA-BH-A1FN-11A	Solid Tissue Normal	Normal	STAR - Counts
d56cbe4c-2158-4f78-a545-d5c963a22978	1e473e62-d679-45be-890c-77c52a3e7d47.rna_seq.augmented_star_gene_counts.tsv	4242866	90588c71ec1aab63c1804d0b834352ab	TCGA-A7-A3RF	7451af3c-acc0-4d79-8429-6b8be96911d8	TCGA-A7-A3RF-01A	Primary Tumor	Tumor	STAR - Counts
d5d23d6a-c141-442f-ac4f-714e46b8d9ef	9907c264-961c-46b4-94a8-bf7e234621d8.rna_seq.augmented_star_gene_counts.tsv	4242190	288124eac80aedcedec4c3e4f1eed620	TCGA-A2-A0T5	36d77496-99f8-4911-ba7c-89fae32662aa	TCGA-A2-A0T5-01A	Primary Tumor	Tumor	STAR - Counts
d657ed9a-fd92-493c-ae10-120c8b0c58d7	57730033-1db5-4e48-81ff-b6ee4f3c0ab4.rna_seq.augmented_star_gene_counts.tsv	4243530	11fda1ebc529d737ac2c40565ede2ef5	TCGA-BH-A1F5	e663954c-05a8-479a-a623-400c1eb5efc6	TCGA-BH-A1F5-01A	Primary Tumor	Tumor	STAR - Counts
d67b8114-b70f-4e69-bae5-4f2f982c4b1b	f337af94-788c-4de9-ab62-8627dc88695d.rna_seq.augmented_star_gene_counts.tsv	4248343	1baa59c3bd3ce3b964009b6567902324	TCGA-LD-A66U	38dc3e09-0b0e-4a29-b318-cc0352013dae	TCGA-LD-A66U-01A	Primary Tumor	Tumor	STAR - Counts
d67d6fbf-50fa-485e-8ac7-a3c7ac33b3b2	63eff205-4fd4-4148-a596-2f7c17da328f.rna_seq.augmented_star_gene_counts.tsv	4250633	7ca8610099c7aa71177daa282e6913eb	TCGA-E9-A3QA	f3cb557d-23e4-4fd1-81ca-db1a3f56d56e	TCGA-E9-A3QA-01A	Primary Tumor	Tumor	STAR - Counts
d6882616-b77d-4d4c-90dc-7318c57876e1	4e01a01d-eded-4d02-b8aa-1920c6997726.rna_seq.augmented_star_gene_counts.tsv	4246536	2e0cc0032cbf3de861b1d790e12175fc	TCGA-AO-A12F	495f9eda-b9be-4eef-bae1-766a4bfbd68e	TCGA-AO-A12F-01A	Primary Tumor	Tumor	STAR - Counts
d721071e-6c0e-46df-9158-1fe37a64f1ed	a78e7939-a1ea-4b9d-ae55-3c1dc985bbd8.rna_seq.augmented_star_gene_counts.tsv	4246513	5bcdbae19f886f4deea378e5c12cbc05	TCGA-A2-A25E	ba89cb4f-cd63-47b1-9550-76fdaff89f2e	TCGA-A2-A25E-01A	Primary Tumor	Tumor	STAR - Counts
d757b1cc-31a6-495a-ae82-c63b031ece49	898f9214-8dab-4b92-9233-70c06c60078c.rna_seq.augmented_star_gene_counts.tsv	4258057	6d8884a50ab2b561dde01f32762bda4b	TCGA-BH-A1F6	ad18820b-a804-49c0-ba8a-86c09fa6bce2	TCGA-BH-A1F6-11B	Solid Tissue Normal	Normal	STAR - Counts
d777e8a9-92a8-48eb-bf58-8e13af99c77f	23dace7d-4200-46ee-8501-96c4b5084851.rna_seq.augmented_star_gene_counts.tsv	4246500	cef94ca9bd0255990306cede3bedc0b8	TCGA-A8-A0A4	2cb8c866-9296-4c70-a3ea-f9a9b707895c	TCGA-A8-A0A4-01A	Primary Tumor	Tumor	STAR - Counts
d796de5e-4512-4b3a-93d4-2a006e79084f	da752364-731c-4e77-8d6e-9c91a5b7f68f.rna_seq.augmented_star_gene_counts.tsv	4248916	6f35859fce468db92bf40e73a10a33c7	TCGA-E2-A1L7	791c5768-f0f5-4ab6-86eb-998e5c4b49e3	TCGA-E2-A1L7-11A	Solid Tissue Normal	Normal	STAR - Counts
d7a48283-c113-4745-be6b-553966e6b457	151af32a-7367-4e35-a575-f6da31aa256a.rna_seq.augmented_star_gene_counts.tsv	4229929	bb050246daeed8011f21b4654df16612	TCGA-A7-A0DB	f130f376-5801-40f9-975d-a7e2f7b5670d	TCGA-A7-A0DB-11A	Solid Tissue Normal	Normal	STAR - Counts
d7e1d1f4-3189-401d-91dc-048ab13ce5df	7ca1746b-d6cc-4207-b1ed-738520928744.rna_seq.augmented_star_gene_counts.tsv	4239416	da935d7f44ed4bdf1b551cb643e6bad8	TCGA-EW-A1J6	87281a89-91d2-44f7-9f80-668567ad5c72	TCGA-EW-A1J6-01A	Primary Tumor	Tumor	STAR - Counts
d80334e2-0ee0-432a-aa78-3d6ca1f017e5	87e5aef9-f493-4e46-bb5b-7cd18d5e30fc.rna_seq.augmented_star_gene_counts.tsv	4245239	a8953b1982a4ccfd74f438be6a4c75f0	TCGA-C8-A8HR	dcb68327-1537-4ca6-81de-3910d0663cb8	TCGA-C8-A8HR-01A	Primary Tumor	Tumor	STAR - Counts
d84ce38f-afb8-4b1a-9a5f-f62d59577b3d	4066800d-0b9e-4263-ba24-cab271630e41.rna_seq.augmented_star_gene_counts.tsv	4238507	0f2a1d55eaa4724936e7a5af690f6755	TCGA-BH-A0BV	87f03d04-e651-4a6e-aea6-1c946aa46202	TCGA-BH-A0BV-01A	Primary Tumor	Tumor	STAR - Counts
d880fcce-ad8a-4402-911c-11129d2225df	d12c28eb-32c5-4523-af42-9ad130014a40.rna_seq.augmented_star_gene_counts.tsv	4248158	16c620398834300c13d5f7abb9583d3f	TCGA-D8-A27T	27c1c094-690b-4973-8900-a797ad88f98c	TCGA-D8-A27T-01A	Primary Tumor	Tumor	STAR - Counts
d889e5ea-58f5-4d2f-ad1e-6ab5d3217642	0f669396-2dc4-4305-aa35-c6fbd82ee7df.rna_seq.augmented_star_gene_counts.tsv	4247668	a214bab6dd3028e9f8921bb0aa786501	TCGA-E9-A1RE	24046547-d038-4616-b190-52ac93f4965f	TCGA-E9-A1RE-01A	Primary Tumor	Tumor	STAR - Counts
d898d021-e82b-42e6-b82e-28c187136674	0b36289c-6835-414d-9f86-4cc4a812af87.rna_seq.augmented_star_gene_counts.tsv	4247718	6645a0e032d43445994eb157f584b6b6	TCGA-A2-A0T3	058dcb78-bed1-40c3-a6c2-a0cc40065531	TCGA-A2-A0T3-01A	Primary Tumor	Tumor	STAR - Counts
d8a94ea1-68a3-43be-8a30-d690541a23aa	acb1bf8e-f597-4f67-b19d-bb737109d9cd.rna_seq.augmented_star_gene_counts.tsv	4238398	bd44a943cea584fa4fdac31c35172af0	TCGA-E2-A15E	0a2a3529-f645-4967-9a58-89ee20b8bb62	TCGA-E2-A15E-01A	Primary Tumor	Tumor	STAR - Counts
d8ac1c2a-1820-4174-99e3-524b334df490	078f6959-adcf-44a5-91d2-2581ba3c8e62.rna_seq.augmented_star_gene_counts.tsv	4273980	899d4a95da83ad0c9e794b70d8c69ec0	TCGA-BH-A1EW	9d166970-07c8-4ca3-9cfa-ed0049df9ecc	TCGA-BH-A1EW-11B	Solid Tissue Normal	Normal	STAR - Counts
d9126541-4eb3-48fc-88ed-2e0ecea0d9d4	1880f86a-77c8-4eac-a3e7-a62f5edad8fb.rna_seq.augmented_star_gene_counts.tsv	4237467	ceae647b7daf772b1c566ad9016ef4a1	TCGA-E9-A1N5	f954de05-1b44-4087-8933-6cc72d81028d	TCGA-E9-A1N5-01A	Primary Tumor	Tumor	STAR - Counts
d914654b-ec4f-4be5-a525-2997a4b39279	f77281dc-f8c5-4da7-b151-873b03e986ad.rna_seq.augmented_star_gene_counts.tsv	4240552	4cb71967fec632bf65437ba30aa32fba	TCGA-B6-A0RV	cd3faa15-743c-476f-ab0d-f205b14126b6	TCGA-B6-A0RV-01A	Primary Tumor	Tumor	STAR - Counts
d923e06d-c747-419d-bd40-b05eb3e13edb	914508e1-ccc8-47ff-a225-7aca326a54dd.rna_seq.augmented_star_gene_counts.tsv	4257281	ea4cb40a8e1743cc113547737ba47b20	TCGA-E2-A15P	a1674d7b-787a-45c4-bf16-1b7d0efce207	TCGA-E2-A15P-01A	Primary Tumor	Tumor	STAR - Counts
d93c4b85-2617-43d9-8017-ed3a82dc4117	5cb07e9d-28b8-41bf-bbb5-b8b56cc12cdc.rna_seq.augmented_star_gene_counts.tsv	4238882	db427cea18f071da2a8f9ac75b41f875	TCGA-AC-A3EH	fac173a8-1613-4bd4-87ba-83a2cfe8a37d	TCGA-AC-A3EH-01A	Primary Tumor	Tumor	STAR - Counts
d9b6b523-00de-4638-a3f3-8de841fb7183	39a75bde-24a0-4d26-8377-df045423f786.rna_seq.augmented_star_gene_counts.tsv	4259884	65006e52dcffc837e85032ae33432f83	TCGA-BH-A1FB	ecab16bc-28d5-4c3a-8735-3c785bd047c4	TCGA-BH-A1FB-01A	Primary Tumor	Tumor	STAR - Counts
d9ea5bde-aa1a-4210-976f-b2f67c6d0191	5b858b45-79a5-4857-b59e-8c56a8b04320.rna_seq.augmented_star_gene_counts.tsv	4254090	091a016b51debcab3ae66d44f07e0bdc	TCGA-A8-A07C	b6633c36-7ce4-4b69-9bf6-30b64d46c66f	TCGA-A8-A07C-01A	Primary Tumor	Tumor	STAR - Counts
da29bf10-4629-4234-8e49-43a4513fe579	7f2a1bd4-9b71-4e12-ae92-6aaaf247ebca.rna_seq.augmented_star_gene_counts.tsv	4233128	caeed0f1319cf9a0340a47c167ce3231	TCGA-E9-A5FK	b304302a-f2b9-4cd7-ab14-c21edf7778ea	TCGA-E9-A5FK-01A	Primary Tumor	Tumor	STAR - Counts
da2cff7a-9b9d-4ae8-aa49-d717a77906e1	834c833a-1e2d-48b6-87d5-e19bf2db6e1a.rna_seq.augmented_star_gene_counts.tsv	4248853	bcd8211b0832bff99cd110269fb215bd	TCGA-A2-A0CO	8e54232d-d8bb-4612-8b0e-4feb076a60f9	TCGA-A2-A0CO-01A	Primary Tumor	Tumor	STAR - Counts
da333184-1ddd-4cd7-9c0d-e4526a03a1c9	c102587f-0390-4dd5-8b35-d819e0083134.rna_seq.augmented_star_gene_counts.tsv	4250112	de14ed0ec5c0cf940ab6fb08fda45b77	TCGA-A8-A0A9	7b605fb6-d077-401e-b870-b87ddf505f82	TCGA-A8-A0A9-01A	Primary Tumor	Tumor	STAR - Counts
da7f48b2-3bed-4824-8de7-187d0b22f54d	0a72c39e-889a-4990-bf96-6c7b9b8c1124.rna_seq.augmented_star_gene_counts.tsv	4248039	bd54e7e9567e40faff2f94604c9f90a1	TCGA-C8-A1HF	a2453bcb-90f2-4505-949d-a89cf4bfc9b8	TCGA-C8-A1HF-01A	Primary Tumor	Tumor	STAR - Counts
da84f488-af86-4472-bf87-063a9137e1db	8aed99b7-de49-4e7e-8fb3-17d897c03e00.rna_seq.augmented_star_gene_counts.tsv	4247511	179ff61f318da41996d78cfc8688d024	TCGA-BH-A0BT	a32cb96a-78bf-456e-a6ab-2d47b2c67ad4	TCGA-BH-A0BT-11A	Solid Tissue Normal	Normal	STAR - Counts
da8c5f1e-a4e3-46bd-adb3-ce758e654983	c36f7911-13d2-4230-a5f5-e9c562d763bc.rna_seq.augmented_star_gene_counts.tsv	4230563	b947906d12c1401f39cc89ab90d37413	TCGA-AQ-A54O	35ca5e2a-861a-4dd2-a4ce-d294cf080da3	TCGA-AQ-A54O-01A	Primary Tumor	Tumor	STAR - Counts
da93e1a9-6863-4c98-b1fd-52d22ecbca45	a20bcc86-fe98-42a9-93ad-9027181dad5f.rna_seq.augmented_star_gene_counts.tsv	4240855	ad782772336979a6d3137569f6851d00	TCGA-S3-AA17	49a2fd48-744d-4d88-b9b4-8c778d4f48fd	TCGA-S3-AA17-01A	Primary Tumor	Tumor	STAR - Counts
dad6be14-a519-478d-9f53-122417453a0e	5d96c14c-7c43-40a1-ba9a-b482a0ad00ee.rna_seq.augmented_star_gene_counts.tsv	4240238	3409a321eb5472bb5abe6c3596ea0b6c	TCGA-MS-A51U	910655da-2c12-4572-96b7-ded616e69b4b	TCGA-MS-A51U-01A	Primary Tumor	Tumor	STAR - Counts
dafb2454-1ea7-4cb6-8b3b-2b5b6f19aa89	75525261-bd54-4e19-9f86-ab7b9cea3388.rna_seq.augmented_star_gene_counts.tsv	4236652	25648d244dceaed8fdc146392b161616	TCGA-BH-A0E1	606fbc6a-b41b-441d-9401-51e54912bf5e	TCGA-BH-A0E1-11A	Solid Tissue Normal	Normal	STAR - Counts
db5aadbb-3042-4c20-8235-ccd19634d9d3	9692b4cc-6c7f-4f88-8854-769568f088ae.rna_seq.augmented_star_gene_counts.tsv	4231203	338c75953ff66fd1d244674f4bd99518	TCGA-AC-A62V	d5f2b85a-94a9-4168-bbe8-149ec71342b0	TCGA-AC-A62V-01A	Primary Tumor	Tumor	STAR - Counts
db921dd3-3d39-4b42-b2ff-dbe0f6c9f093	93f26994-d3de-4c8a-bfde-86af8d85b01a.rna_seq.augmented_star_gene_counts.tsv	4246279	7700377948fb5a2f2fbaa3eda999397b	TCGA-GI-A2C8	33fe5833-d7a0-43d7-a03d-56985ea448a6	TCGA-GI-A2C8-01A	Primary Tumor	Tumor	STAR - Counts
dbbacb2c-b675-4a35-a6ff-157865f24945	4614147d-8f49-42b0-a43d-3ef88e6f0af4.rna_seq.augmented_star_gene_counts.tsv	4240769	f06b18b382d02ce38e4a33db04725ac8	TCGA-BH-A18S	433427a1-bacf-4381-91ba-5fec8a0953f9	TCGA-BH-A18S-01A	Primary Tumor	Tumor	STAR - Counts
dbdaac00-02bf-41e0-8d54-734273e10baa	bf858293-b533-4a73-ac9b-568109ba05d4.rna_seq.augmented_star_gene_counts.tsv	4247731	f2a471b912bb9570c27799a8f418c5aa	TCGA-EW-A1P7	01674b2c-5cf2-478f-84a1-f69c39f47bd4	TCGA-EW-A1P7-01A	Primary Tumor	Tumor	STAR - Counts
dbe79158-b616-4c7b-94d7-5f127b3013ff	2dc9eaca-6dfc-4e7f-a12b-1495986e1ad4.rna_seq.augmented_star_gene_counts.tsv	4238991	320f2de487f52ed4b81e13c456d35d35	TCGA-A8-A08P	f947d67f-4aa2-4eb9-977e-21a5ae563613	TCGA-A8-A08P-01A	Primary Tumor	Tumor	STAR - Counts
dc8b305a-6f43-410e-9ce6-96ac24827550	e7a1cdcf-ec99-44fd-a13b-604cf15b2bd4.rna_seq.augmented_star_gene_counts.tsv	4247290	2782044b79cefc40a317fa7060cce252	TCGA-A8-A095	29df128d-ace2-40cf-88ee-3f6f2170f159	TCGA-A8-A095-01A	Primary Tumor	Tumor	STAR - Counts
dcac8f3c-d282-4ac9-9194-b1461966c795	a191b96c-cc06-4a58-990b-57ee27335d5c.rna_seq.augmented_star_gene_counts.tsv	4234995	fad16892a392e093a9d7ed67c9289714	TCGA-EW-A1P0	81e32f39-3aa0-468b-87ed-dd2eb6165ddf	TCGA-EW-A1P0-01A	Primary Tumor	Tumor	STAR - Counts
dcf2138e-b0f7-4b2e-b535-d463819f1b24	1d9d65b8-5af4-40e6-a01f-236f45cfecb4.rna_seq.augmented_star_gene_counts.tsv	4214268	70ba082eee454b4cab2fcc6dd30154af	TCGA-A2-A4S1	843c8f16-5e59-40d4-9ecc-8a75375156f6	TCGA-A2-A4S1-01A	Primary Tumor	Tumor	STAR - Counts
dcf2260b-c0bf-4f59-a4da-079a340b1e33	bb0cccb7-712e-43ad-a3be-cd928a159e0d.rna_seq.augmented_star_gene_counts.tsv	4228295	8aa66fa2cc875aaf96dab9ee45e485bd	TCGA-AR-A0U3	c5f00132-1c6b-4337-af6f-596c652665cc	TCGA-AR-A0U3-01A	Primary Tumor	Tumor	STAR - Counts
ddb7443e-0dda-40f1-9652-adc025804c85	4c6f18b9-eb4c-4b7f-90ee-0c3194407be7.rna_seq.augmented_star_gene_counts.tsv	4244256	e372e9c8813dc7e7e6fdab3d4251ad81	TCGA-BH-A0EB	ec6930e5-2d83-435a-9a57-a2c5c22caf02	TCGA-BH-A0EB-01A	Primary Tumor	Tumor	STAR - Counts
ddb8fb65-cf53-41a0-8acd-a538a8754fa5	69ef0b4d-aa36-46a4-9c7f-96711a51e461.rna_seq.augmented_star_gene_counts.tsv	4246097	f2d02e47bb719554b2cc1307378b361f	TCGA-BH-A18M	f63722c1-a0bb-4bf9-8a10-1d76a8e1a0ba	TCGA-BH-A18M-11A	Solid Tissue Normal	Normal	STAR - Counts
ddd1c3de-8266-4f56-a982-bcc20b868e90	a33f7e32-cc76-476b-b35c-b03864b72cbb.rna_seq.augmented_star_gene_counts.tsv	4217401	95b25e2bde9bf25ece523f6805669eda	TCGA-E9-A54Y	182c4bdf-2c58-4303-b034-459da86b9d90	TCGA-E9-A54Y-01A	Primary Tumor	Tumor	STAR - Counts
ddeb1445-08ae-441c-9f2a-4647df1b4ed6	5cc4350c-416e-4f2c-be73-12af68ad1ee4.rna_seq.augmented_star_gene_counts.tsv	4253052	d1e424120eee92e9a1cdb3e622567824	TCGA-D8-A1XU	332148f5-f070-4c20-8eb1-4d8c0673aa52	TCGA-D8-A1XU-01A	Primary Tumor	Tumor	STAR - Counts
de397789-9ff5-4cb0-be88-957477820714	e26295fd-369b-4cf0-98f3-939293cbe6e4.rna_seq.augmented_star_gene_counts.tsv	4240105	fd69dd33a057395e81ff6bfa94236f52	TCGA-OL-A66J	96e1fc6d-693f-4f4f-b5f7-8d6e1c6c43f8	TCGA-OL-A66J-01A	Primary Tumor	Tumor	STAR - Counts
de5e449b-bc57-4836-89e4-73a3ba24abdf	748e4eaa-2b96-4dce-a903-c7df733d7f50.rna_seq.augmented_star_gene_counts.tsv	4245842	2b387278e504ea6b94445cef639500d0	TCGA-EW-A1PD	4dfc233b-ed03-4825-8089-e04cdee99996	TCGA-EW-A1PD-01A	Primary Tumor	Tumor	STAR - Counts
de6f1503-33d7-4f86-b835-bdffba7ea4e3	195d8bd4-352c-4407-9319-797d915c72b8.rna_seq.augmented_star_gene_counts.tsv	4248363	2eefcb6236111244626b39ec34b8ed09	TCGA-BH-A0BC	327a2395-85c8-42e1-9638-8e037a1723ed	TCGA-BH-A0BC-01A	Primary Tumor	Tumor	STAR - Counts
de98339e-9b13-4def-b3d9-234fdc784cec	1075d95f-6d27-42e1-a67a-73d5247c8a68.rna_seq.augmented_star_gene_counts.tsv	4245387	30caee6d8d898843096cd8c4c284972a	TCGA-AC-A23H	7dcf550c-90ce-4f63-aecd-0e46897e2a3e	TCGA-AC-A23H-01A	Primary Tumor	Tumor	STAR - Counts
deb932e6-470e-4fae-88f1-efb2e820325e	d372fdcf-a087-4773-880a-169ecc0d1fd0.rna_seq.augmented_star_gene_counts.tsv	4230151	32b0f851fecf8222a3e360c54b962983	TCGA-D8-A1XC	ee14e049-b891-4dda-a730-8ce99bd93baf	TCGA-D8-A1XC-01A	Primary Tumor	Tumor	STAR - Counts
debafec8-b9f4-45f3-aa4c-8e48e58e6a49	4fb42c7e-2a7e-4641-ae7c-e92fd9c2be11.rna_seq.augmented_star_gene_counts.tsv	4249718	5a48963a6e09e86d24db6f0411689809	TCGA-AN-A0XV	ac18b3a3-8d52-4e35-8625-673171a7fd92	TCGA-AN-A0XV-01A	Primary Tumor	Tumor	STAR - Counts
df176b72-7266-4eeb-a3ed-8f09199c1963	02423743-43b4-494b-acd9-1cd3bcd3d395.rna_seq.augmented_star_gene_counts.tsv	4254230	600957a99a379c64450a6b03903517a3	TCGA-A8-A08G	719082cc-1ebe-4a51-a659-85a59db1d77d	TCGA-A8-A08G-01A	Primary Tumor	Tumor	STAR - Counts
df416c2a-523d-4409-98ac-b0900584a065	bcbe88a9-729e-4af8-9bb8-1ac65aa4bd23.rna_seq.augmented_star_gene_counts.tsv	4249217	69cf11842fb313717d0d52838bc7508c	TCGA-BH-A1FD	3c8b5af9-c34d-43c2-b8c9-39ea11e44fa6	TCGA-BH-A1FD-11B	Solid Tissue Normal	Normal	STAR - Counts
e06eeb14-0ebf-453f-847b-b1ae63fe8194	c54b98cc-521e-4790-b67d-9dcc20af8c76.rna_seq.augmented_star_gene_counts.tsv	4249691	ba2208f6e7ae5d96dbecd85307d5c6c6	TCGA-A2-A1FW	54883111-d475-4515-ba3f-fece8a71e79e	TCGA-A2-A1FW-01A	Primary Tumor	Tumor	STAR - Counts
e0b65eec-7c30-4607-9cae-c8e8463c80c5	e90c1051-744f-46e5-bcec-f95d34f59e0a.rna_seq.augmented_star_gene_counts.tsv	4234783	5be8257cc3a195644cc174773f9dabb7	TCGA-LL-A5YO	b8aefc48-4a6e-4254-a57f-5f688399b582	TCGA-LL-A5YO-01A	Primary Tumor	Tumor	STAR - Counts
e0bd84f0-9524-4bd2-aa92-7205357596e5	083eb05f-0af4-4f73-bf09-3806eb3b71bb.rna_seq.augmented_star_gene_counts.tsv	4245853	f64c247dfa21e88812983189a407b680	TCGA-E9-A1RF	c694615c-b1c6-499c-8058-995633ebf948	TCGA-E9-A1RF-01A	Primary Tumor	Tumor	STAR - Counts
e0cb738d-854a-4033-b370-79fa28d7cef8	69118aea-1784-49a0-9932-082f87fdec62.rna_seq.augmented_star_gene_counts.tsv	4249156	781336ea320238ebcae83529c8a76593	TCGA-XX-A899	f89588e9-ca73-4465-a7fb-7246edb45e3a	TCGA-XX-A899-01A	Primary Tumor	Tumor	STAR - Counts
e0ec172b-4ad3-43a5-aa90-6d64ebca1a76	24747d11-c715-48f3-821b-f6dbd6a890fb.rna_seq.augmented_star_gene_counts.tsv	4239307	20cb6b90ec6fedec4aa17d7551c00399	TCGA-E2-A15K	17c1d42c-cb84-4655-a4cd-b54bae17ecaf	TCGA-E2-A15K-06A	Metastatic	Tumor	STAR - Counts
e12f17ae-dc1f-4e91-93bd-b827ad276dde	a854c368-6e81-4ade-9ea9-afbee1c4c448.rna_seq.augmented_star_gene_counts.tsv	4239792	1132566aa28f06f65623f189d783bc7a	TCGA-AO-A0JI	e17c565c-9857-4df3-a352-903b53093c85	TCGA-AO-A0JI-01A	Primary Tumor	Tumor	STAR - Counts
e14858ca-8bb5-4d6d-906c-5d62722d90f8	fd6f4c9b-ee43-4939-8cfa-2e447aedbcf3.rna_seq.augmented_star_gene_counts.tsv	4244611	c5b28e998082f8ae66879e5ddd6b196f	TCGA-AN-A0AM	00a2d166-78c9-4687-a195-3d6315c27574	TCGA-AN-A0AM-01A	Primary Tumor	Tumor	STAR - Counts
e173c170-b7c6-4aa9-9f34-33cd02702d75	8d3d544f-6d1a-4cdc-8091-490311487ebd.rna_seq.augmented_star_gene_counts.tsv	4255299	dd39679fe62a68cd1203655864986533	TCGA-AO-A128	016caf42-4e19-4444-ab5d-6cf1e76c4afa	TCGA-AO-A128-01A	Primary Tumor	Tumor	STAR - Counts
e18e1661-70dd-4b36-ae6c-c0265fbe01bb	7647345c-1654-490f-9a18-b43005225bce.rna_seq.augmented_star_gene_counts.tsv	4243962	f682046129399e7ef7eda5e5a58234ff	TCGA-C8-A12N	b8a615f9-d19b-4b09-8ec8-0674e5c648cd	TCGA-C8-A12N-01A	Primary Tumor	Tumor	STAR - Counts
e1a528ee-1bec-4aa5-bb9c-9d0af3ba4108	18cbd510-bce2-4370-a00f-939d562ba7de.rna_seq.augmented_star_gene_counts.tsv	4244052	80fecd727e65870e58ff48d6709b82fd	TCGA-A7-A6VX	7eea2b6e-771f-44c0-9350-38f45c8dbe87	TCGA-A7-A6VX-01A	Primary Tumor	Tumor	STAR - Counts
e20d0db7-984a-4bcf-9f1e-54ec63d55a2f	9e563a6c-1c6f-4901-a1af-f1ef2d8da025.rna_seq.augmented_star_gene_counts.tsv	4224223	d0c7c952df35e5ceae405226060056e3	TCGA-C8-A133	b8b6cebc-26dc-43ae-a94a-20da6018f7ae	TCGA-C8-A133-01A	Primary Tumor	Tumor	STAR - Counts
e21262db-a694-4461-b1b0-e52c0891113a	04de1f79-fdfc-4662-bab2-a3ed667c7dea.rna_seq.augmented_star_gene_counts.tsv	4229610	47c149d8b5d70ad11ae5645e9f3027ab	TCGA-A2-A0CS	d071c16b-7cee-45ed-8ec9-612418143815	TCGA-A2-A0CS-01A	Primary Tumor	Tumor	STAR - Counts
e22bc31b-332f-45a1-b17c-c747179abe61	b1366128-6ab0-4205-ae2b-a854e8ad45bf.rna_seq.augmented_star_gene_counts.tsv	4241940	081c3d0b41876fe11f2f0560e692970f	TCGA-E2-A15K	17c1d42c-cb84-4655-a4cd-b54bae17ecaf	TCGA-E2-A15K-01A	Primary Tumor	Tumor	STAR - Counts
e24e6f7c-49c1-498e-b269-4bee014007af	aa3d8e3d-68cb-47dc-80c0-d50917cb4878.rna_seq.augmented_star_gene_counts.tsv	4248256	86f5d92e10eb49de00d266bfe1f32d86	TCGA-A8-A083	afb9418e-91eb-4db1-aacf-12bd946c9ba0	TCGA-A8-A083-01A	Primary Tumor	Tumor	STAR - Counts
e25bb12b-f88b-41c5-951e-a36d4b94008f	73e13f2d-a557-47f2-85e2-7bb8e3a48ef9.rna_seq.augmented_star_gene_counts.tsv	4242276	ac839f4384c8bb3dd2dde630b1639742	TCGA-XX-A89A	ca20249f-b7ea-4fd9-9ecb-34f74755ae35	TCGA-XX-A89A-01A	Primary Tumor	Tumor	STAR - Counts
e267a6fb-3d15-4658-b464-25438bd41330	48c63209-a387-4045-8a24-7b9792db7623.rna_seq.augmented_star_gene_counts.tsv	4255140	f0c8e117660c5a84e6a03f40938b270a	TCGA-BH-A28O	84b7ccf2-8ab3-4b21-96de-800d231bc072	TCGA-BH-A28O-01A	Primary Tumor	Tumor	STAR - Counts
e2a43c17-8973-49bc-a1f3-30afa26ef5f1	4ac28e68-1f0c-4e95-bdb3-4afc7dcfc34c.rna_seq.augmented_star_gene_counts.tsv	4250639	0f8f43e8d3fa45f91f5974b0277934f0	TCGA-B6-A0IC	b804f7ae-da8f-4414-be11-f880f1859160	TCGA-B6-A0IC-01A	Primary Tumor	Tumor	STAR - Counts
e2b3728b-9827-4a13-b52c-caabd58f902e	b4b81763-61bc-469b-a048-eba733193262.rna_seq.augmented_star_gene_counts.tsv	4255364	387a0251f69e5413090225d8198b598c	TCGA-B6-A401	48ff0420-0f19-4e9d-a75d-6c54949a461a	TCGA-B6-A401-01A	Primary Tumor	Tumor	STAR - Counts
e3569a42-412b-405d-a1ca-5c89b1ea36d0	f3c13192-fe4d-45c5-9d12-5294799bd7f8.rna_seq.augmented_star_gene_counts.tsv	4248356	19e7215287c8cfd2820ad66f3eff5fd8	TCGA-AN-A0XS	95e949d3-b1f3-46c6-9451-8fe92c99e4cf	TCGA-AN-A0XS-01A	Primary Tumor	Tumor	STAR - Counts
e37e5793-921d-4930-8f22-ddcd5f881fe6	82d0130a-9bea-443b-bf46-32fe0a2ce84c.rna_seq.augmented_star_gene_counts.tsv	4242994	7374495f71dae946d9506ba582749816	TCGA-A7-A0CG	67eef990-5ff4-45d1-843d-d22d7848f130	TCGA-A7-A0CG-01A	Primary Tumor	Tumor	STAR - Counts
e38111a3-54f9-4229-8803-fc74e0c12c55	d77c2ca5-196a-4426-84e4-0ffa4a3667ef.rna_seq.augmented_star_gene_counts.tsv	4245152	0de10d3ea43407f7502a0d1ba22e05a4	TCGA-A1-A0SM	784de7ac-8424-42eb-83d4-a1bebaa42b97	TCGA-A1-A0SM-01A	Primary Tumor	Tumor	STAR - Counts
e3a49d98-c7d6-45a1-a8cb-33bab31186c2	93f8d395-2512-41fc-992e-236b706dd281.rna_seq.augmented_star_gene_counts.tsv	4253184	502686ff76a8a589a9853beccce44b21	TCGA-D8-A27R	0b23b5fe-6c7e-4297-bc55-f93fcb830ac4	TCGA-D8-A27R-01A	Primary Tumor	Tumor	STAR - Counts
e3cfb618-5ed2-4841-b7c1-a9f049ac8f9d	021d9e06-9d27-400c-8776-08e89c817b46.rna_seq.augmented_star_gene_counts.tsv	4238181	cdec4405aacaacad77c9f0b29e97ef1d	TCGA-GM-A2DD	b343bfe0-7c23-4c6a-8c84-9ee39db2ecda	TCGA-GM-A2DD-01A	Primary Tumor	Tumor	STAR - Counts
e3e56a3c-5a8b-419e-8904-194a2fdfa550	839aaefe-1755-4131-9b89-2610481a13c4.rna_seq.augmented_star_gene_counts.tsv	4239261	13494bddc415b476cc6dea3540bd8a83	TCGA-LL-A740	aa60fa8d-c374-40e0-af2d-b007701e67e3	TCGA-LL-A740-01A	Primary Tumor	Tumor	STAR - Counts
e3e859ed-2cc7-4842-a9dd-72938cd2170c	a1ba2be6-2ba6-4be5-9cc8-6db7950601c9.rna_seq.augmented_star_gene_counts.tsv	4248313	22cf7258784bbe402ae4589d797d1fd8	TCGA-AR-A24T	9e3de467-fb0d-4021-89f8-b34968a7c7bc	TCGA-AR-A24T-01A	Primary Tumor	Tumor	STAR - Counts
e4086c26-d200-4e42-8249-ed8cbeec0951	99d31369-3db2-4631-bc62-1aa6927476ad.rna_seq.augmented_star_gene_counts.tsv	4247932	9e9e3b2b8fc975e2b157394d1b5660eb	TCGA-BH-A0H0	96457ebf-ae88-41f4-97e5-cdc3163418aa	TCGA-BH-A0H0-01A	Primary Tumor	Tumor	STAR - Counts
e45b755d-1df6-446a-aa05-59ae1960b442	9d025af7-ba40-4329-9308-d039aaad900b.rna_seq.augmented_star_gene_counts.tsv	4217352	f9deea836d5f516aafaac57a6ff8ed70	TCGA-A8-A09T	0adf59c6-581a-475d-a2f4-40aa40060b5b	TCGA-A8-A09T-01A	Primary Tumor	Tumor	STAR - Counts
e4732dd4-002a-4b37-9a56-d01d551e9cc3	9c1779d3-6e10-413b-9df9-a9378862d8c4.rna_seq.augmented_star_gene_counts.tsv	4225561	8342e92db4e2a962256b2d078f7d0608	TCGA-B6-A0WW	f02931f8-d72a-481d-b532-8b141dab115f	TCGA-B6-A0WW-01A	Primary Tumor	Tumor	STAR - Counts
e4744b03-e390-43f2-a14b-86bddceaf9ae	c32e3393-3a51-4d72-aa60-e8e6e8c083f0.rna_seq.augmented_star_gene_counts.tsv	4236952	d21ed86545a8697a8df955268d937b42	TCGA-OL-A66L	af0acaa9-a61c-4e57-bc0d-453ad5bf193a	TCGA-OL-A66L-01A	Primary Tumor	Tumor	STAR - Counts
e4e099ea-7207-48b8-a578-d5e6d83054b0	c7e61a1c-fad6-4fc1-ba1a-49189d4fc0f1.rna_seq.augmented_star_gene_counts.tsv	4241870	f4aa54814bcbd08b886937086deee166	TCGA-A8-A0A7	995fdab7-7284-4d33-befa-ec22aa7c6479	TCGA-A8-A0A7-01A	Primary Tumor	Tumor	STAR - Counts
e4f1f27b-24a1-4d01-af87-b2692d092d2a	b05af4cd-19e2-4752-ad71-c36b886f4507.rna_seq.augmented_star_gene_counts.tsv	4235590	3532d0be6bf2ec83e2e320db037b35ec	TCGA-A7-A4SA	a2efe7e1-aca3-440f-825f-ed621edca69f	TCGA-A7-A4SA-01A	Primary Tumor	Tumor	STAR - Counts
e4f49b9c-faed-4f15-a79c-79664e2c03b6	61a614bb-2249-4611-8aac-1a8e53d4467b.rna_seq.augmented_star_gene_counts.tsv	4243854	614f4f9f5f3d9e908e4621cc254868d6	TCGA-BH-A1FB	ecab16bc-28d5-4c3a-8735-3c785bd047c4	TCGA-BH-A1FB-11A	Solid Tissue Normal	Normal	STAR - Counts
e4f80aa3-eace-4ab4-afff-69d952ed5442	ecf14d2a-e353-4674-9b3f-f0d11bcc9900.rna_seq.augmented_star_gene_counts.tsv	4249372	e8b2f1d76463f452e0ddf46d6d12c013	TCGA-A2-A0EN	5e670fec-8992-44bf-8657-f7f9a272306b	TCGA-A2-A0EN-01A	Primary Tumor	Tumor	STAR - Counts
e5016a2d-c839-4962-aa12-16b6c0e1328b	9634f770-bc93-4dfa-949c-98a6da30a102.rna_seq.augmented_star_gene_counts.tsv	4245166	317294299af0bce355aa417df10f7990	TCGA-B6-A0IO	04af44fc-c487-4005-b3cb-cb64815824a2	TCGA-B6-A0IO-01A	Primary Tumor	Tumor	STAR - Counts
e52108ad-c4ab-4ab4-8636-caaeaae7ea62	b02ec16a-9dff-4b98-9960-73175454082a.rna_seq.augmented_star_gene_counts.tsv	4239372	732a88518c8eaec42223c285ede58a95	TCGA-AC-A8OQ	dfaabd03-2d40-4422-b210-caf112ff4229	TCGA-AC-A8OQ-01A	Primary Tumor	Tumor	STAR - Counts
e5363f56-84fa-4b66-a005-1e7cdcb84c2f	7d787768-efb1-462d-b5aa-5cbf6fc543d4.rna_seq.augmented_star_gene_counts.tsv	4211050	3afd6b79598b3c63ef8b737db46c9c7b	TCGA-A7-A26J	6cb6f179-defd-4661-af0a-c353b74c0c49	TCGA-A7-A26J-01A	Primary Tumor	Tumor	STAR - Counts
e5393dc3-65d0-4d65-bb75-2fed770af595	d636f6ce-e820-4e8a-969f-c3ac2d46b191.rna_seq.augmented_star_gene_counts.tsv	4246959	abf4e4109f7051c970266754de99b5e1	TCGA-D8-A27E	680f23a9-fcce-493e-b908-27c1ad202e4c	TCGA-D8-A27E-01A	Primary Tumor	Tumor	STAR - Counts
e58f3dde-82f6-4a5d-9909-8f5659a26915	9bf53a64-2c24-4cf7-8419-f57b1936aa8c.rna_seq.augmented_star_gene_counts.tsv	4244837	9d68f0147528eb1f3375aa9056713864	TCGA-BH-A8G0	59d60247-e549-4326-a672-50b05c13a291	TCGA-BH-A8G0-01A	Primary Tumor	Tumor	STAR - Counts
e59d6b6e-1a01-4f3f-b298-06f2c6c7b111	f6ec2075-052d-4677-8423-378ae45593ba.rna_seq.augmented_star_gene_counts.tsv	4244226	40d3409b401a93d1a693f82c6b81d56b	TCGA-A2-A3XW	c02699b5-580a-4d55-971e-f4692b2cce57	TCGA-A2-A3XW-01A	Primary Tumor	Tumor	STAR - Counts
e5b0c2dc-c652-40a0-bb80-d7e87830b406	8f8c9d55-303c-4099-8038-458e3e96ad4e.rna_seq.augmented_star_gene_counts.tsv	4242053	73ffdf2591ac38adc90e74c9d6c1c9cd	TCGA-BH-A0DP	14267783-5624-4fe5-ba81-9d67f1017474	TCGA-BH-A0DP-01A	Primary Tumor	Tumor	STAR - Counts
e5f6e803-fc44-4f0f-9f6e-562b4e7d77ca	360280b4-a4eb-40f0-ac1a-35d6858f4aeb.rna_seq.augmented_star_gene_counts.tsv	4239312	387c968973ef882222e9c9e4ed7c7ce6	TCGA-PE-A5DD	b0700958-5f90-4546-b35f-635cd506889b	TCGA-PE-A5DD-01A	Primary Tumor	Tumor	STAR - Counts
e64c5a32-13c4-495e-ab4c-b5000332c09d	dede0990-1733-4473-bc48-78605f16834c.rna_seq.augmented_star_gene_counts.tsv	4244870	290b75b3909378228bb4e8cd830559d3	TCGA-OL-A66K	2ab1b35b-9e56-475c-ac9b-15ed0a422683	TCGA-OL-A66K-01A	Primary Tumor	Tumor	STAR - Counts
e67bbc10-91cf-406e-8d5f-8d44c77315f1	cbf0063b-68e5-42ee-9292-dfbf918a7b08.rna_seq.augmented_star_gene_counts.tsv	4236013	7613e39e213fb43e848f5ba3d3252217	TCGA-BH-A1FG	d4e7426c-9739-4585-9114-e564b13c7c02	TCGA-BH-A1FG-01A	Primary Tumor	Tumor	STAR - Counts
e6cbdcab-7fd1-43a6-be43-68b6a0fb4fe9	e548b6da-7025-48ef-bac6-50dcf66abe71.rna_seq.augmented_star_gene_counts.tsv	4239359	d90d18326c1a85630476a54c78325d49	TCGA-A2-A25D	3b963d72-ba5c-467b-83c9-fbdb462510a3	TCGA-A2-A25D-01A	Primary Tumor	Tumor	STAR - Counts
e6ea1343-0da3-43f3-9845-4845db02edb8	697cb422-6fda-499a-b808-9ca2357b9b51.rna_seq.augmented_star_gene_counts.tsv	4232893	46d3d5abcf6c9952ba7546a3f43f36ab	TCGA-S3-AA14	929acc67-b8bf-4f65-9110-380e44ab66b7	TCGA-S3-AA14-01A	Primary Tumor	Tumor	STAR - Counts
e6f927ef-840f-438a-9559-863cc64f71e0	98447eef-e5af-4bfa-a215-7a1edd601c46.rna_seq.augmented_star_gene_counts.tsv	4257426	9efa2d1eab60fbbb19aae481bc97ddb8	TCGA-LL-A440	00b11ca8-8540-4a3d-b602-ec754b00230b	TCGA-LL-A440-01A	Primary Tumor	Tumor	STAR - Counts
e748021e-b8ec-4b17-8b59-ce9d0a3d42e1	a12e5c24-f0ea-4770-9888-20e1c562e436.rna_seq.augmented_star_gene_counts.tsv	4235139	2b09b1c8d2010ec8f2d319ccdee61fa6	TCGA-A2-A0SW	991e1427-3c01-423d-abfd-4584302ca72c	TCGA-A2-A0SW-01A	Primary Tumor	Tumor	STAR - Counts
e7789185-2581-4846-bafd-8b920edc0973	a29c8616-0f82-4515-870e-68887a628c92.rna_seq.augmented_star_gene_counts.tsv	4251898	f3314076ce96e2786a4d46d1bf9b23e0	TCGA-D8-A1XW	887b9e5b-99db-44ac-9c30-c0dc6877b41c	TCGA-D8-A1XW-01A	Primary Tumor	Tumor	STAR - Counts
e8149278-3269-4dbe-9500-7045fd56cd2f	2f05f114-9769-48e4-978c-6bfe1f2f372f.rna_seq.augmented_star_gene_counts.tsv	4221669	500360106c1dad9255291b442ebae452	TCGA-B6-A2IU	9857be0c-aeca-4a43-90b1-0535bd08e086	TCGA-B6-A2IU-01A	Primary Tumor	Tumor	STAR - Counts
e84b9f1a-0def-425b-86c1-c143b27509b5	4497500a-5721-4d7a-8ed9-1ba7b42fb6ab.rna_seq.augmented_star_gene_counts.tsv	4259956	a994157abf6f5cd076d1c50850a911a6	TCGA-BH-A1FJ	f6581eee-61b9-43d4-ab0d-ce5ce3ba1c74	TCGA-BH-A1FJ-11B	Solid Tissue Normal	Normal	STAR - Counts
e855de31-6adc-423f-9295-3064f2449f35	535047b2-35b4-4e31-8761-f38cf1f57441.rna_seq.augmented_star_gene_counts.tsv	4217776	ad75b0257f30a1fcd126466465b54a44	TCGA-GM-A2DO	5fd37868-4762-4109-9dcf-6fdbab5b645d	TCGA-GM-A2DO-01A	Primary Tumor	Tumor	STAR - Counts
e86f9f1b-4e5c-4743-8158-14ec2e83b6f1	91d22570-2889-46c5-9efe-5c40a4f84e5b.rna_seq.augmented_star_gene_counts.tsv	4228519	0686a57fe6e8be400b3b5702ebf0880d	TCGA-B6-A0IA	0807435a-e75e-4e04-8e45-ed0cd49a841a	TCGA-B6-A0IA-01A	Primary Tumor	Tumor	STAR - Counts
e8d97ce6-190e-4189-a148-5a8d9f4215c3	d244c9fe-f289-417a-af42-85591ef4fdc6.rna_seq.augmented_star_gene_counts.tsv	4254733	b0061c25b8e11531dad5283e963cd1ca	TCGA-C8-A26Y	4d51159f-ab2f-40e3-a363-847c3654431e	TCGA-C8-A26Y-01A	Primary Tumor	Tumor	STAR - Counts
e914127b-20a0-4ef1-a614-06b697da648c	526d20dd-9df1-44c4-ab04-82109fafd3a3.rna_seq.augmented_star_gene_counts.tsv	4255248	6b681f4fd3ba95c41959fd633202a586	TCGA-AC-A2FB	02bbb632-0f7f-439d-b8f0-c86a06237424	TCGA-AC-A2FB-11A	Solid Tissue Normal	Normal	STAR - Counts
e94299a9-67bc-4c30-963c-1476fbb7d5ff	3cd924c3-5000-49de-a253-92d1cfa9a09a.rna_seq.augmented_star_gene_counts.tsv	4242061	1bed71aa2ad88c31f900be70990f5898	TCGA-AN-A0G0	96312510-c126-485d-8109-ed81844a1dc3	TCGA-AN-A0G0-01A	Primary Tumor	Tumor	STAR - Counts
e94ef671-995d-452b-bcbe-993e5b437a68	b29eda98-8a40-4c9f-ab41-7d6eded84d50.rna_seq.augmented_star_gene_counts.tsv	4250093	0dd6ca0311af3841ac2d23f48ff7968f	TCGA-AO-A0JG	58959e88-54e2-4558-9664-2effda7403dc	TCGA-AO-A0JG-01A	Primary Tumor	Tumor	STAR - Counts
e99a371e-14fa-46f7-89c1-ad36bcd82994	28b12d43-f858-458b-9305-6581a9498e59.rna_seq.augmented_star_gene_counts.tsv	4220652	b9c56be219a1a984d83a4dadd8460c54	TCGA-E2-A1LH	d8ecba6a-9fff-4993-a799-9a8d2aea524e	TCGA-E2-A1LH-01A	Primary Tumor	Tumor	STAR - Counts
e9fe2319-2624-4ac1-9c41-d0ac44608f02	04ed1bfb-533f-4d97-a7e4-3e7bab103485.rna_seq.augmented_star_gene_counts.tsv	4254570	8a7eeb3cc53080ab1233c87251d9b24f	TCGA-AN-A0FY	de75d0b9-0f47-4732-8df5-05c350cfcd32	TCGA-AN-A0FY-01A	Primary Tumor	Tumor	STAR - Counts
ea01e210-0d45-4c23-8644-904771672188	23b6c182-bb01-403a-9844-560518d059ac.rna_seq.augmented_star_gene_counts.tsv	4255609	a0ff7988e7f28ae3f901af50258ea510	TCGA-E2-A1L9	5ea18514-51ad-4844-abea-15e82f0b10c9	TCGA-E2-A1L9-01A	Primary Tumor	Tumor	STAR - Counts
ea1fadc2-1cdc-4658-9619-eeb26ae09da8	9ee600fe-20c7-4b1f-b08f-15d3d38a5c52.rna_seq.augmented_star_gene_counts.tsv	4247558	151e826089cfc5f25208381c730421d1	TCGA-BH-A0H7	2021ed1f-dc75-4701-b8b8-1386466e4802	TCGA-BH-A0H7-11A	Solid Tissue Normal	Normal	STAR - Counts
ea4c3031-5f48-4048-90ff-a525271cfebc	671bc03b-e3a8-45f6-88e4-ce138c716886.rna_seq.augmented_star_gene_counts.tsv	4255496	72b09638fad0abd38a796bfbcccdad83	TCGA-BH-A0W5	da9c10ea-c13f-4d88-8b94-a0cbc106d036	TCGA-BH-A0W5-01A	Primary Tumor	Tumor	STAR - Counts
ea5c9d47-1803-4bd5-88da-352e172bc45d	7c3fbd41-7360-49e2-9c5e-9570dd24fcac.rna_seq.augmented_star_gene_counts.tsv	4219996	128fd72af8ff8fc4da35b14555590d4c	TCGA-AQ-A54N	58090433-d8d1-4499-a235-810c3e9d5b74	TCGA-AQ-A54N-01A	Primary Tumor	Tumor	STAR - Counts
ea7281b8-a53c-453a-93e9-69549c5f0fe8	3aedd29b-c089-4319-a7cb-61411a737e92.rna_seq.augmented_star_gene_counts.tsv	4251353	5ee0b2c91abd803830c9ce86f5285189	TCGA-GM-A3NY	bd5374c9-7f36-457f-b66b-7cc7ff64224e	TCGA-GM-A3NY-01A	Primary Tumor	Tumor	STAR - Counts
ead53b27-6ad9-4b96-b5d4-0d4f06fb2d13	dadd1789-354a-4abb-8d4e-8556166cf341.rna_seq.augmented_star_gene_counts.tsv	4235051	0948d5b1ea684cd62a6ec7dafbeda026	TCGA-A8-A09E	dfefb76a-ec6b-4cd2-9d45-2e1e4befc7ea	TCGA-A8-A09E-01A	Primary Tumor	Tumor	STAR - Counts
eb166054-ff70-4a86-883b-9c25a7d2b0e5	6cc59c3f-0de5-4232-ab7a-7195a92e7d89.rna_seq.augmented_star_gene_counts.tsv	4245622	2ce77f34d6c915bc5ae66ccedd2b1fe3	TCGA-AR-A0TX	c364e81c-eb1e-4870-ab37-9c661f5f2e3d	TCGA-AR-A0TX-01A	Primary Tumor	Tumor	STAR - Counts
eb914a22-6e3f-4296-89d4-a960902fba2b	cd23ba96-cc18-428d-ae3d-67a7a2dd3c91.rna_seq.augmented_star_gene_counts.tsv	4256635	7432b4b1d8355d6d726f517eeff6c17f	TCGA-AQ-A04J	9938ce5c-e74e-446e-a932-f096f85cc3b1	TCGA-AQ-A04J-01A	Primary Tumor	Tumor	STAR - Counts
eba83203-1de1-447a-88d0-2ffbccc24990	fa94f266-1ed4-440a-8d10-3c72ce4100ba.rna_seq.augmented_star_gene_counts.tsv	4240777	b861e79548498dbfc371208205e9d5a3	TCGA-AR-A2LJ	738e1acc-1f0c-4a96-9c8a-222727ef5af8	TCGA-AR-A2LJ-01A	Primary Tumor	Tumor	STAR - Counts
ec2687cf-9496-4232-9a96-41b935d6ffb3	fb5f0118-87fb-409f-89d8-9bd9f06867b9.rna_seq.augmented_star_gene_counts.tsv	4238618	a54ea62a91c04349ed161a732ed3bf03	TCGA-OL-A66H	76bd9bb9-9a8b-4a90-bb7c-eafe76472ee4	TCGA-OL-A66H-01A	Primary Tumor	Tumor	STAR - Counts
ec67e25e-9cc6-45a7-a7c0-8dc778ae14c1	a068f661-e689-4e30-9572-3103039981aa.rna_seq.augmented_star_gene_counts.tsv	4257949	fa597e9b15adb92b276c29d9df1e876c	TCGA-AC-A23C	dfd0b7ba-c7d3-498e-b455-346301865452	TCGA-AC-A23C-01A	Primary Tumor	Tumor	STAR - Counts
ec7b77d4-41a2-4892-be79-23cb24f986d3	7d736f2b-b73e-4fc1-8d3f-9f350f88171a.rna_seq.augmented_star_gene_counts.tsv	4247933	4e9062338df094d1c925deabe44e949d	TCGA-D8-A1XQ	3886b4fb-ba22-4a50-b11a-a6893951f170	TCGA-D8-A1XQ-01A	Primary Tumor	Tumor	STAR - Counts
ec9437c2-dad0-471a-bd2c-faa61846af57	fb120cb4-2cee-4848-a60e-6c1fba723dc9.rna_seq.augmented_star_gene_counts.tsv	4218779	4d151583ad711eb77ee79a83c7660543	TCGA-E2-A156	f05d314c-5ec5-4e2a-b785-9a702716f111	TCGA-E2-A156-01A	Primary Tumor	Tumor	STAR - Counts
ec9fb459-42b7-47eb-8c3a-48f492a7b2dc	3b1b46e1-f475-46f0-af79-0b9296164be3.rna_seq.augmented_star_gene_counts.tsv	4254162	23b6228b2b9b44917112f531ad5f820c	TCGA-AC-A6IV	8e11c5ec-c15a-48d4-85ac-b7b08a9ed827	TCGA-AC-A6IV-01A	Primary Tumor	Tumor	STAR - Counts
ecbec59f-397d-493c-a5f6-0dd47aea96ae	343a3d35-e60e-4326-bbf8-2bf722c22ccc.rna_seq.augmented_star_gene_counts.tsv	4241450	cf1806f88e4080e3ac00002968e56004	TCGA-E2-A15E	0a2a3529-f645-4967-9a58-89ee20b8bb62	TCGA-E2-A15E-06A	Metastatic	Tumor	STAR - Counts
ece7c643-e0b9-4b65-b6f5-89c414c1bfea	7e6ed4fc-b4bf-46c7-9f31-24a0c32c039e.rna_seq.augmented_star_gene_counts.tsv	4247809	7e032c9132f1ba39335b819afd53c06f	TCGA-D8-A1X6	42e47f3a-dff7-41e4-8f84-146d97e8ab72	TCGA-D8-A1X6-01A	Primary Tumor	Tumor	STAR - Counts
ecf9996e-0cba-4394-9f5a-51fceab1ac56	47bdf86d-922f-4615-b7dc-8b19a0cbcf60.rna_seq.augmented_star_gene_counts.tsv	4232687	27420b6f209b66d648fc5fcfac5a5c7f	TCGA-A8-A0AD	af5453a9-cf1f-40de-aec4-0e0710908fb7	TCGA-A8-A0AD-01A	Primary Tumor	Tumor	STAR - Counts
ed0aae7b-f815-4dc8-a98f-5844602cbaea	b773c30d-f37b-4aee-8330-a159d42d3019.rna_seq.augmented_star_gene_counts.tsv	4245434	d07dba9b56ae2ee6fc1b9e3c410602f3	TCGA-A8-A07G	8cf8b620-7ab6-4b6e-84bc-ff5a83f381fa	TCGA-A8-A07G-01A	Primary Tumor	Tumor	STAR - Counts
ed1497db-7c6f-4bd2-83ed-ee05fa286f8b	ca701a41-b397-48b7-bad4-09ef8b4eb462.rna_seq.augmented_star_gene_counts.tsv	4245305	0109c6791e06b2d9e6f19e416ebe4537	TCGA-C8-A130	8cf54607-01ce-42b0-9bd9-8627edd9f3b7	TCGA-C8-A130-01A	Primary Tumor	Tumor	STAR - Counts
ed76d903-de08-4060-ab15-b4add3c551f0	05ea028e-6b8a-4352-88aa-057494cf5e80.rna_seq.augmented_star_gene_counts.tsv	4240597	d18988612c2dadf8c24a138d8e829b4d	TCGA-AN-A046	dcd5860c-7e3a-44f3-a732-fe92fe3fe300	TCGA-AN-A046-01A	Primary Tumor	Tumor	STAR - Counts
ed797859-4d7e-40e6-bae3-54ef15ad0f0a	22190dbc-a176-4f26-96d8-c2d2667b64ae.rna_seq.augmented_star_gene_counts.tsv	4225673	0fde20012b55ad00ff2e35d528131f3b	TCGA-E2-A1AZ	89128dba-403f-4a96-bb3b-23ed0d5e2147	TCGA-E2-A1AZ-01A	Primary Tumor	Tumor	STAR - Counts
eddb2dc6-2b72-43a8-a7fc-3dd09dde68af	316d8a79-9084-4355-9de7-e29503bf0864.rna_seq.augmented_star_gene_counts.tsv	4241720	2262a72d5484ad94c64449320a0812a5	TCGA-BH-A1FU	c348a9b3-c901-4384-a222-144387bac0c5	TCGA-BH-A1FU-11A	Solid Tissue Normal	Normal	STAR - Counts
ee39aea6-23f8-470f-863c-545ef6c5ea77	b44be803-b398-4e93-b459-40ecdf2cb130.rna_seq.augmented_star_gene_counts.tsv	4256495	9eaf956083e5c9e64951cb323f64b6bf	TCGA-B6-A400	d9a1c06f-7b50-46b0-878e-89e8c31863ae	TCGA-B6-A400-01A	Primary Tumor	Tumor	STAR - Counts
ee447251-5c90-426f-a0c7-bd2041189761	06a03e45-7315-4a8d-9fef-d841a4a8043c.rna_seq.augmented_star_gene_counts.tsv	4229873	a908ce6cc170c70d3b3c4d9646acff27	TCGA-Z7-A8R5	23f438bd-1dbb-4d46-972f-1e8e74ddbd37	TCGA-Z7-A8R5-01A	Primary Tumor	Tumor	STAR - Counts
ee89e01e-d54e-4166-a3ae-db9357639523	207b5c1c-3710-47bd-be2c-e1307631b28f.rna_seq.augmented_star_gene_counts.tsv	4243826	a594498bf05e67008010e00632060cd8	TCGA-E2-A155	01f50abf-fc15-446e-9d07-edeecc545a32	TCGA-E2-A155-01A	Primary Tumor	Tumor	STAR - Counts
eea8e274-7b23-444d-999d-1741d7a928d2	20ef7196-2274-44e1-a105-0761f80c893c.rna_seq.augmented_star_gene_counts.tsv	4249741	d53961c225cef52a1ec4ff227495c03c	TCGA-E2-A109	f0787165-6f58-4d67-b510-928eea2c4882	TCGA-E2-A109-01A	Primary Tumor	Tumor	STAR - Counts
eedfb6fb-3db6-4eae-8c6c-8b6722ae72b6	d504a28c-f8e7-4c5e-b01a-23b4cdd1dd8a.rna_seq.augmented_star_gene_counts.tsv	4233466	77f8d7d585e713708bdd0f3fb7220268	TCGA-BH-A1EN	858652b8-c4c2-41d8-be32-fdc88e1a7bb0	TCGA-BH-A1EN-01A	Primary Tumor	Tumor	STAR - Counts
ef181439-d071-40e0-a185-f29343085f8c	287f70d5-cb97-459f-963b-68408f92c0f3.rna_seq.augmented_star_gene_counts.tsv	4231264	086d56f4fd3d1121fa80fd482d0334d1	TCGA-AR-A1AQ	98e0b4de-52fc-4945-9bf5-11e29368f939	TCGA-AR-A1AQ-01A	Primary Tumor	Tumor	STAR - Counts
ef227e3c-7a6d-4c43-945f-c1c7b410d50b	dbb2f12c-e200-412a-9023-0126d6d69a52.rna_seq.augmented_star_gene_counts.tsv	4229929	fe6aaaa0d49b064965f9e661f497758d	TCGA-E2-A574	029ce650-5e5a-4100-8596-cd94300e7ef5	TCGA-E2-A574-01A	Primary Tumor	Tumor	STAR - Counts
ef3ba95e-2251-43a6-8910-2bdfb02d22be	36bbebb5-ba1e-4ac6-83b2-67ccd05e4939.rna_seq.augmented_star_gene_counts.tsv	4251843	f5d8d2ebaf886cac1c1656b5f60206e5	TCGA-A2-A1G0	2e538802-2a31-4774-89a8-c6e4381a887d	TCGA-A2-A1G0-01A	Primary Tumor	Tumor	STAR - Counts
eff9c23b-fc85-403c-8e88-86b4def8ced1	e7c2b898-cd11-42a1-b309-b4de1ab01965.rna_seq.augmented_star_gene_counts.tsv	4250007	56d9ffbc1ed4db20827e893593f2c68b	TCGA-AC-A4ZE	0cf0d67c-2f7f-42a6-94f3-407d0ec46c88	TCGA-AC-A4ZE-01A	Primary Tumor	Tumor	STAR - Counts
f0107961-a5e1-46ec-b232-a47f0049bc5f	a2744918-6659-412c-a5e3-a02b9712890e.rna_seq.augmented_star_gene_counts.tsv	4251206	fe1692235eb3ba5dc922e50326b30503	TCGA-AR-A24O	125b0a9a-6cbe-4207-9178-e7ff03487e87	TCGA-AR-A24O-01A	Primary Tumor	Tumor	STAR - Counts
f03677e2-11ab-40b2-8499-591357c2c9d6	32fdc0ce-d263-4622-8f8c-3df009bf2535.rna_seq.augmented_star_gene_counts.tsv	4244886	cadc409060bb5190068072f807e32d00	TCGA-BH-A0AV	790ff5db-b7f3-4946-aaed-305f66b1dd6a	TCGA-BH-A0AV-01A	Primary Tumor	Tumor	STAR - Counts
f0a63361-78bb-4a7f-9d78-31f7b2980ba2	1008e8d8-a93c-4779-80b6-1272322e7c52.rna_seq.augmented_star_gene_counts.tsv	4224263	7c75b69a65b6f1da8641783c6505586c	TCGA-C8-A137	03ab1e9f-4918-404d-b178-3a4fd929c5e8	TCGA-C8-A137-01A	Primary Tumor	Tumor	STAR - Counts
f11c5295-697a-46f7-91fe-b760dc9f1029	e619b307-4391-48ab-9282-7f22b14f5afe.rna_seq.augmented_star_gene_counts.tsv	4243588	1677395ae138303a0c01a698c6f8a6e6	TCGA-BH-A0BC	327a2395-85c8-42e1-9638-8e037a1723ed	TCGA-BH-A0BC-11A	Solid Tissue Normal	Normal	STAR - Counts
f1934efb-1c8a-4c72-ba94-d263ef0d0cd4	35da5f48-1c64-488b-8330-01e5fcbd9801.rna_seq.augmented_star_gene_counts.tsv	4243661	b742c42c54d5855f8c5065bd6ebba3c7	TCGA-B6-A0RL	5562455d-bbb8-46eb-a510-e8c6e1e26789	TCGA-B6-A0RL-01A	Primary Tumor	Tumor	STAR - Counts
f1dc7a14-29f1-4fe1-bc67-01e0776d6b40	00a26384-1b1c-4db4-9664-75fb9b3febdb.rna_seq.augmented_star_gene_counts.tsv	4249777	c37c8d05e1c8764e281094f3b7124c63	TCGA-OL-A5RV	1d38d356-d126-4476-94d0-26616b9375b1	TCGA-OL-A5RV-01A	Primary Tumor	Tumor	STAR - Counts
f205f47f-bd57-42bf-a702-4a17d4391411	3f32cdec-5a60-4147-b313-7c9a9dfefc78.rna_seq.augmented_star_gene_counts.tsv	4249065	d68a0a792706d6bd2db6b34e0b26fe1b	TCGA-B6-A0IM	5a4b7098-1f6a-49e9-b364-29d6d34f5bd5	TCGA-B6-A0IM-01A	Primary Tumor	Tumor	STAR - Counts
f24d6e88-634e-4d86-b993-76a40f1190d0	f201e2e9-dfb0-4a53-bd68-56f4e87604d3.rna_seq.augmented_star_gene_counts.tsv	4252668	9ca1c2f708ad9254dd6af87e538a512b	TCGA-BH-A0AU	360d1d6d-cf3e-4c78-b36f-ef5e3160aa6b	TCGA-BH-A0AU-11A	Solid Tissue Normal	Normal	STAR - Counts
f2842246-b121-48f0-a8c5-474a8fb47036	09f906ba-fa4b-487f-9631-fbd97d9db8f9.rna_seq.augmented_star_gene_counts.tsv	4227240	ef67efe0635c6eb218be21f90a74df82	TCGA-B6-A0IK	0491063c-14a7-4104-8002-1459126332f3	TCGA-B6-A0IK-01A	Primary Tumor	Tumor	STAR - Counts
f2a4b38d-bfc0-4363-9a58-b5fa2af26ff3	4665ff5e-adb6-4b88-8a42-cb25c4fda0a0.rna_seq.augmented_star_gene_counts.tsv	4248071	753ef81b3c1c598ba010e7d1ef89d13e	TCGA-B6-A0WX	a482fc4c-ff1d-46a0-a968-7df06422cc4b	TCGA-B6-A0WX-01A	Primary Tumor	Tumor	STAR - Counts
f2bf29d2-4c33-4810-90e8-88f37ea47bc8	139b1f70-02f6-4f5e-84b3-81d3677b3f8c.rna_seq.augmented_star_gene_counts.tsv	4258036	773da5282d25c0e2f81ed7568ac272ca	TCGA-AR-A24H	6f89509c-f802-482e-b4da-94553aa76fe9	TCGA-AR-A24H-01A	Primary Tumor	Tumor	STAR - Counts
f30b7e3e-f26d-47f7-a87f-6c1a4f074f65	a7bca7c2-8c54-4ad1-9deb-7f77c962bb07.rna_seq.augmented_star_gene_counts.tsv	4253516	4b87e94f6fa77db5b14428fa8d5b2de8	TCGA-B6-A0IQ	01eef340-598c-4205-a990-cec190ac2ca5	TCGA-B6-A0IQ-01A	Primary Tumor	Tumor	STAR - Counts
f33b0d9c-486b-482d-b4a6-c2885072db7b	ab3b04d0-d1fb-48f4-aae2-9ef96c9f5fb2.rna_seq.augmented_star_gene_counts.tsv	4246715	dd7d48904359e2e9f7ae4da33e4130f9	TCGA-D8-A27N	d5be2ab3-f748-480d-954b-385cf01b4c81	TCGA-D8-A27N-01A	Primary Tumor	Tumor	STAR - Counts
f35ae5c7-6e88-410d-b86f-c5bdae11a5f4	222dd9b5-4187-45b9-8cb1-fd16ba14425b.rna_seq.augmented_star_gene_counts.tsv	4247830	b02ae0928156a6d24256b65153d9b7f8	TCGA-C8-A275	ce887e90-0660-4f44-a3a4-b3b894cb7eda	TCGA-C8-A275-01A	Primary Tumor	Tumor	STAR - Counts
f36e613e-af30-4b1c-aaf3-89540e05ddb1	281a89c1-e817-49d4-afa1-2894c2747919.rna_seq.augmented_star_gene_counts.tsv	4246121	aacb84ccf17c8f924e5afbd2c6bba7bb	TCGA-B6-A0IG	34ab0cb8-bf19-4cbb-b4eb-3c45ee5aa60b	TCGA-B6-A0IG-01A	Primary Tumor	Tumor	STAR - Counts
f3746445-b2d0-4455-a6c0-46562188c056	d89a84a4-4f45-4aab-ab6a-131bf3b359bd.rna_seq.augmented_star_gene_counts.tsv	4261472	76ea2b80b216ad37b358631aff252cdd	TCGA-E9-A243	d4a1ecdc-399c-4f82-aa7a-68a0c82ded3f	TCGA-E9-A243-01A	Primary Tumor	Tumor	STAR - Counts
f377c267-d5eb-4542-bd0d-e87f957f3154	eed349c6-a5ed-4543-ae8d-67b394b26c7a.rna_seq.augmented_star_gene_counts.tsv	4246442	8b3d6cbd47bf866e4568834f7b875157	TCGA-D8-A1JE	115bc72c-116f-40c1-be9b-e3dd7650efae	TCGA-D8-A1JE-01A	Primary Tumor	Tumor	STAR - Counts
f3d5f550-311d-4c59-8576-81fde80db315	1990cbfd-497e-4fcb-ad10-251e410c0d29.rna_seq.augmented_star_gene_counts.tsv	4239844	bf87d41858a0ee886b956d9247b0ef8c	TCGA-E2-A1LE	7317e605-93ba-49a9-8743-20613b02767a	TCGA-E2-A1LE-01A	Primary Tumor	Tumor	STAR - Counts
f43b97fd-8953-4a5e-bafb-eb572145abe3	866770c0-c4f1-4ed3-aa96-7ff4f7328323.rna_seq.augmented_star_gene_counts.tsv	4249422	427818069c76bf1d9581e75ab52f6012	TCGA-AC-A6IX	7486a2b3-b09f-4e9c-9864-8b51b58d9fb3	TCGA-AC-A6IX-01A	Primary Tumor	Tumor	STAR - Counts
f45af277-1f94-4cdd-97d4-8ccdbd7ff18e	a41a8b37-2a35-487f-8a4d-ffa0f31b7839.rna_seq.augmented_star_gene_counts.tsv	4250718	cd083b8a8359c3c4b61918932440291a	TCGA-AC-A23H	7dcf550c-90ce-4f63-aecd-0e46897e2a3e	TCGA-AC-A23H-11A	Solid Tissue Normal	Normal	STAR - Counts
f502949f-ca10-4617-a7ee-b8f142f7ec93	3099b2a6-0d46-4404-88b0-a3689b019c38.rna_seq.augmented_star_gene_counts.tsv	4245653	d1e302ff72aeebcc716c047f1d17567b	TCGA-A8-A09Q	09c2bc35-c21f-4aa4-ac30-0d8db02ad811	TCGA-A8-A09Q-01A	Primary Tumor	Tumor	STAR - Counts
f52fccc4-745f-4e5d-bff8-8d2009b6588d	458ad47a-9fbc-4508-8ff5-5a8e5c71ae6a.rna_seq.augmented_star_gene_counts.tsv	4237030	97c57b8924fbc3f02c78d0fd3f0c0a63	TCGA-AN-A0AL	3e9f93c0-aa79-4b4c-bd6c-b3325912362a	TCGA-AN-A0AL-01A	Primary Tumor	Tumor	STAR - Counts
f55dbdb1-0301-4000-a854-717aed117a63	45312cc1-6a70-441f-9711-85dcc224bb98.rna_seq.augmented_star_gene_counts.tsv	4246905	e22a8783d4266ea53d32bd57df22c95a	TCGA-A2-A4RY	5a53ec47-e63f-44a2-8078-87659544fb04	TCGA-A2-A4RY-01A	Primary Tumor	Tumor	STAR - Counts
f55eb7a0-34e6-4d0d-9427-7d7896ddf060	8a7a2dda-c92e-425c-9c18-5f50aaeba203.rna_seq.augmented_star_gene_counts.tsv	4231995	4482f02d75e973a8aeef169bed0dd456	TCGA-AR-A5QQ	3af31fcf-ad0c-4fd9-a8e3-10f9176b5e9d	TCGA-AR-A5QQ-01A	Primary Tumor	Tumor	STAR - Counts
f599be9a-0cac-4441-905c-5a6c87e7bc8c	741fb6d6-364f-47a0-a262-f18235c48fc4.rna_seq.augmented_star_gene_counts.tsv	4252896	12fb1d049bfd6de69583e29e50ff1686	TCGA-BH-A0BW	5d1d00c6-fcae-479e-ae1e-de76efd41d98	TCGA-BH-A0BW-11A	Solid Tissue Normal	Normal	STAR - Counts
f5e5f153-f422-4c2a-ae54-fc11f416c637	343c349a-57ce-4599-8185-3ed2e15c6fdd.rna_seq.augmented_star_gene_counts.tsv	4242663	6fd3b80de15e0e8b4c780e949f577207	TCGA-D8-A140	2585edbd-3488-4100-a4ab-a161252a31ee	TCGA-D8-A140-01A	Primary Tumor	Tumor	STAR - Counts
f6392b6f-24d9-4768-8269-c7c647f8ff8c	0e062eef-29b8-4622-afd9-0d3f0d1c37d6.rna_seq.augmented_star_gene_counts.tsv	4242970	fbc54d79abeac957a2364f8e4b295125	TCGA-A2-A0YH	298d33da-15af-48cb-b30f-eaf54e7baa43	TCGA-A2-A0YH-01A	Primary Tumor	Tumor	STAR - Counts
f63a40ad-26af-48d6-bb36-91fd91d32e6b	90a1bbd2-6b26-4d1c-b255-df5499d1da6c.rna_seq.augmented_star_gene_counts.tsv	4234478	2819e5ef9e526856834e276e3b72ee25	TCGA-E2-A1IG	bc0bc70f-c6cf-4dbc-9dc3-8b7bc5f381a4	TCGA-E2-A1IG-11A	Solid Tissue Normal	Normal	STAR - Counts
f6565f25-4317-4615-a437-af79da929ecd	8643d0bc-0acb-4d6e-b6bd-5a997d2fc39d.rna_seq.augmented_star_gene_counts.tsv	4255898	6579f7ee9cd7fda93b194549f9892151	TCGA-B6-A3ZX	9434687a-197c-4959-b6b8-9c05f1dd7f53	TCGA-B6-A3ZX-01A	Primary Tumor	Tumor	STAR - Counts
f66aace4-01a4-4def-8e71-26d9aaf13d49	9db2f825-0d02-4437-9107-a6b92ef4e2cc.rna_seq.augmented_star_gene_counts.tsv	4246431	24ff8dcee52767c9d8e44aaabe7a6bce	TCGA-A1-A0SE	c397e6c2-ba3a-4f5e-a258-c140611192fe	TCGA-A1-A0SE-01A	Primary Tumor	Tumor	STAR - Counts
f69ca0e5-201f-4066-81a5-c5b9c8a5012c	23b39087-8003-4e5b-a1f8-b50b0919bcca.rna_seq.augmented_star_gene_counts.tsv	4240425	e984b12705a2619fe0cb1db8dc701e84	TCGA-AR-A1AN	43029932-feb0-4658-97fa-645c1e775009	TCGA-AR-A1AN-01A	Primary Tumor	Tumor	STAR - Counts
f6cb208f-cc43-4245-8392-dc5ada57bb9b	ca8b34fa-ab70-42c1-8e81-8b28ba1a8f3a.rna_seq.augmented_star_gene_counts.tsv	4251309	79f8391d406a3f877e35b29947cbe680	TCGA-A8-A08R	6412854a-f874-469e-9d1f-8bd3ae5bd41d	TCGA-A8-A08R-01A	Primary Tumor	Tumor	STAR - Counts
f73d3dce-d75f-4f76-b49c-99348ee641cc	1bd6dff8-ad21-4a45-b496-2d52ba995e5e.rna_seq.augmented_star_gene_counts.tsv	4247028	fb18bbcbaa6c653132922b1ef29e4a30	TCGA-OL-A5RX	43c0bec6-6fac-47b1-83cb-200a15a932be	TCGA-OL-A5RX-01A	Primary Tumor	Tumor	STAR - Counts
f7619693-b880-408e-8be5-f266f61a403e	a2b566c2-bdbc-41c0-a9dc-8207582e1a51.rna_seq.augmented_star_gene_counts.tsv	4239612	cc04df3009ce8a46ed67749c494d9754	TCGA-AR-A2LO	ad0fa961-c085-4f38-b3db-5fc0cbf6b64f	TCGA-AR-A2LO-01A	Primary Tumor	Tumor	STAR - Counts
f78dec09-cb25-49c1-828c-6a88cf2be7d3	c355cc80-6344-44b2-82e0-79d701fef03c.rna_seq.augmented_star_gene_counts.tsv	4244586	82d041be773a830f4f978220de33481e	TCGA-BH-A0B2	57a1604c-60b7-4b30-a75e-f70939532c5c	TCGA-BH-A0B2-01A	Primary Tumor	Tumor	STAR - Counts
f7a47166-9593-4a37-b95a-2de86b6d65c9	511ced4c-a861-4f26-9e29-afcf8d603fab.rna_seq.augmented_star_gene_counts.tsv	4248469	636a9e1cad4cae6dbe079aeeb9e33803	TCGA-BH-A0BD	b379bfb8-284e-4300-8325-85cfd6809cb8	TCGA-BH-A0BD-01A	Primary Tumor	Tumor	STAR - Counts
f7b5d569-1a46-4f23-bfca-a46daacda793	ad8c55ae-46df-43cd-8cb5-c049e3019959.rna_seq.augmented_star_gene_counts.tsv	4249311	9496060bfe3c082b8616e80dc1a07435	TCGA-AR-A24N	30047d32-0833-4aca-98d1-3b9ab7122863	TCGA-AR-A24N-01A	Primary Tumor	Tumor	STAR - Counts
f7e414a0-c2ca-40c7-a7a0-282d80247fa0	ee27259c-1aa7-4f5a-a4e6-0b49be4ad051.rna_seq.augmented_star_gene_counts.tsv	4234096	e560de64d09e7febb64b84577933c208	TCGA-AR-A2LH	376ffe63-efd7-42af-90e1-261255b28bb7	TCGA-AR-A2LH-01A	Primary Tumor	Tumor	STAR - Counts
f88ba6a1-27bf-43fa-a2c7-05db1eb9e8ea	cfba3fd3-4d84-46e6-9c12-8bf8481b35aa.rna_seq.augmented_star_gene_counts.tsv	4251779	b29255fefee625cb100f692dc30cf89a	TCGA-AR-A1AO	623befd6-0ca4-4a6c-9cf5-d9385c3b718f	TCGA-AR-A1AO-01A	Primary Tumor	Tumor	STAR - Counts
f8b403a1-37cf-4acb-b5d7-b3437fafa7f8	5e4626c1-dcf9-4781-a2e7-f6afca7e2ee7.rna_seq.augmented_star_gene_counts.tsv	4243051	d4de0b61b1528fb093c36c1c21640ae3	TCGA-BH-A1EW	9d166970-07c8-4ca3-9cfa-ed0049df9ecc	TCGA-BH-A1EW-01A	Primary Tumor	Tumor	STAR - Counts
f8e5691a-e24d-4dba-873e-9ffa3ca12bb6	80de2366-cd3c-4b51-9957-06ac3e152cf0.rna_seq.augmented_star_gene_counts.tsv	4233819	deb48921e79eede02262389e1a8dcc7c	TCGA-BH-A0W3	3c612e12-6de8-44fa-a095-805c45474821	TCGA-BH-A0W3-01A	Primary Tumor	Tumor	STAR - Counts
f90e51cb-b862-4a76-acb0-cc882bfb4ee6	22aac1ce-7a45-481b-b3f6-6393deeadcd6.rna_seq.augmented_star_gene_counts.tsv	4247666	8afa6bbeec78d36a022a96772a5a4085	TCGA-EW-A1PF	848773a3-2f4a-4186-ab3f-de667129accf	TCGA-EW-A1PF-01A	Primary Tumor	Tumor	STAR - Counts
f9418a79-3614-41a1-8ab0-c2b4313c6fd4	78142fe5-7a8a-49dd-87b5-6a1e6427893e.rna_seq.augmented_star_gene_counts.tsv	4253754	1814ac42d96a55c37071edd5de0468e9	TCGA-S3-A6ZG	1a679332-30a3-4495-a2e5-39d299e14333	TCGA-S3-A6ZG-01A	Primary Tumor	Tumor	STAR - Counts
f9432d83-a322-4f5b-9c45-7dad736005a4	c1f95e8e-aaaa-4090-8f64-c619aa543d1b.rna_seq.augmented_star_gene_counts.tsv	4249407	b160aee113371f9d8c86666cb196729e	TCGA-E9-A22A	4aacbc42-5ac5-4339-b9fa-c6e812084837	TCGA-E9-A22A-01A	Primary Tumor	Tumor	STAR - Counts
f94b47fb-764c-456f-946d-907a2fc154db	f72da140-1607-4609-a6bf-ebe538667a8c.rna_seq.augmented_star_gene_counts.tsv	4246807	8aba3a46a2dbb1d3054517dc0bb8a7ab	TCGA-A2-A0YT	14b95463-2108-4921-afc2-e29eef52b18f	TCGA-A2-A0YT-01A	Primary Tumor	Tumor	STAR - Counts
f979b428-649b-42ac-9eae-31ff4daa7b8f	2429f1fd-8612-4944-a405-296a52daec57.rna_seq.augmented_star_gene_counts.tsv	4232677	5aa75a6685484988168fdcaaeaae3a00	TCGA-B6-A0IN	16a8d916-ad46-4690-b1a5-3b2b323f4336	TCGA-B6-A0IN-01A	Primary Tumor	Tumor	STAR - Counts
f9fe6c47-0955-432f-b402-a6dc2665e04d	d33cdca5-78ec-4d34-be08-51efd97e8bfb.rna_seq.augmented_star_gene_counts.tsv	4247097	9ad1026c6c1629897369affa4f38ac94	TCGA-C8-A1HJ	a855c228-a263-44df-87a0-cbc32187e3f5	TCGA-C8-A1HJ-01A	Primary Tumor	Tumor	STAR - Counts
fa48dda4-5b65-44fa-b0c3-b02d53d928c5	7830107d-bc45-4391-b95c-787a246cf059.rna_seq.augmented_star_gene_counts.tsv	4253388	6bbf927e81f146d56308697c631f540b	TCGA-AQ-A7U7	19015644-9c17-4ae7-a656-0fe8623c04ae	TCGA-AQ-A7U7-01A	Primary Tumor	Tumor	STAR - Counts
fad07753-c9c6-4eba-8f43-09740bff6d69	4e3fbf45-1a73-437b-8d85-29aa0c8ac6b0.rna_seq.augmented_star_gene_counts.tsv	4237457	5e5fe7699c7ffcd79fbbdf2dc129ca63	TCGA-D8-A1JI	baf2afc8-f16c-488f-947c-efc9083c6bef	TCGA-D8-A1JI-01A	Primary Tumor	Tumor	STAR - Counts
fae4edd8-db77-4937-94c4-3b16d39fb8c9	aa3cbc51-b74d-44b1-9043-cb2b9855a72b.rna_seq.augmented_star_gene_counts.tsv	4224511	9c73b45ade85c09e2b0a5896c60d7374	TCGA-GM-A2D9	1133b8a9-6b11-4511-b70a-f200e3b8b5db	TCGA-GM-A2D9-01A	Primary Tumor	Tumor	STAR - Counts
fb32f0b1-4fb7-43d5-8091-dc13a1f6d9e8	1d468785-141d-40ca-acb1-d6d85a8c9d7b.rna_seq.augmented_star_gene_counts.tsv	4246171	014bebf8b00089c3524d39200bce491c	TCGA-A8-A06R	f3ba71f9-25f3-4784-bf2d-3aa522a0cba8	TCGA-A8-A06R-01A	Primary Tumor	Tumor	STAR - Counts
fb397586-1b5b-40e0-a885-8663f9c76f6d	706fb35c-d467-4f93-b5ea-0cd841533655.rna_seq.augmented_star_gene_counts.tsv	4228339	d4b3848991960ef0bcb34cf352cc60ec	TCGA-AR-A1AT	4d26dada-5eb7-4d4e-8eb8-f5465c5c3428	TCGA-AR-A1AT-01A	Primary Tumor	Tumor	STAR - Counts
fbdb3ca1-c7c8-437e-a315-25e3bc623236	a740aa2d-a410-443f-99f4-3a123deb2f41.rna_seq.augmented_star_gene_counts.tsv	4249746	d80aa84d3e46dcad140ecf925f516161	TCGA-AO-A1KP	3aaabc62-f5a4-4025-9b29-5adf82c86c84	TCGA-AO-A1KP-01A	Primary Tumor	Tumor	STAR - Counts
fc0a2d23-31a3-4aab-bdd9-0abb51880043	0e2d6467-d90b-40dc-813c-fa4f8a0f4d07.rna_seq.augmented_star_gene_counts.tsv	4246159	cb29dc21f72e5a909ea0860ad1c9db1a	TCGA-AN-A0AJ	9646160a-f1f9-437b-8c7d-efb0b57bfb97	TCGA-AN-A0AJ-01A	Primary Tumor	Tumor	STAR - Counts
fc0e74d2-ab94-48b1-8e31-808bde7a3fe6	3f3b6a7b-94f0-40a3-9f16-32bab2854678.rna_seq.augmented_star_gene_counts.tsv	4254316	1d0ef8c40c7c9cd1083b793164302f64	TCGA-A8-A07F	5d688049-f271-40ef-813a-d37240ffe21c	TCGA-A8-A07F-01A	Primary Tumor	Tumor	STAR - Counts
fc1ea7f7-814a-43c5-a841-fb0c11734603	10ce58cf-c9ee-4be2-899d-4c20c788effc.rna_seq.augmented_star_gene_counts.tsv	4249835	30227d8cefd9f97d8f65186c53439204	TCGA-GM-A3XG	6f0fd68f-ed6a-4c9e-be02-c97ba4950f76	TCGA-GM-A3XG-01A	Primary Tumor	Tumor	STAR - Counts
fc203d80-6254-402c-8c8b-a5500bfa909e	f4cecad7-2cca-4990-9d88-115b6b201cc5.rna_seq.augmented_star_gene_counts.tsv	4241423	4d63f4308e0b7aa42c5a8851b2e04e70	TCGA-AR-A0TV	6439621e-da61-4723-91cc-c5d87d0a4abc	TCGA-AR-A0TV-01A	Primary Tumor	Tumor	STAR - Counts
fc9fab5b-52f0-4c79-bdf3-750c650a0fdc	ea43014e-5b51-4b3c-b16b-6d58df9f4a1d.rna_seq.augmented_star_gene_counts.tsv	4260228	c656732fd2ed7fd3b998f13ca7e34fc6	TCGA-A2-A3XY	deba32e4-0e68-4711-941b-3b63bd965afb	TCGA-A2-A3XY-01A	Primary Tumor	Tumor	STAR - Counts
fcb1b40a-85c0-498c-881e-7161edcf39e6	fd98106a-a2c6-4f23-86f5-66436c2501e5.rna_seq.augmented_star_gene_counts.tsv	4243662	6e4e99a683d5e4a8cacb99f886093b31	TCGA-BH-A0DD	dba9beec-5e51-48c0-9229-0ee286a02a1a	TCGA-BH-A0DD-01A	Primary Tumor	Tumor	STAR - Counts
fd121fe6-7529-4a92-a324-2186622180b3	5c66dcbd-024b-4a7b-b3aa-bbbaaf91ae78.rna_seq.augmented_star_gene_counts.tsv	4241370	275aef961aaee90aa91e046ae1361f30	TCGA-A2-A1FZ	805bfe39-3695-43c2-93e4-d66d0559b89f	TCGA-A2-A1FZ-01A	Primary Tumor	Tumor	STAR - Counts
fd371070-c312-4eca-b3da-d41b1c8a86a7	47e6db9a-52b4-4a3b-8c5f-1cb8fa48f7ea.rna_seq.augmented_star_gene_counts.tsv	4252900	f5e6fffe2485ffd6ce797eddca68e173	TCGA-D8-A13Z	5a17dcd9-5ced-4a69-8069-23c7fd0649d1	TCGA-D8-A13Z-01A	Primary Tumor	Tumor	STAR - Counts
fd4bd1de-fc4a-42bc-aca5-5ac16ec14118	8634f872-177a-481f-ba51-62864c569001.rna_seq.augmented_star_gene_counts.tsv	4262464	fd27050be968e7a9d94f846389092f67	TCGA-A2-A25C	7aedb46a-48ec-4e0e-8baa-c9ea4c4a7cf1	TCGA-A2-A25C-01A	Primary Tumor	Tumor	STAR - Counts
fd7a6cfc-0ebe-4b79-b93d-d70b9bf533bc	8997a81b-4046-4c31-91f6-7c1519f1d2ec.rna_seq.augmented_star_gene_counts.tsv	4236585	581965fe49f2f0cc04acaafca155701b	TCGA-AN-A0XR	f51af6db-2655-47fb-9ffc-83a503a728ea	TCGA-AN-A0XR-01A	Primary Tumor	Tumor	STAR - Counts
fd94a0ed-37d8-49a5-af96-e2160a9e6096	f8cfabf6-dc25-4141-be6c-817dd439a74b.rna_seq.augmented_star_gene_counts.tsv	4239967	b8fc778c645804d3dd57d7b2faa1bdf8	TCGA-BH-A18P	557cb0a3-6f1b-4faf-8296-0a15c24158f9	TCGA-BH-A18P-11A	Solid Tissue Normal	Normal	STAR - Counts
fdd73b76-517e-4554-ba4d-1c67b1b758f8	fc5b682e-c00d-4840-8c11-f17abe059fa8.rna_seq.augmented_star_gene_counts.tsv	4235898	9d3485573f87a8add19507dcb263aa3c	TCGA-B6-A0RN	2199b7a1-bd47-4bb5-b36a-a3e291e3e259	TCGA-B6-A0RN-01A	Primary Tumor	Tumor	STAR - Counts
fde3b574-b9be-4dc2-a5ae-aaab8a0bbd26	ca9d1ab5-ea78-46f4-9225-8147639d013c.rna_seq.augmented_star_gene_counts.tsv	4252414	57a2b56de75548702b03a3a2fbeb90b4	TCGA-AC-A2FB	02bbb632-0f7f-439d-b8f0-c86a06237424	TCGA-AC-A2FB-01A	Primary Tumor	Tumor	STAR - Counts
fe7c2cdd-7c3f-4d76-ad78-2a676116f464	97a50d88-e662-43d5-9cef-2915545e8968.rna_seq.augmented_star_gene_counts.tsv	4247663	89172e025071b5cf9f78b693a8d3521b	TCGA-AC-A7VB	56230e4a-29ca-4f37-a0f9-730dbdfb6fa2	TCGA-AC-A7VB-01A	Primary Tumor	Tumor	STAR - Counts
fe7dfda5-6846-4238-9ccc-472978eb78a1	8a27980e-a506-4cb3-91f2-3f0e5a19acfe.rna_seq.augmented_star_gene_counts.tsv	4249051	5ab2e6521e4cfa4a63dec5b21bc66ff4	TCGA-A2-A0YM	5cbf0aea-ebb4-4005-bdd5-14ef2dc6826c	TCGA-A2-A0YM-01A	Primary Tumor	Tumor	STAR - Counts
fecd341d-a370-4092-be40-e07fc44500e5	fe00aecb-7b06-4e76-b999-99ee41ad20ea.rna_seq.augmented_star_gene_counts.tsv	4243672	2097e93dcd89252b32691a31397d39ce	TCGA-OL-A5D8	6d4860b2-21c6-4b7b-9093-2f32700d0612	TCGA-OL-A5D8-01A	Primary Tumor	Tumor	STAR - Counts
fed0a382-2eee-4acc-af00-53a9fdcd2a61	2c1b1cbb-6e9f-4416-8faa-abb31d6b4e0e.rna_seq.augmented_star_gene_counts.tsv	4245343	733e3e9a8286d978ad0086d037b3ea8e	TCGA-D8-A1XL	2b19a6b4-7a17-4452-b4aa-6fc18adc0c3c	TCGA-D8-A1XL-01A	Primary Tumor	Tumor	STAR - Counts
fed5e108-cb1a-45b8-88e8-c5ea6a6bd61a	967f7008-e212-4114-ab43-dc2a6295f80c.rna_seq.augmented_star_gene_counts.tsv	4254021	d76fc8828b7cae656269f82989593f7e	TCGA-AR-A252	4d0fec97-e024-4608-a0cc-426a3decc7b1	TCGA-AR-A252-01A	Primary Tumor	Tumor	STAR - Counts
ff1f2f31-8607-4627-b487-c5e39e7c30f5	deb7967f-9339-4bb1-ae0b-81a72a472bba.rna_seq.augmented_star_gene_counts.tsv	4217312	536cbed0ca9f0c319c019d2c436140ec	TCGA-BH-A18G	747083ff-0703-431b-aad4-f2adff739516	TCGA-BH-A18G-01A	Primary Tumor	Tumor	STAR - Counts
ff570f9a-a252-496d-a452-344063851a7b	574d0a5f-8cb7-4783-8d5e-b07c1b3460dc.rna_seq.augmented_star_gene_counts.tsv	4257250	de8d5604b3b775eab939bd3b33d89fdd	TCGA-AC-A2QH	67c5f371-3fa9-47c5-8b15-c2dd9acc8519	TCGA-AC-A2QH-01A	Primary Tumor	Tumor	STAR - Counts
ff5f8ada-17c5-497e-9182-63a05e3ab4c5	64b12ba7-a481-4fdb-9c74-38c94c7ef3c9.rna_seq.augmented_star_gene_counts.tsv	4234675	e0746cf579c06c091575742c3c4837ce	TCGA-OL-A5D6	c3a981c7-f148-4252-bd50-af8a49ec0df8	TCGA-OL-A5D6-01A	Primary Tumor	Tumor	STAR - Counts
ffeede9a-d9a9-4836-8c56-39f12a5fde0e	74179e5e-2d3c-417e-8844-6740ea9fb2e5.rna_seq.augmented_star_gene_counts.tsv	4249460	a148bf14a0ea84c4d2b28a422c5769b7	TCGA-A8-A086	f9eb88f7-9293-46bf-ace4-a746e4ff80dc	TCGA-A8-A086-01A	Primary Tumor	Tumor	STAR - Counts
