case_submitter_id	case_id	ajcc_pathologic_stage	tumor_stage	classification_of_tumor	primary_diagnosis	gender	race	ethnicity	vital_status
TCGA-3C-AAAU	6e7d5ec6-a469-467c-b748-237353c23416			metastasis	Lobular carcinoma, NOS		white	not hispanic or latino	Alive
TCGA-3C-AALI	55262fcb-1b01-4480-b322-36570430c917	Stage IIB		primary	Infiltrating duct carcinoma, NOS		black or african american	not hispanic or latino	Alive
TCGA-3C-AALJ	427d0648-3f77-4ffc-b52c-89855426d647	Stage IIB		primary	Infiltrating duct carcinoma, NOS		black or african american	not hispanic or latino	Alive
TCGA-3C-AALK	c31900a4-5dcd-4022-97ac-638e86e889e4	Stage IA		primary	Infiltrating duct carcinoma, NOS		black or african american	not hispanic or latino	Alive
TCGA-4H-AAAK	6623fc5e-00be-4476-967a-cbd55f676ea6	Stage IIIA		primary	Lobular carcinoma, NOS		white	not hispanic or latino	Alive
TCGA-5L-AAT0	86c6f993-327f-4525-9983-29c55625593a			Synchronous primary	Adenocarcinoma, NOS		white	hispanic or latino	Alive
TCGA-5L-AAT1	16fc3677-0393-4ed1-ad3f-c8355f056369	Stage IV		primary	Lobular carcinoma, NOS		white	hispanic or latino	Alive
TCGA-5T-A9QA	2fd36838-5a83-433e-ac80-b1f77448e5aa	Stage IIA		primary	Infiltrating duct mixed with other types of carcinoma		black or african american	not hispanic or latino	Alive
TCGA-A1-A0SB	0045349c-69d9-4306-a403-c9c1fa836644	Stage I		primary	Adenoid cystic carcinoma		white	not hispanic or latino	Alive
TCGA-A1-A0SD	c462e422-eb8d-4daf-9897-2a9c6cbd783a	Stage IIA		primary	Infiltrating duct carcinoma, NOS		white	not hispanic or latino	Alive
TCGA-A1-A0SE	c397e6c2-ba3a-4f5e-a258-c140611192fe	Stage I		primary	Infiltrating duct and lobular carcinoma		white	not hispanic or latino	Alive
TCGA-A1-A0SF	4b620966-b4c7-4615-bf58-ca9d3226b9bd	Stage IIA		primary	Infiltrating duct carcinoma, NOS		white	not hispanic or latino	Alive
TCGA-A1-A0SG	0ed9ad26-7fdc-4d75-93f9-d029eee94993	Stage IIB		primary	Invasive micropapillary carcinoma		white	not hispanic or latino	Alive
TCGA-A1-A0SH	a6a863d9-b39d-4965-b47f-79a1bcf3c976	Stage IIA		primary	Infiltrating duct carcinoma, NOS		white	not hispanic or latino	Alive
TCGA-A1-A0SI	16368c32-2118-4fcf-8693-6c89995e49d8	Stage IIB		primary	Infiltrating duct carcinoma, NOS		white	not hispanic or latino	Alive
TCGA-A1-A0SJ	a2db9dd1-44d5-48b5-817c-a21a85fadb21	Stage IIIA		primary	Infiltrating duct carcinoma, NOS		black or african american	not hispanic or latino	Alive
TCGA-A1-A0SK	a5b44d66-c162-46b5-9df2-86305f0385c5	Stage IIA		primary	Large cell neuroendocrine carcinoma		asian	not hispanic or latino	Dead
TCGA-A1-A0SM	784de7ac-8424-42eb-83d4-a1bebaa42b97	Stage IIA		primary	Infiltrating duct carcinoma, NOS		white	not hispanic or latino	Alive
TCGA-A1-A0SN	0dc337fa-da8b-42c4-b9a7-fb76d81c161f	Stage IIA		primary	Infiltrating duct carcinoma, NOS		white	not hispanic or latino	Alive
TCGA-A1-A0SO	6644fd4e-d2fe-4785-a73c-0f36fcc740e2	Stage IIB		primary	Infiltrating duct carcinoma, NOS		white	not hispanic or latino	Alive
TCGA-A1-A0SP	a9bb8159-32f0-454c-a946-b3286a52b9d5			Prior primary	Not Reported		not reported	not hispanic or latino	Alive
TCGA-A1-A0SQ	08de63a2-7b76-43c3-80dc-df748b1d81bc	Stage IIB		primary	Infiltrating duct carcinoma, NOS		white	not hispanic or latino	Alive
TCGA-A2-A04N	197428f7-bd77-4c5f-8119-87157b5c35b9	Stage IA		primary	Infiltrating duct carcinoma, NOS		white	hispanic or latino	Alive
TCGA-A2-A04P	ccd4a24b-d8cc-4686-9dee-c98b0c5a8d21			metastasis	Infiltrating duct carcinoma, NOS		black or african american	not reported	Dead
TCGA-A2-A04Q	b5fba77b-1f50-4e71-95b2-566afba4bdd7	Stage IA		primary	Infiltrating duct carcinoma, NOS		white	not reported	Alive
TCGA-A2-A04R	f3a058b9-fb7f-4098-8f0e-83c2acfa1ed5	Stage IA		primary	Infiltrating duct carcinoma, NOS		black or african american	not hispanic or latino	Alive
TCGA-A2-A04T	b58ad350-5140-4fa8-bc2c-24bca8395f3a	Stage IIA		primary	Infiltrating duct carcinoma, NOS		white	not reported	Alive
TCGA-A2-A04U	1c3610f7-e0aa-48d7-9a27-0dbaf6e244f9	Stage IIA		primary	Infiltrating duct carcinoma, NOS		white	not hispanic or latino	Alive
TCGA-A2-A04V	64f67506-f2df-4f0a-b7be-29b4949e986a	Stage IIA		primary	Infiltrating duct carcinoma, NOS		white	not hispanic or latino	Dead
TCGA-A2-A04W	00807dae-9f4a-4fd1-aac2-82eb11bf2afb	Stage IIB		primary	Apocrine adenocarcinoma		white	not hispanic or latino	Alive
TCGA-A2-A04X	733a2a0f-b37a-4b81-b49e-3c0f30d1eb37	Stage IIA		primary	Infiltrating duct carcinoma, NOS		white	not reported	Alive
TCGA-A2-A04Y	9ce7ce09-4409-4fa3-9f78-b2b24716f860	Stage IIB		primary	Infiltrating duct carcinoma, NOS		white	not reported	Alive
TCGA-A2-A0CK	5aca16ca-4516-4e27-8249-6914029a7ebf	Stage IIIA		primary	Lobular carcinoma, NOS		white	not hispanic or latino	Alive
TCGA-A2-A0CL	5c8983f2-9788-4dfa-971c-3ec457b6166e	Stage IIIA		primary	Infiltrating duct carcinoma, NOS		black or african american	not hispanic or latino	Alive
TCGA-A2-A0CM	eb2dbb4f-66b6-4525-8323-431970f7a64e	Stage IIA		primary	Infiltrating duct carcinoma, NOS		black or african american	not hispanic or latino	Dead
TCGA-A2-A0CO	8e54232d-d8bb-4612-8b0e-4feb076a60f9	Stage IIB		primary	Lobular carcinoma, NOS		white	not hispanic or latino	Dead
TCGA-A2-A0CP	fe15c48b-116d-461e-9b40-68514730fd18	Stage IA		primary	Infiltrating duct carcinoma, NOS		white	not hispanic or latino	Alive
TCGA-A2-A0CQ	ab34a9a2-d72d-4106-94fb-118844b1b60b	Stage IA		primary	Infiltrating duct carcinoma, NOS		black or african american	not hispanic or latino	Alive
TCGA-A2-A0CR	4cf0f639-7940-48b6-8ea1-2a3494097cdb	Stage IIB		primary	Lobular carcinoma, NOS		asian	not hispanic or latino	Alive
TCGA-A2-A0CS	d071c16b-7cee-45ed-8ec9-612418143815	Stage IV		primary	Infiltrating duct carcinoma, NOS		white	not hispanic or latino	Dead
TCGA-A2-A0CT	378778d2-b331-4867-a93b-c64028c8b4c7	Stage IIA		primary	Infiltrating duct carcinoma, NOS		white	not hispanic or latino	Alive
TCGA-A2-A0CU	332423a7-8866-4ee3-b08f-3c8d7c16af80	Stage IIA		primary	Infiltrating duct carcinoma, NOS		white	not hispanic or latino	Dead
TCGA-A2-A0CV	ad7fcc89-82a3-48aa-8461-581c1a857677	Stage IIB		primary	Infiltrating duct carcinoma, NOS		asian	not hispanic or latino	Alive
TCGA-A2-A0CW	32efa6e8-6b19-480a-9d04-ace02e93318a	Stage IIB		primary	Infiltrating duct carcinoma, NOS		white	not hispanic or latino	Alive
TCGA-A2-A0CX	c744fc13-3aca-4245-9e24-abd368cc8bef	Stage IIA		primary	Infiltrating duct carcinoma, NOS		white	not hispanic or latino	Alive
TCGA-A2-A0CY	757df7b0-4774-4493-98bf-999ded9ac86e	Stage IIB		primary	Infiltrating duct carcinoma, NOS		white	not hispanic or latino	Alive
TCGA-A2-A0CZ	9f93ea0a-1687-44e0-9e8a-eeb4097d471c	Stage IIA		primary	Infiltrating duct carcinoma, NOS		white	not hispanic or latino	Alive
TCGA-A2-A0D0	324bcba2-f6a4-45a6-807c-215bdffcca21	Stage IIA		primary	Infiltrating duct carcinoma, NOS		black or african american	not hispanic or latino	Alive
TCGA-A2-A0D1	084c6aec-94f7-4090-8f3f-59fa9e89721a	Stage IIA		primary	Infiltrating duct carcinoma, NOS		white	not hispanic or latino	Alive
TCGA-A2-A0D2	99e32c59-aa73-43fa-88c9-399ddadb2c72	Stage IIA		primary	Infiltrating duct carcinoma, NOS		white	not hispanic or latino	Alive
TCGA-A2-A0D3	4a16429b-884f-4c95-8683-feeedf0d6a55	Stage IA		primary	Infiltrating duct carcinoma, NOS		white	not hispanic or latino	Alive
TCGA-A2-A0D4	75113445-d2d6-44a0-866c-c9175e6d214b	Stage IIB		primary	Infiltrating duct carcinoma, NOS		black or african american	not hispanic or latino	Alive
TCGA-A2-A0EM	2fdfd287-d13c-4910-9788-73987d45908a	Stage IA		primary	Infiltrating duct carcinoma, NOS		white	not hispanic or latino	Alive
TCGA-A2-A0EN	5e670fec-8992-44bf-8657-f7f9a272306b	Stage IIA		primary	Lobular carcinoma, NOS		white	not hispanic or latino	Alive
TCGA-A2-A0EO	bf88ddf5-a6d4-498c-bf7f-db9bfabff72d	Stage IA		primary	Infiltrating duct carcinoma, NOS		white	not hispanic or latino	Alive
TCGA-A2-A0EP	670f5022-5066-48f1-8472-5670129a1e0f	Stage I		primary	Lobular carcinoma, NOS		white	not hispanic or latino	Alive
TCGA-A2-A0EQ	2192c1db-4718-4254-ba42-3ae7f30ad5a8	Stage IIA		primary	Infiltrating duct carcinoma, NOS		black or african american	not hispanic or latino	Alive
TCGA-A2-A0ER	7455d832-ad66-40df-85d7-3a7051c4498d	Stage IB		primary	Infiltrating duct carcinoma, NOS		white	not hispanic or latino	Alive
TCGA-A2-A0ES	a2934508-3daf-49e2-b14f-ed9b7693f96f	Stage IIA		primary	Lobular carcinoma, NOS		white	not hispanic or latino	Alive
TCGA-A2-A0ET	96f23d8a-be0f-4925-ba00-805dc293414c	Stage IIIA		primary	Infiltrating duct carcinoma, NOS		white	not hispanic or latino	Alive
TCGA-A2-A0EU	c0427237-b476-4af4-b664-7bd479922ea5	Stage IA		primary	Infiltrating duct carcinoma, NOS		white	not hispanic or latino	Alive
TCGA-A2-A0EV	7032ec9c-e96b-4642-a7b6-d0aee7a3add2	Stage IA		primary	Infiltrating duct carcinoma, NOS		white	not hispanic or latino	Alive
TCGA-A2-A0EW	8d5fe6e8-d2cc-481f-a6a1-9cb6e7982cde			metastasis	Lobular carcinoma, NOS		white	not hispanic or latino	Dead
TCGA-A2-A0EX	9d8702e1-1a36-4bca-85ab-5f11d58d7953	Stage IIB		primary	Lobular carcinoma, NOS		white	not hispanic or latino	Alive
TCGA-A2-A0EY	d67cd793-2931-429a-9084-2f3c4c8be7ad	Stage IIB		primary	Infiltrating duct carcinoma, NOS		white	not hispanic or latino	Alive
TCGA-A2-A0ST	12d31787-e54d-4729-ace8-9141043c92b8	Stage IIA		primary	Infiltrating duct carcinoma, NOS		white	not hispanic or latino	Alive
TCGA-A2-A0SU	c632675e-e8af-43cd-8744-5be3754c1c14	Stage IIA		primary	Infiltrating duct carcinoma, NOS		white	not hispanic or latino	Alive
TCGA-A2-A0SV	ad01259b-d858-40bc-a6ba-0bb06e996afb	Stage IV		primary	Infiltrating duct carcinoma, NOS		white	not hispanic or latino	Dead
TCGA-A2-A0SW	991e1427-3c01-423d-abfd-4584302ca72c	Stage IV		primary	Infiltrating duct carcinoma, NOS		white	not hispanic or latino	Dead
TCGA-A2-A0SX	18d35983-ea6a-4b70-a209-9bef37595956	Stage IA		primary	Infiltrating duct carcinoma, NOS		white	not hispanic or latino	Alive
TCGA-A2-A0SY	dc696e3c-f448-468f-a576-f4429be0338a	Stage IIIA		primary	Lobular carcinoma, NOS		white	not hispanic or latino	Alive
TCGA-A2-A0T0	95c53f69-0f05-4348-822a-571f3d757001	Stage IIB		primary	Infiltrating duct carcinoma, NOS		white	not hispanic or latino	Alive
TCGA-A2-A0T1	02bed00f-bef7-4fb7-b243-540354990e45	Stage IIIC		primary	Infiltrating duct carcinoma, NOS		american indian or alaska native	not hispanic or latino	Alive
TCGA-A2-A0T2	128d198e-9b22-427c-90db-3714455f3a17	Stage IV		primary	Infiltrating duct carcinoma, NOS		white	not hispanic or latino	Dead
TCGA-A2-A0T3	058dcb78-bed1-40c3-a6c2-a0cc40065531	Stage IB		primary	Infiltrating duct carcinoma, NOS		white	not hispanic or latino	Alive
TCGA-A2-A0T4	b0f8d698-a30e-4d8d-b0a2-a5a01fac8406	Stage IIA		primary	Lobular carcinoma, NOS		white	not hispanic or latino	Alive
TCGA-A2-A0T5	36d77496-99f8-4911-ba7c-89fae32662aa	Stage IIA		primary	Infiltrating duct carcinoma, NOS		white	not hispanic or latino	Alive
TCGA-A2-A0T6	08306ede-e74b-4be9-b768-7fd98647b6ac	Stage IIB		primary	Lobular carcinoma, NOS		white	not hispanic or latino	Alive
TCGA-A2-A0T7	43d5632e-7272-4aad-9496-7f5a99671223	Stage IIA		primary	Infiltrating duct carcinoma, NOS		white	not hispanic or latino	Alive
TCGA-A2-A0YC	a1872011-b928-4189-ac02-e87506c20bca			recurrence	Infiltrating duct carcinoma, NOS		white	not hispanic or latino	Alive
TCGA-A2-A0YD	2c6adb12-380d-4710-a7e6-93d5a0e53289	Stage IIB		primary	Lobular carcinoma, NOS		white	not hispanic or latino	Alive
TCGA-A2-A0YE	84a88e8d-1e65-4b88-aae6-bf4c7a7e4c33	Stage IIB		primary	Infiltrating duct carcinoma, NOS		white	not hispanic or latino	Alive
TCGA-A2-A0YF	ae8c77fe-e6c8-44d5-8265-4a38c637bbef	Stage I		primary	Infiltrating duct carcinoma, NOS		black or african american	not hispanic or latino	Alive
TCGA-A2-A0YG	c0892598-1f7b-4f23-9cd8-731f797753d5	Stage IIIC		primary	Infiltrating duct carcinoma, NOS		white	not hispanic or latino	Alive
TCGA-A2-A0YH	298d33da-15af-48cb-b30f-eaf54e7baa43	Stage IIIA		primary	Infiltrating duct carcinoma, NOS		white	not hispanic or latino	Alive
TCGA-A2-A0YI	72cd1b17-d349-4551-83f7-3062ce9db865	Stage I		primary	Infiltrating duct and lobular carcinoma		white	not hispanic or latino	Alive
TCGA-A2-A0YJ	796b593f-5886-4a27-bf94-7ea8df325e1a			metastasis	Infiltrating duct carcinoma, NOS		white	not hispanic or latino	Alive
TCGA-A2-A0YK	8f34cb4c-5798-47a0-89a1-f0ee26a8ae93	Stage IIA		primary	Lobular carcinoma, NOS		white	not hispanic or latino	Alive
TCGA-A2-A0YL	b205c89f-af62-4186-acad-ed23d243fa98	Stage IIIA		primary	Lobular carcinoma, NOS		white	not hispanic or latino	Alive
TCGA-A2-A0YM	5cbf0aea-ebb4-4005-bdd5-14ef2dc6826c	Stage IIA		primary	Infiltrating duct carcinoma, NOS		white	not hispanic or latino	Alive
TCGA-A2-A0YT	14b95463-2108-4921-afc2-e29eef52b18f	Stage IIIB		primary	Infiltrating duct carcinoma, NOS		white	not hispanic or latino	Dead
TCGA-A2-A1FV	cd0c96a4-6414-4efb-879b-7408b62ed5b6	Stage IIB		primary	Lobular carcinoma, NOS		white	not hispanic or latino	Alive
TCGA-A2-A1FW	54883111-d475-4515-ba3f-fece8a71e79e	Stage IIIA		primary	Infiltrating duct carcinoma, NOS		white	not hispanic or latino	Alive
TCGA-A2-A1FX	ac6d3ba9-f84f-4657-aa85-4d66fb7c09da	Stage IIIA		primary	Infiltrating duct carcinoma, NOS		white	not hispanic or latino	Alive
TCGA-A2-A1FZ	805bfe39-3695-43c2-93e4-d66d0559b89f	Stage IIA		primary	Infiltrating duct carcinoma, NOS		white	not hispanic or latino	Alive
TCGA-A2-A1G0	2e538802-2a31-4774-89a8-c6e4381a887d	Stage IIB		primary	Infiltrating duct carcinoma, NOS		white	not hispanic or latino	Alive
TCGA-A2-A1G1	75b5529b-565a-4eba-918a-910b2f441d32	Stage IIB		primary	Infiltrating duct carcinoma, NOS		white	not hispanic or latino	Alive
TCGA-A2-A1G4	e3b555aa-7f0a-49c6-9b13-182c61a144c1	Stage IIIA		primary	Infiltrating duct carcinoma, NOS		white	not hispanic or latino	Alive
TCGA-A2-A1G6	295cf595-4a29-46a3-a0c5-e5f08f947031	Stage IIIA		primary	Infiltrating duct carcinoma, NOS		white	not hispanic or latino	Alive
TCGA-A2-A259	3fc3755d-a3f8-4e2c-813f-ff124f2a75c1	Stage I		primary	Infiltrating duct carcinoma, NOS		black or african american	not hispanic or latino	Alive
TCGA-A2-A25A	aaea5f9c-b35b-47f8-93cb-bdc7b81844ff	Stage 0		Synchronous primary	Lobular carcinoma in situ, NOS		white	not hispanic or latino	Alive
TCGA-A2-A25B	eadf8482-e60e-4307-adb7-d5c3b9fa6cae			metastasis	Infiltrating duct carcinoma, NOS		black or african american	not hispanic or latino	Alive
TCGA-A2-A25C	7aedb46a-48ec-4e0e-8baa-c9ea4c4a7cf1	Stage IIB		primary	Infiltrating duct carcinoma, NOS		white	not hispanic or latino	Alive
TCGA-A2-A25D	3b963d72-ba5c-467b-83c9-fbdb462510a3	Stage IIIC		primary	Lobular carcinoma, NOS		white	not hispanic or latino	Alive
TCGA-A2-A25E	ba89cb4f-cd63-47b1-9550-76fdaff89f2e			recurrence	Infiltrating duct carcinoma, NOS		black or african american	not hispanic or latino	Alive
TCGA-A2-A25F	c836951b-3ffb-4e20-8504-0eccb7d50dd4	Stage IIA		primary	Infiltrating duct carcinoma, NOS		white	not hispanic or latino	Alive
TCGA-A2-A3KC	2d29a4ac-98e7-4663-9dd6-5681bc32ac2e	Stage IIB		primary	Lobular carcinoma, NOS		black or african american	not hispanic or latino	Alive
TCGA-A2-A3KD	bb026999-0aab-4232-96d7-2c93b6c9691d	Stage IIIA		primary	Mucinous adenocarcinoma		white	not hispanic or latino	Alive
TCGA-A2-A3XS	a78b04b4-2380-4803-963e-e4e633cd69ab	Stage IIIA		primary	Infiltrating duct carcinoma, NOS		black or african american	not hispanic or latino	Dead
TCGA-A2-A3XT	c72cb184-462d-4009-9cdb-848782ff8a76	Stage IIB		primary	Infiltrating duct carcinoma, NOS		black or african american	not hispanic or latino	Alive
TCGA-A2-A3XU	a8e7d8a4-bbf0-496b-b387-8e014cfdcea6			recurrence	Infiltrating duct carcinoma, NOS		black or african american	not hispanic or latino	Dead
TCGA-A2-A3XV	189e1f27-7738-413a-a4d4-97d41d592a13	Stage IIA		primary	Infiltrating duct carcinoma, NOS		black or african american	not hispanic or latino	Alive
TCGA-A2-A3XW	c02699b5-580a-4d55-971e-f4692b2cce57	Stage IIB		primary	Infiltrating duct carcinoma, NOS		black or african american	not hispanic or latino	Alive
TCGA-A2-A3XX	53886143-c1c6-40e9-88e6-e4e5e0271fc8	Stage IIA		primary	Infiltrating duct carcinoma, NOS		black or african american	not hispanic or latino	Dead
TCGA-A2-A3XY	deba32e4-0e68-4711-941b-3b63bd965afb			metastasis	Infiltrating duct carcinoma, NOS		black or african american	not hispanic or latino	Dead
TCGA-A2-A3XZ	fe7f74b8-20f4-4471-91dc-4cca8c68e5c0	Stage I		primary	Infiltrating duct carcinoma, NOS		black or african american	not hispanic or latino	Alive
TCGA-A2-A3Y0	174850b4-5ec2-462b-a890-89bd1716b3c2	Stage IIB		primary	Infiltrating duct carcinoma, NOS		black or african american	not hispanic or latino	Alive
TCGA-A2-A4RW	0d146997-cfdc-4587-888c-e876fc455c80	Stage IIIC		primary	Lobular carcinoma, NOS		white	not hispanic or latino	Alive
TCGA-A2-A4RX	d111c4ab-b39a-4a7c-8d8e-cb342bc10627	Stage IIA		primary	Metaplastic carcinoma, NOS		black or african american	not hispanic or latino	Alive
TCGA-A2-A4RY	5a53ec47-e63f-44a2-8078-87659544fb04	Stage IIIC		primary	Lobular carcinoma, NOS		white	not hispanic or latino	Alive
TCGA-A2-A4S0	a53dd490-e0ba-419a-90c6-b905e241a8e5	Stage IIA		primary	Mucinous adenocarcinoma		white	not hispanic or latino	Alive
TCGA-A2-A4S1	843c8f16-5e59-40d4-9ecc-8a75375156f6	Stage IIA		primary	Metaplastic carcinoma, NOS		white	not hispanic or latino	Alive
TCGA-A2-A4S2	9ddc014d-9a8b-407b-845f-452a73f08e5e	Stage IIIA		primary	Infiltrating lobular mixed with other types of carcinoma		white	not hispanic or latino	Alive
TCGA-A2-A4S3	418c11e8-2670-48d5-bbf5-95b46bff1201	Stage IIB		primary	Infiltrating duct carcinoma, NOS		black or african american	not hispanic or latino	Alive
TCGA-A7-A0CD	09765b0a-94f6-47d2-af56-93368084ac3a	Stage I		primary	Infiltrating duct carcinoma, NOS		white	not hispanic or latino	Alive
TCGA-A7-A0CE	9d95a65b-e41d-4f93-92d4-99dce29ff40d	Stage IIA		primary	Infiltrating duct carcinoma, NOS		white	not hispanic or latino	Alive
TCGA-A7-A0CG	67eef990-5ff4-45d1-843d-d22d7848f130	Stage IIA		primary	Infiltrating duct and lobular carcinoma		white	not hispanic or latino	Alive
TCGA-A7-A0CH	9de678e5-67ed-4453-a98b-7ac351d5d0f1	Stage IIA		primary	Infiltrating duct carcinoma, NOS		white	not hispanic or latino	Alive
TCGA-A7-A0CJ	d69e59a8-b10b-46f5-b859-b6c178d90506	Stage IIA		primary	Infiltrating duct carcinoma, NOS		white	not hispanic or latino	Alive
TCGA-A7-A0D9	17baef7c-d97d-4b98-ab53-503ef856523d	Stage IIA		primary	Infiltrating duct carcinoma, NOS		white	not hispanic or latino	Alive
TCGA-A7-A0DA	3afa1e93-1df8-4e4c-aaa4-557463f4bb77	Stage IIA		primary	Infiltrating duct carcinoma, NOS		white	not hispanic or latino	Alive
TCGA-A7-A0DB	f130f376-5801-40f9-975d-a7e2f7b5670d	Stage IIA		primary	Infiltrating duct carcinoma, NOS		white	not hispanic or latino	Alive
TCGA-A7-A0DC	cb9f5e50-f49d-4899-8895-9367afcc1015	Stage IA		not reported	Infiltrating duct carcinoma, NOS		white	not hispanic or latino	Alive
TCGA-A7-A13D	8785012f-f73e-4d68-87cf-1d804af32782	Stage IIA		primary	Infiltrating duct carcinoma, NOS		black or african american	not hispanic or latino	Alive
TCGA-A7-A13E	8c7e74e0-71ef-49b8-9217-94b8ef740ef9			metastasis	Infiltrating duct carcinoma, NOS		white	not hispanic or latino	Dead
TCGA-A7-A13F	2cf68894-168b-458b-af4f-53cad72989a8	Stage IIIA		primary	Infiltrating duct carcinoma, NOS		white	not hispanic or latino	Alive
TCGA-A7-A13G	6cd9baf5-bbe0-4c1e-a87f-c53b3af22890			Subsequent Primary	Not Reported		white	not hispanic or latino	Alive
TCGA-A7-A13H	2e243f0e-9d7d-4cb0-9678-70607f90430a	Stage IIB		primary	Lobular carcinoma, NOS		white	not hispanic or latino	Alive
TCGA-A7-A26E	011b9b2d-ebe5-42bf-9662-d922faccc7a1	Stage IA		Synchronous primary	Infiltrating duct carcinoma, NOS		white	not hispanic or latino	Alive
TCGA-A7-A26F	3b7b9c1e-a84c-47ed-983c-9e4b00cbf01a	Stage IA		primary	Metaplastic carcinoma, NOS		white	not hispanic or latino	Alive
TCGA-A7-A26G	5ed024e8-d05e-4c65-9441-eda9930ccc82	Stage IIA		primary	Metaplastic carcinoma, NOS		black or african american	not hispanic or latino	Alive
TCGA-A7-A26H	dddd8e2f-e540-418a-b02e-698d18a12c14			not reported	Not Reported		white	not hispanic or latino	Alive
TCGA-A7-A26I	b2ecbc0f-2c30-4200-8d5e-7b95424bcadb			Prior primary	Basal cell carcinoma, NOS		white	not hispanic or latino	Alive
TCGA-A7-A26J	6cb6f179-defd-4661-af0a-c353b74c0c49	Stage IIA		primary	Infiltrating duct carcinoma, NOS		white	not hispanic or latino	Alive
TCGA-A7-A2KD	92654f8d-5137-4ffd-aaa3-5ae38eb88226	Stage IIIA		primary	Infiltrating duct carcinoma, NOS		black or african american	not hispanic or latino	Alive
TCGA-A7-A3IY	6b4e0262-f589-4532-b578-9f2d76c19d90	Stage I		primary	Mucinous adenocarcinoma		white	not hispanic or latino	Alive
TCGA-A7-A3IZ	15ff4b02-bb69-4d24-8a07-b82f428e428d	Stage IIA		primary	Lobular carcinoma, NOS		white	not hispanic or latino	Alive
TCGA-A7-A3J0	da70cf7e-0e61-4c72-b4c5-c408569d11b8	Stage IIA		primary	Mucinous adenocarcinoma		white	not hispanic or latino	Alive
TCGA-A7-A3J1	8f9ad301-6699-4078-a80d-886e40894af7			Prior primary	Not Reported		white	not hispanic or latino	Alive
TCGA-A7-A3RF	7451af3c-acc0-4d79-8429-6b8be96911d8			metastasis	Mucinous adenocarcinoma		white	not hispanic or latino	Alive
TCGA-A7-A425	a8f5c479-8685-4e2d-bb60-63f1cc651083			metastasis	Lobular carcinoma, NOS		white	not hispanic or latino	Alive
TCGA-A7-A426	d48e9f25-f083-4f88-a92d-c12d9f765ba6	Stage IIIC		primary	Lobular carcinoma, NOS		white	not hispanic or latino	Alive
TCGA-A7-A4SA	a2efe7e1-aca3-440f-825f-ed621edca69f	Stage IIB		primary	Lobular carcinoma, NOS		white	not hispanic or latino	Alive
TCGA-A7-A4SB	a947a945-4721-45cc-bc45-13b8ea41c10e	Stage IIIA		primary	Lobular carcinoma, NOS		white	not hispanic or latino	Alive
TCGA-A7-A4SC	ec0ab947-9341-4fff-bda4-fdfb9434d508	Stage IIB		primary	Lobular carcinoma, NOS		white	not hispanic or latino	Alive
TCGA-A7-A4SD	8c09f413-e938-4f2e-a414-84f0e7fcfe41	Stage IIA		primary	Infiltrating duct carcinoma, NOS		black or african american	not hispanic or latino	Alive
TCGA-A7-A4SE	dbf6f981-15cc-40ad-91ac-a66360405fbd	Stage IIA		primary	Infiltrating duct carcinoma, NOS		black or african american	not hispanic or latino	Alive
TCGA-A7-A4SF	d81594d9-dd6a-45c3-8bad-61960611d78d	Stage IIA		primary	Infiltrating duct carcinoma, NOS		black or african american	not hispanic or latino	Alive
TCGA-A7-A56D	f062cbd0-2426-40ac-a4be-e74ac61fa2a7	Stage IIA		primary	Infiltrating duct carcinoma, NOS		black or african american	not hispanic or latino	Alive
TCGA-A7-A5ZV	0ec70e40-07df-461d-8ff9-351240a0d454	Stage IIA		primary	Carcinoma, NOS		black or african american	not hispanic or latino	Alive
TCGA-A7-A5ZW	523e24a2-51b9-4658-be2f-42e5fccebb17	Stage IIA		primary	Infiltrating duct carcinoma, NOS		black or african american	not hispanic or latino	Alive
TCGA-A7-A5ZX	ba80db4e-d899-4da4-ae49-5263d98e1530	Stage IA		Synchronous primary	Lobular carcinoma, NOS		white	not hispanic or latino	Alive
TCGA-A7-A6VV	57af5c72-0d60-4a6b-b1b4-ec6dab90f80f	Stage IIA		primary	Infiltrating duct carcinoma, NOS		black or african american	not hispanic or latino	Alive
TCGA-A7-A6VW	98e709e7-e195-4b37-9537-f6081affb609	Stage IIA		primary	Infiltrating duct carcinoma, NOS		black or african american	not hispanic or latino	Alive
TCGA-A7-A6VX	7eea2b6e-771f-44c0-9350-38f45c8dbe87	Stage IIA		primary	Infiltrating duct carcinoma, NOS		black or african american	not hispanic or latino	Alive
TCGA-A7-A6VY	e8ea576b-eb16-44f7-b241-daefc1375388	Stage IIB		primary	Infiltrating duct carcinoma, NOS		black or african american	not hispanic or latino	Alive
TCGA-A8-A06N	3a711140-1b89-4611-9992-3861e3d0e01a	Stage IIIB		primary	Infiltrating duct carcinoma, NOS		not reported	not reported	Alive
TCGA-A8-A06O	69054195-9e93-49e5-b820-69b0091cc2d4	Stage I		primary	Infiltrating duct carcinoma, NOS		not reported	not reported	Alive
TCGA-A8-A06P	5f90d955-bbb0-4b44-a5ac-ba6fda9ca0fb	Stage IIIA		primary	Infiltrating duct carcinoma, NOS		not reported	not reported	Alive
TCGA-A8-A06Q	281f70c5-876f-44b3-84fb-f2302f85e74c	Stage IIIA		primary	Infiltrating duct carcinoma, NOS		not reported	not reported	Alive
TCGA-A8-A06R	f3ba71f9-25f3-4784-bf2d-3aa522a0cba8	Stage IIB		primary	Infiltrating duct carcinoma, NOS		not reported	not reported	Alive
TCGA-A8-A06T	2c04a2f5-321e-4dea-8e00-268325da65cb			Prior primary	Not Reported		not reported	not reported	Alive
TCGA-A8-A06U	6bc4c56d-aac5-49a2-9913-9538d06d898f			Prior primary	Not Reported		not reported	not reported	Dead
TCGA-A8-A06X	70931617-b3df-4a12-8e3f-2b2307602f48	Stage IIB		primary	Infiltrating duct carcinoma, NOS		not reported	not reported	Dead
TCGA-A8-A06Y	515b1400-e896-4f2a-81bd-70895441a0bd	Stage IIA		primary	Infiltrating duct carcinoma, NOS		not reported	not reported	Alive
TCGA-A8-A06Z	2399caeb-ead2-4003-af38-809db4ac2e2b	Stage IIB		primary	Infiltrating duct carcinoma, NOS		not reported	not reported	Alive
TCGA-A8-A075	7861a5f2-8910-4bcb-9c34-f79c5acd6e21	Stage IIB		primary	Infiltrating duct carcinoma, NOS		not reported	not reported	Alive
TCGA-A8-A076	23dabeef-8e3c-44bc-9a12-a9522d17be5c	Stage IIA		primary	Infiltrating duct carcinoma, NOS		not reported	not reported	Alive
TCGA-A8-A079	31c31cce-1b4d-4f12-922f-84f389403170	Stage IIIB		primary	Infiltrating duct carcinoma, NOS		not reported	not reported	Alive
TCGA-A8-A07B	b43e41af-1d82-4b5f-b8f1-add0510e6b86	Stage IIA		primary	Infiltrating duct carcinoma, NOS		not reported	not reported	Alive
TCGA-A8-A07C	b6633c36-7ce4-4b69-9bf6-30b64d46c66f	Stage IIA		primary	Infiltrating duct carcinoma, NOS		not reported	not reported	Alive
TCGA-A8-A07E	853456d8-2367-404e-abc9-020fe8bbd209			Prior primary	Not Reported		not reported	not reported	Alive
TCGA-A8-A07F	5d688049-f271-40ef-813a-d37240ffe21c	Stage IIB		primary	Infiltrating duct carcinoma, NOS		not reported	not reported	Alive
TCGA-A8-A07G	8cf8b620-7ab6-4b6e-84bc-ff5a83f381fa	Stage IIA		primary	Infiltrating duct carcinoma, NOS		not reported	not reported	Alive
TCGA-A8-A07I	566792ae-f853-4a47-856d-f02cdcfcb18a	Stage IIIA		primary	Infiltrating duct carcinoma, NOS		not reported	not reported	Alive
TCGA-A8-A07J	316625b8-a217-4829-90d1-dfd9cb7e4bc3	Stage IIB		primary	Infiltrating duct carcinoma, NOS		not reported	not reported	Alive
TCGA-A8-A07L	e89a9deb-6321-4e61-b412-b4993d4277dd	Stage IIIA		primary	Infiltrating duct carcinoma, NOS		not reported	not reported	Alive
TCGA-A8-A07O	cf9db1af-17f0-490e-8139-142bd704763a	Stage IIA		primary	Infiltrating duct carcinoma, NOS		not reported	not reported	Alive
TCGA-A8-A07P	8cccf160-93e9-48a5-9b8b-54aa50153142	Stage IIB		primary	Infiltrating duct carcinoma, NOS		not reported	not reported	Alive
TCGA-A8-A07R	72e486b8-a866-4916-b2e4-8b4bb5dcd92d	Stage IIIC		primary	Infiltrating duct carcinoma, NOS		not reported	not reported	Alive
TCGA-A8-A07S	a20fa2c4-a502-47e3-bfaa-2ec4cce3a859	Stage IIA		primary	Infiltrating duct and lobular carcinoma		not reported	not reported	Alive
TCGA-A8-A07U	59bf0ce4-715a-4017-bccb-c59916e78324	Stage IIIA		primary	Infiltrating duct carcinoma, NOS		not reported	not reported	Alive
TCGA-A8-A07W	01263518-5f7c-49dc-8d7e-84b0c03a6a63	Stage IV		primary	Infiltrating duct carcinoma, NOS		not reported	not reported	Alive
TCGA-A8-A07Z	a272171b-44f5-47a5-89be-7520413c01ad	Stage IIA		primary	Infiltrating duct carcinoma, NOS		not reported	not reported	Alive
TCGA-A8-A081	9d876f05-5080-4c4e-9bf5-45f631d381e5	Stage IIA		primary	Infiltrating duct carcinoma, NOS		not reported	not reported	Alive
TCGA-A8-A082	5e4187c9-98f8-4bdb-a8da-6a914e96f47a	Stage IIB		primary	Infiltrating duct carcinoma, NOS		not reported	not reported	Alive
TCGA-A8-A083	afb9418e-91eb-4db1-aacf-12bd946c9ba0	Stage IIB		primary	Infiltrating duct carcinoma, NOS		not reported	not reported	Alive
TCGA-A8-A084	3dbe99d1-e3b8-4ee2-b6a8-2e2e12c6fbe9	Stage IIB		primary	Infiltrating duct carcinoma, NOS		not reported	not reported	Alive
TCGA-A8-A085	3c08aabd-d5b5-4bbe-857c-38a7527b2163	Stage IIB		primary	Infiltrating duct carcinoma, NOS		not reported	not reported	Alive
TCGA-A8-A086	f9eb88f7-9293-46bf-ace4-a746e4ff80dc	Stage IIA		primary	Infiltrating duct carcinoma, NOS		not reported	not reported	Alive
TCGA-A8-A08A	7fe4670d-4626-459d-869b-ab15f478c6a7	Stage I		primary	Infiltrating duct carcinoma, NOS		not reported	not reported	Alive
TCGA-A8-A08B	d8d7a6c2-6427-4f47-968c-6c3affba4617	Stage IIA		primary	Infiltrating duct carcinoma, NOS		not reported	not reported	Alive
TCGA-A8-A08C	78e1da41-127c-4e9c-aaaa-77a0d94c31d0	Stage IIA		primary	Infiltrating duct carcinoma, NOS		not reported	not reported	Alive
TCGA-A8-A08F	0a017f15-1c6b-45e7-8d55-e0a71df1b2e8	Stage IIIC		primary	Infiltrating duct carcinoma, NOS		not reported	not reported	Alive
TCGA-A8-A08G	719082cc-1ebe-4a51-a659-85a59db1d77d	Stage IIA		primary	Infiltrating duct carcinoma, NOS		not reported	not reported	Alive
TCGA-A8-A08H	db8d38ab-cc61-49ee-863d-40060112f2af	Stage IIA		primary	Infiltrating duct carcinoma, NOS		not reported	not reported	Alive
TCGA-A8-A08I	7acf33e7-c386-45fd-8c9a-469600378687	Stage IIA		primary	Infiltrating duct carcinoma, NOS		not reported	not reported	Alive
TCGA-A8-A08J	68177e92-4784-45d9-af14-4ce0c00eae74	Stage IV		primary	Paget disease and infiltrating duct carcinoma of breast		not reported	not reported	Dead
TCGA-A8-A08L	8bd68696-5eeb-46d7-9dc6-c39c849029a4	Stage IIIA		primary	Infiltrating duct carcinoma, NOS		not reported	not reported	Dead
TCGA-A8-A08O	5f5964a8-8e07-4620-98f0-93d162dbc31e			not reported	Not Reported		not reported	not reported	Alive
TCGA-A8-A08P	f947d67f-4aa2-4eb9-977e-21a5ae563613	Stage IIIA		primary	Infiltrating duct carcinoma, NOS		not reported	not reported	Alive
TCGA-A8-A08R	6412854a-f874-469e-9d1f-8bd3ae5bd41d	Stage IIB		primary	Infiltrating duct carcinoma, NOS		not reported	not reported	Alive
TCGA-A8-A08S	2779fa01-ac93-4e80-a997-3385f72172c3			Prior primary	Not Reported		not reported	not reported	Alive
TCGA-A8-A08T	32bc7cc4-d185-4594-bbee-4b96410be512	Stage IV		primary	Infiltrating duct carcinoma, NOS		not reported	not reported	Dead
TCGA-A8-A08X	f5539207-6534-4edc-a5a5-7666b5d16ba4	Stage IIIC		primary	Infiltrating duct carcinoma, NOS		not reported	not reported	Alive
TCGA-A8-A08Z	d7808cbc-4b8c-467b-b2c3-f48d05b9ecab			primary	Infiltrating duct carcinoma, NOS		not reported	not reported	Alive
TCGA-A8-A090	f4b69043-4a67-48e3-a4d1-72a21ae2d175	Stage IIA		primary	Infiltrating duct carcinoma, NOS		not reported	not reported	Alive
TCGA-A8-A091	f39edd06-1016-4e8e-a42e-12f7e699ddc5			not reported	Not Reported		not reported	not reported	Alive
TCGA-A8-A092	38a8b734-9acc-42f9-b5b7-e51b0dfc6504	Stage IIIA		primary	Infiltrating duct carcinoma, NOS		not reported	not reported	Alive
TCGA-A8-A093	02f5ae33-a563-4ecb-9e33-dfa500a44931			Prior primary	Not Reported		not reported	not reported	Alive
TCGA-A8-A094	993103b1-e5a1-4c33-8629-be53ebc41d64	Stage IIA		primary	Infiltrating duct carcinoma, NOS		not reported	not reported	Alive
TCGA-A8-A095	29df128d-ace2-40cf-88ee-3f6f2170f159	Stage I		primary	Infiltrating duct carcinoma, NOS		not reported	not reported	Alive
TCGA-A8-A096	d7cac141-9269-4733-83ce-e1bc0b503254	Stage IIA		primary	Infiltrating duct carcinoma, NOS		not reported	not reported	Alive
TCGA-A8-A097	dcfd0b1d-5707-44a6-b225-5e8f7cea5ca1	Stage IIB		primary	Infiltrating duct carcinoma, NOS		not reported	not reported	Alive
TCGA-A8-A099	e98b69bc-766a-485f-b5e8-9166b8d457b3	Stage X		primary	Infiltrating duct carcinoma, NOS		not reported	not reported	Alive
TCGA-A8-A09A	b205bba0-1870-4458-9088-8817e20389fe	Stage X		primary	Infiltrating duct carcinoma, NOS		not reported	not reported	Alive
TCGA-A8-A09B	3828b534-908e-4953-a3fb-07d01cf49c7d	Stage IIIB		primary	Infiltrating duct carcinoma, NOS		not reported	not reported	Alive
TCGA-A8-A09C	80f3f48a-cc21-415c-b181-c77e7ba1c563	Stage X		primary	Infiltrating duct carcinoma, NOS		not reported	not reported	Alive
TCGA-A8-A09D	36449392-de76-4ee9-bc09-627a07e18727	Stage IIB		primary	Infiltrating duct carcinoma, NOS		not reported	not reported	Alive
TCGA-A8-A09E	dfefb76a-ec6b-4cd2-9d45-2e1e4befc7ea	Stage IIIB		primary	Infiltrating duct carcinoma, NOS		not reported	not reported	Alive
TCGA-A8-A09G	3927f736-3b5c-48c8-9d9e-83669ec44770	Stage IIIC		primary	Infiltrating duct carcinoma, NOS		not reported	not reported	Alive
TCGA-A8-A09I	1557183c-aedd-4df6-b98a-3654667f7b69			Prior primary	Not Reported		not reported	not reported	Alive
TCGA-A8-A09K	6f959c92-b79f-4f84-9ee5-d07d3212d52d			Prior primary	Not Reported		not reported	not reported	Alive
TCGA-A8-A09M	626b4ff0-2188-4a14-aac8-6703c624917f	Stage IIIC		primary	Infiltrating duct carcinoma, NOS		not reported	not reported	Alive
TCGA-A8-A09N	33919e92-4ea9-47e5-a6f4-36e51845d50f	Stage IIIC		primary	Infiltrating duct carcinoma, NOS		not reported	not reported	Alive
TCGA-A8-A09Q	09c2bc35-c21f-4aa4-ac30-0d8db02ad811	Stage IIIB		primary	Infiltrating duct carcinoma, NOS		not reported	not reported	Alive
TCGA-A8-A09R	cb0a2055-2168-4454-8755-47dd613db36f	Stage IIB		primary	Infiltrating duct carcinoma, NOS		not reported	not reported	Alive
TCGA-A8-A09T	0adf59c6-581a-475d-a2f4-40aa40060b5b			primary	Lobular carcinoma, NOS		not reported	not reported	Alive
TCGA-A8-A09V	cc348a26-ee11-47a4-8b51-de922967e175	Stage IIA		primary	Lobular carcinoma, NOS		not reported	not reported	Alive
TCGA-A8-A09W	452672e8-b6d9-45b5-bb02-e88e03e2dd66	Stage IIIB		primary	Lobular carcinoma, NOS		not reported	not reported	Alive
TCGA-A8-A09X	27b05b15-a44b-45ed-a6e3-e7d1ca488ea9	Stage IIIC		primary	Lobular carcinoma, NOS		not reported	not reported	Dead
TCGA-A8-A09Z	81e7a3d3-be70-4834-8018-4d2cc077a4e6	Stage IIB		primary	Lobular carcinoma, NOS		not reported	not reported	Alive
TCGA-A8-A0A1	3efa245d-177d-4ef9-94f7-f554c54e345e	Stage IIA		primary	Lobular carcinoma, NOS		not reported	not reported	Alive
TCGA-A8-A0A2	34d5a193-85e5-4399-8a9b-e92858eafdfe	Stage IIA		primary	Lobular carcinoma, NOS		not reported	not reported	Alive
TCGA-A8-A0A4	2cb8c866-9296-4c70-a3ea-f9a9b707895c	Stage IIA		primary	Lobular carcinoma, NOS		not reported	not reported	Alive
TCGA-A8-A0A6	4b0d295c-e185-4b52-9752-178e5bc1d47d	Stage IIIC		primary	Lobular carcinoma, NOS		not reported	not reported	Alive
TCGA-A8-A0A7	995fdab7-7284-4d33-befa-ec22aa7c6479	Stage IIB		primary	Lobular carcinoma, NOS		not reported	not reported	Alive
TCGA-A8-A0A9	7b605fb6-d077-401e-b870-b87ddf505f82	Stage IIA		primary	Infiltrating duct carcinoma, NOS		not reported	not reported	Alive
TCGA-A8-A0AB	22eaba28-be67-4730-9846-860bc1fca29a	Stage IIA		primary	Lobular carcinoma, NOS		not reported	not reported	Alive
TCGA-A8-A0AD	af5453a9-cf1f-40de-aec4-0e0710908fb7	Stage I		primary	Infiltrating duct and lobular carcinoma		not reported	not reported	Alive
TCGA-AC-A23C	dfd0b7ba-c7d3-498e-b455-346301865452	Stage IIB		primary	Infiltrating duct carcinoma, NOS		white	not reported	Alive
TCGA-AC-A23E	e7bae6e7-f779-449d-92b9-66996041e00d	Stage IIB		primary	Infiltrating duct carcinoma, NOS		white	not reported	Alive
TCGA-AC-A23G	a721dac6-0126-476c-b2d4-2dbf7406454b	Stage IIA		primary	Lobular carcinoma, NOS		white	not reported	Alive
TCGA-AC-A23H	7dcf550c-90ce-4f63-aecd-0e46897e2a3e	Stage IIA		primary	Infiltrating duct carcinoma, NOS		white	not hispanic or latino	Dead
TCGA-AC-A2B8	6e126b73-d3e8-4641-a128-306f3b313e40			Subsequent Primary	Not Reported		white	not hispanic or latino	Alive
TCGA-AC-A2BK	6fa2a667-9c36-4526-8a58-1975e863a806	Stage IIIA		primary	Infiltrating duct carcinoma, NOS		black or african american	not reported	Alive
TCGA-AC-A2BM	8159ff7b-89f4-411a-9b9c-491f1cb3eb34	Stage IIB		primary	Infiltrating duct carcinoma, NOS		black or african american	not reported	Alive
TCGA-AC-A2FB	02bbb632-0f7f-439d-b8f0-c86a06237424	Stage IIA		primary	Lobular carcinoma, NOS		white	not hispanic or latino	Alive
TCGA-AC-A2FE	f6eebd4b-b63a-4a9c-92d3-0d954a8a6655			metastasis	Lobular carcinoma, NOS		white	not hispanic or latino	Dead
TCGA-AC-A2FF	3ca67cd0-81da-4f68-a9fa-f1a8c013c28d	Stage IIB		primary	Lobular carcinoma, NOS		asian	not hispanic or latino	Alive
TCGA-AC-A2FG	39cda4c9-e1c8-44c2-bab7-f5849c12f879	Stage IIB		primary	Lobular carcinoma, NOS		white	not reported	Alive
TCGA-AC-A2FK	79126e88-9cf8-45ff-bf91-a98da3b304d7	Stage IIIC		primary	Lobular carcinoma, NOS		white	hispanic or latino	Alive
TCGA-AC-A2FM	b6b1dc9a-91f4-4b0a-afd5-62c9a90c0d5e	Stage IIB		primary	Lobular carcinoma, NOS		white	not hispanic or latino	Dead
TCGA-AC-A2FO	f5d4c2d3-cc69-4b38-8551-0917e3622a68	Stage IIB		primary	Lobular carcinoma, NOS		white	not hispanic or latino	Alive
TCGA-AC-A2QH	67c5f371-3fa9-47c5-8b15-c2dd9acc8519	Stage IIB		primary	Metaplastic carcinoma, NOS		white	not hispanic or latino	Alive
TCGA-AC-A2QI	c57835be-77ab-4cf5-9b23-62c11a7b2eaf	Stage IIIA		primary	Lobular carcinoma, NOS		white	not hispanic or latino	Alive
TCGA-AC-A2QJ	d9fd2724-7db0-4af3-ac14-217bdfa5203f			metastasis	Metaplastic carcinoma, NOS		white	hispanic or latino	Dead
TCGA-AC-A3BB	048549cf-d0a5-4743-a0a1-2004f7cc2b08	Stage IIIA		primary	Lobular carcinoma, NOS		black or african american	not hispanic or latino	Alive
TCGA-AC-A3EH	fac173a8-1613-4bd4-87ba-83a2cfe8a37d	Stage IIIC		primary	Pleomorphic carcinoma		white	not hispanic or latino	Dead
TCGA-AC-A3HN	e37ae674-a107-4eb3-94d8-b86b0035a9f7	Stage IIB		primary	Lobular carcinoma, NOS		white	not hispanic or latino	Alive
TCGA-AC-A3OD	f2622cdb-ac92-42b3-a1ca-67e133c3dd4a	Stage IIB		primary	Lobular carcinoma, NOS		white	not hispanic or latino	Alive
TCGA-AC-A3QP	6f4c8d30-47fb-47df-9eb7-4e5881e3711e	Stage IIB		primary	Lobular carcinoma, NOS		white	not hispanic or latino	Alive
TCGA-AC-A3QQ	95cef916-5545-455b-920c-773a54fc7676	Stage IA		primary	Lobular carcinoma, NOS		white	not hispanic or latino	Alive
TCGA-AC-A3TM	67c73260-a242-4bba-87c5-d2302556dff7	Stage IIIA		primary	Lobular carcinoma, NOS		white	not hispanic or latino	Alive
TCGA-AC-A3TN	81b70c58-4a12-448c-a594-2ade44f6a0ae	Stage IIB		primary	Lobular carcinoma, NOS		white	not hispanic or latino	Alive
TCGA-AC-A3W5	4c313e5b-4dc3-408e-8e92-22427f74743e			Prior primary	Not Reported		black or african american	not hispanic or latino	Alive
TCGA-AC-A3W6	1b4cfad1-e353-4411-97b6-2b7b9309e95e	Stage IIIA		primary	Lobular carcinoma, NOS		white	not hispanic or latino	Alive
TCGA-AC-A3W7	2481a671-760b-428c-968d-42e25fd42ac5	Stage IIB		primary	Lobular carcinoma, NOS		white	not hispanic or latino	Alive
TCGA-AC-A3YI	a45d296e-efc0-479e-b2f6-bad834668cdf	Stage IIIC		primary	Lobular carcinoma, NOS		white	not hispanic or latino	Alive
TCGA-AC-A3YJ	86cf879e-3b40-44dd-aaa7-6f49f54a15d9	Stage IIA		primary	Papillary carcinoma, NOS		white	not hispanic or latino	Alive
TCGA-AC-A4ZE	0cf0d67c-2f7f-42a6-94f3-407d0ec46c88	Stage IIB		primary	Lobular carcinoma, NOS		white	not hispanic or latino	Alive
TCGA-AC-A5EH	d13fb44b-291b-4ea4-920c-142daa8d1989	Stage IIB		primary	Infiltrating duct carcinoma, NOS		black or african american	not hispanic or latino	Alive
TCGA-AC-A5EI	01b9f68b-4de4-4374-b4f2-8a0685e18153			Synchronous primary	Not Reported		white	not hispanic or latino	Alive
TCGA-AC-A5XS	d9627184-b972-4e00-8c11-b0b946ac357a	Stage IIA		primary	Lobular carcinoma, NOS		white	not hispanic or latino	Alive
TCGA-AC-A5XU	97677fd7-8523-48c5-a8ce-614fd4010551	Stage IIB		primary	Infiltrating duct carcinoma, NOS		black or african american	not hispanic or latino	Alive
TCGA-AC-A62V	d5f2b85a-94a9-4168-bbe8-149ec71342b0	Stage IV		primary	Infiltrating duct carcinoma, NOS		black or african american	not hispanic or latino	Dead
TCGA-AC-A62X	5b2a4f11-ca46-4974-9420-59b4820920bf	Stage IIA		primary	Infiltrating duct carcinoma, NOS		black or african american	not hispanic or latino	Alive
TCGA-AC-A62Y	05af737d-89aa-49b6-97b2-28b8ac8bd2cf	Stage IIB		primary	Lobular carcinoma, NOS		white	not hispanic or latino	Alive
TCGA-AC-A6IV	8e11c5ec-c15a-48d4-85ac-b7b08a9ed827	Stage IIB		primary	Infiltrating lobular mixed with other types of carcinoma		white	not hispanic or latino	Alive
TCGA-AC-A6IW	8183f0fb-2303-4d7b-bccd-55e5031fc7df	Stage IIA		primary	Infiltrating duct carcinoma, NOS		black or african american	not hispanic or latino	Alive
TCGA-AC-A6IX	7486a2b3-b09f-4e9c-9864-8b51b58d9fb3	Stage IIIC		primary	Lobular carcinoma, NOS		white	not hispanic or latino	Alive
TCGA-AC-A6NO	8d9b50d1-139b-4447-ae9c-e54764d9e2a7	Stage IIB		primary	Infiltrating duct carcinoma, NOS		black or african american	not hispanic or latino	Alive
TCGA-AC-A7VB	56230e4a-29ca-4f37-a0f9-730dbdfb6fa2	Stage IIA		primary	Infiltrating duct carcinoma, NOS		black or african american	not hispanic or latino	Alive
TCGA-AC-A7VC	2b36853f-34d3-47c5-ba6a-e5a93233d2b1	Stage IIB		primary	Metaplastic carcinoma, NOS		white	not hispanic or latino	Alive
TCGA-AC-A8OP	b9c6c069-2a2b-4cc7-a398-dc45c132d979	Stage IA		primary	Infiltrating duct carcinoma, NOS		black or african american	not hispanic or latino	Alive
TCGA-AC-A8OQ	dfaabd03-2d40-4422-b210-caf112ff4229	Stage IIB		primary	Infiltrating duct carcinoma, NOS		black or african american	not hispanic or latino	Alive
TCGA-AC-A8OR	8cd1ba0b-ead9-4661-a796-6c9dbf1c42cd	Stage IA		primary	Mucinous adenocarcinoma		white	not hispanic or latino	Alive
TCGA-AC-A8OS	d5e655fe-3fbc-47b0-ba23-1d1dd01d591c	Stage IIA		primary	Lobular carcinoma, NOS		white	not hispanic or latino	Alive
TCGA-AN-A03X	88cd6ccc-70f7-436e-a99c-039b9d31e335	Stage IIA		primary	Infiltrating duct carcinoma, NOS		white	not hispanic or latino	Alive
TCGA-AN-A03Y	a991644b-3ee6-4cda-acf0-e37de48a49fc	Stage IIA		primary	Infiltrating duct carcinoma, NOS		white	not hispanic or latino	Alive
TCGA-AN-A041	316e021c-5175-4ab3-bdb6-2bf9683f657a	Stage IIB		primary	Infiltrating duct carcinoma, NOS		white	not hispanic or latino	Alive
TCGA-AN-A046	dcd5860c-7e3a-44f3-a732-fe92fe3fe300	Stage IIA		primary	Infiltrating duct carcinoma, NOS		white	not hispanic or latino	Alive
TCGA-AN-A049	2e1e3bf0-1708-4b65-936c-48b89eb8966a	Stage IIA		primary	Infiltrating duct carcinoma, NOS		white	not hispanic or latino	Alive
TCGA-AN-A04A	e5aae05a-478e-4a55-a27c-12b2b4be302a	Stage IIIA		primary	Infiltrating duct carcinoma, NOS		white	not hispanic or latino	Alive
TCGA-AN-A04C	66072c06-f251-4f0b-b6ae-12b407c52cc6	Stage IIB		primary	Infiltrating duct carcinoma, NOS		white	not hispanic or latino	Alive
TCGA-AN-A04D	49717f75-0f2d-4e1c-9a12-f1cd7877b80a	Stage IIB		primary	Infiltrating duct carcinoma, NOS		white	not hispanic or latino	Alive
TCGA-AN-A0AJ	9646160a-f1f9-437b-8c7d-efb0b57bfb97	Stage IIB		primary	Infiltrating duct and lobular carcinoma		white	not hispanic or latino	Alive
TCGA-AN-A0AK	9e894662-b718-40f8-8899-b5e036cfbd76	Stage IIA		primary	Infiltrating duct carcinoma, NOS		white	not hispanic or latino	Alive
TCGA-AN-A0AL	3e9f93c0-aa79-4b4c-bd6c-b3325912362a	Stage IIIB		primary	Infiltrating duct carcinoma, NOS		white	not hispanic or latino	Alive
TCGA-AN-A0AM	00a2d166-78c9-4687-a195-3d6315c27574	Stage IIA		primary	Infiltrating duct carcinoma, NOS		white	not hispanic or latino	Alive
TCGA-AN-A0AR	ebc460c2-df88-4dc0-a2c0-aca8072b75ad	Stage IIA		primary	Infiltrating duct carcinoma, NOS		white	not hispanic or latino	Alive
TCGA-AN-A0AS	7c2a8440-0206-4039-8474-8d62f6c7de0c	Stage IIIA		primary	Infiltrating duct carcinoma, NOS		white	not hispanic or latino	Alive
TCGA-AN-A0AT	05506f4c-e701-4a9d-ae06-97f066aade43	Stage IIA		primary	Infiltrating duct carcinoma, NOS		white	not hispanic or latino	Alive
TCGA-AN-A0FD	c6086936-7544-4da0-8c0c-114166848483	Stage IIA		primary	Infiltrating duct carcinoma, NOS		white	not hispanic or latino	Alive
TCGA-AN-A0FF	d5cab7f5-e4f1-40ee-a0c8-4c8004c1c9a0	Stage IA		primary	Infiltrating duct carcinoma, NOS		white	not hispanic or latino	Alive
TCGA-AN-A0FJ	546248b0-22a0-4b70-a437-76fb0a238a0d	Stage IV		primary	Infiltrating duct carcinoma, NOS		white	not hispanic or latino	Alive
TCGA-AN-A0FK	2f4cbedf-ed7e-45a2-bf34-f1d1e696bdde	Stage IIIB		primary	Infiltrating duct carcinoma, NOS		white	not hispanic or latino	Alive
TCGA-AN-A0FL	baf1207d-7d1a-4cad-ba58-62c26be2415e	Stage IIA		primary	Infiltrating duct carcinoma, NOS		white	not hispanic or latino	Alive
TCGA-AN-A0FN	c2a742fe-3e8b-4210-85a6-7191a1123609	Stage IA		primary	Infiltrating duct carcinoma, NOS		white	not hispanic or latino	Alive
TCGA-AN-A0FS	10c9be1e-2cc0-45e4-8d2c-c013ea63ef05	Stage IA		primary	Infiltrating duct carcinoma, NOS		white	not hispanic or latino	Alive
TCGA-AN-A0FT	baf5e81f-2322-41ec-9053-b9559a7993bc	Stage IIB		primary	Infiltrating duct carcinoma, NOS		white	not hispanic or latino	Alive
TCGA-AN-A0FV	2e8e70f2-c781-44c2-8f12-1f8c2f536aa3	Stage IIA		primary	Infiltrating duct carcinoma, NOS		white	not hispanic or latino	Alive
TCGA-AN-A0FW	e112b452-8850-4353-bfed-0dbdc243290b	Stage IIIA		primary	Infiltrating duct carcinoma, NOS		white	not hispanic or latino	Alive
TCGA-AN-A0FX	13b860c3-8048-4dc9-9eb0-7480bc660837	Stage IIA		primary	Infiltrating duct carcinoma, NOS		white	not hispanic or latino	Alive
TCGA-AN-A0FY	de75d0b9-0f47-4732-8df5-05c350cfcd32	Stage IA		primary	Infiltrating duct carcinoma, NOS		white	not hispanic or latino	Alive
TCGA-AN-A0FZ	8240c4ae-f878-4882-aa07-7857c7ac52cf	Stage IIIA		primary	Infiltrating duct carcinoma, NOS		white	not hispanic or latino	Alive
TCGA-AN-A0G0	96312510-c126-485d-8109-ed81844a1dc3	Stage IIA		primary	Infiltrating duct carcinoma, NOS		white	not hispanic or latino	Alive
TCGA-AN-A0XL	4649dee3-b668-44cd-ab97-3834de3ef8f8	Stage IIA		primary	Infiltrating duct carcinoma, NOS		white	not hispanic or latino	Alive
TCGA-AN-A0XN	4e3699da-4367-4a43-9d66-a117d3ad460d	Stage IIIA		primary	Infiltrating duct carcinoma, NOS		white	not hispanic or latino	Alive
TCGA-AN-A0XO	195b6731-6ae6-416e-a345-0eb8874a0ca2	Stage IIIA		primary	Infiltrating duct carcinoma, NOS		white	not hispanic or latino	Alive
TCGA-AN-A0XP	cf0e7e4e-b857-4db5-9ae2-551a899f77be	Stage IIIA		primary	Infiltrating duct carcinoma, NOS		white	not hispanic or latino	Alive
TCGA-AN-A0XR	f51af6db-2655-47fb-9ffc-83a503a728ea	Stage IIIA		primary	Infiltrating duct carcinoma, NOS		white	not hispanic or latino	Alive
TCGA-AN-A0XS	95e949d3-b1f3-46c6-9451-8fe92c99e4cf	Stage IIIA		primary	Infiltrating duct carcinoma, NOS		white	not hispanic or latino	Alive
TCGA-AN-A0XT	3e25056d-d137-49f5-abaa-f68509426600	Stage IIIA		primary	Infiltrating duct carcinoma, NOS		white	not hispanic or latino	Alive
TCGA-AN-A0XU	a1da9db1-db11-4f4d-a249-c738db81b87e	Stage IIA		primary	Infiltrating duct carcinoma, NOS		white	not hispanic or latino	Alive
TCGA-AN-A0XV	ac18b3a3-8d52-4e35-8625-673171a7fd92	Stage IIIA		primary	Infiltrating duct carcinoma, NOS		white	not hispanic or latino	Alive
TCGA-AN-A0XW	39de7761-e762-4811-b95c-8216b79ae06b	Stage IIIA		primary	Infiltrating duct carcinoma, NOS		white	not hispanic or latino	Alive
TCGA-AO-A03L	1174f6e4-ffbe-4e59-a000-8d861c968369	Stage IIIA		primary	Infiltrating duct carcinoma, NOS		asian	not hispanic or latino	Alive
TCGA-AO-A03M	095c7985-3842-494f-b591-706ad1cd2133	Stage I		primary	Infiltrating duct carcinoma, NOS		white	not hispanic or latino	Alive
TCGA-AO-A03N	9435447e-d65f-408b-863b-6576b1d652dd			not reported	Not Reported		white	not hispanic or latino	Alive
TCGA-AO-A03O	1111fb30-46ce-4722-98da-ec9ba2323d90	Stage IIA		primary	Infiltrating duct carcinoma, NOS		black or african american	not hispanic or latino	Dead
TCGA-AO-A03P	2d4c778c-7f77-4f0a-8261-2086accf15fd			not reported	Not Reported		black or african american	not hispanic or latino	Dead
TCGA-AO-A03R	2e82e576-3095-4aee-9853-65f676647c34	Stage IIB		primary	Infiltrating duct carcinoma, NOS		white	not hispanic or latino	Alive
TCGA-AO-A03T	dd6b64a8-d546-4fd1-bbbd-ac9703791cae	Stage IIB		primary	Infiltrating duct carcinoma, NOS		white	not hispanic or latino	Alive
TCGA-AO-A03U	0685edd2-ce1c-4e0e-8dda-393139af4223			Subsequent Primary	Not Reported		white	not hispanic or latino	Dead
TCGA-AO-A03V	a6cb373a-1604-4e25-bd81-da6c3e4f06ee	Stage I		primary	Infiltrating duct carcinoma, NOS		white	not hispanic or latino	Alive
TCGA-AO-A0J2	d2f2560c-ec80-4fea-9474-c47a2e85ea95	Stage IA		primary	Infiltrating duct carcinoma, NOS		white	not hispanic or latino	Alive
TCGA-AO-A0J3	39cde586-df95-435f-b9a6-73b0c0ee5e92	Stage IIB		primary	Infiltrating duct mixed with other types of carcinoma		white	not hispanic or latino	Alive
TCGA-AO-A0J4	a9b7d7fe-be31-4f71-afee-c1bfdf511888	Stage IA		primary	Infiltrating duct carcinoma, NOS		black or african american	not hispanic or latino	Alive
TCGA-AO-A0J5	c1442467-d618-435f-8792-b1a18f696f1a	Stage IV		primary	Infiltrating duct mixed with other types of carcinoma		white	not hispanic or latino	Dead
TCGA-AO-A0J6	e9f4f373-37a5-48ad-a1a0-b0d47820111a	Stage IIA		primary	Infiltrating duct carcinoma, NOS		white	not hispanic or latino	Alive
TCGA-AO-A0J7	9536bec0-dae0-4d63-a1b3-956741835243	Stage IIB		primary	Infiltrating duct mixed with other types of carcinoma		white	not hispanic or latino	Alive
TCGA-AO-A0J8	02bf5203-f9cd-4c5a-97b4-e5584dc22325	Stage IIA		primary	Lobular carcinoma, NOS		white	not hispanic or latino	Alive
TCGA-AO-A0J9	a4903de8-6cf5-4541-8ec7-065beace8b44			not reported	Not Reported		white	not hispanic or latino	Alive
TCGA-AO-A0JA	86b7b206-8e69-432d-acc9-bccce710955e	Stage IIIC		primary	Infiltrating duct carcinoma, NOS		black or african american	not hispanic or latino	Alive
TCGA-AO-A0JB	3ea9412b-429e-4dcf-90cd-c53be06885a1	Stage IIIA		primary	Infiltrating duct carcinoma, NOS		white	not hispanic or latino	Alive
TCGA-AO-A0JC	03565036-b6d3-432f-8d9a-7099818e0788	Stage IIA		primary	Infiltrating duct carcinoma, NOS		white	not hispanic or latino	Alive
TCGA-AO-A0JD	0a229f95-0ea1-4d63-953e-74f5ec2f3028	Stage IIIA		primary	Infiltrating duct carcinoma, NOS		white	not hispanic or latino	Alive
TCGA-AO-A0JE	36fe6152-f61e-4948-9ccc-23ac01a9d77d	Stage IIIA		primary	Infiltrating duct carcinoma, NOS		black or african american	not hispanic or latino	Alive
TCGA-AO-A0JF	f357fe19-5359-4662-8ce9-aa996132283b	Stage IIA		primary	Infiltrating duct carcinoma, NOS		white	not hispanic or latino	Alive
TCGA-AO-A0JG	58959e88-54e2-4558-9664-2effda7403dc	Stage IIIA		primary	Infiltrating duct mixed with other types of carcinoma		white	not hispanic or latino	Alive
TCGA-AO-A0JI	e17c565c-9857-4df3-a352-903b53093c85	Stage IIA		primary	Infiltrating duct carcinoma, NOS		white	not hispanic or latino	Alive
TCGA-AO-A0JJ	bef7b135-a727-45e8-850a-cc4cd56c49aa	Stage IIB		primary	Lobular carcinoma, NOS		white	not hispanic or latino	Alive
TCGA-AO-A0JL	d5d8e76e-2f2a-49bc-ba0a-d51283611b16	Stage IIIA		primary	Infiltrating duct carcinoma, NOS		white	not hispanic or latino	Alive
TCGA-AO-A0JM	44bec761-b603-49c0-8634-f6bfe0319bb1	Stage IIB		primary	Infiltrating duct carcinoma, NOS		not reported	hispanic or latino	Alive
TCGA-AO-A124	b094e8b2-8ece-4b36-8025-18073a8b873c	Stage IIA		primary	Infiltrating duct mixed with other types of carcinoma		white	not hispanic or latino	Alive
TCGA-AO-A125	8577ffcb-242e-40e2-98d4-2831d952be34	Stage IIA		primary	Papillary carcinoma, NOS		black or african american	not hispanic or latino	Alive
TCGA-AO-A126	cc0902fd-a2fc-4327-929e-d4219e32e1d7	Stage IIA		primary	Infiltrating duct carcinoma, NOS		asian	not hispanic or latino	Alive
TCGA-AO-A128	016caf42-4e19-4444-ab5d-6cf1e76c4afa	Stage IIA		primary	Infiltrating duct carcinoma, NOS		white	not hispanic or latino	Alive
TCGA-AO-A129	c70ee5e1-4703-4996-bb5c-f4cca0fb53ba	Stage IIB		primary	Infiltrating duct carcinoma, NOS		white	not hispanic or latino	Alive
TCGA-AO-A12A	99927651-34be-4795-893a-128d8a1fdb30	Stage IIA		primary	Infiltrating duct carcinoma, NOS		white	not hispanic or latino	Alive
TCGA-AO-A12B	f6ed684f-ee7a-496c-80d5-6eacd494d16a	Stage IIA		primary	Infiltrating duct carcinoma, NOS		white	hispanic or latino	Alive
TCGA-AO-A12C	71626753-cc34-4731-abc0-ae188b0964e7	Stage IIB		primary	Infiltrating duct carcinoma, NOS		white	not hispanic or latino	Alive
TCGA-AO-A12D	2fe854b4-bac9-4801-9a1c-ee99388e8082	Stage IIA		primary	Infiltrating duct carcinoma, NOS		white	not hispanic or latino	Alive
TCGA-AO-A12E	2cbeadff-a8a3-4787-9d4e-f6b74c3ab5d9	Stage IIB		primary	Lobular carcinoma, NOS		white	not hispanic or latino	Alive
TCGA-AO-A12F	495f9eda-b9be-4eef-bae1-766a4bfbd68e	Stage IIA		primary	Infiltrating duct carcinoma, NOS		white	not hispanic or latino	Alive
TCGA-AO-A12G	58c56d4b-3f85-4aad-a779-5f9e1791677d	Stage IIA		primary	Pleomorphic carcinoma		white	not hispanic or latino	Alive
TCGA-AO-A12H	b5b99291-507e-4b68-a039-9a0f571f55df	Stage IIA		primary	Infiltrating duct mixed with other types of carcinoma		black or african american	not hispanic or latino	Alive
TCGA-AO-A1KO	c25898b4-eb33-42f4-bf3f-bf532a929e7d	Stage IIB		primary	Lobular carcinoma, NOS		white	not hispanic or latino	Alive
TCGA-AO-A1KP	3aaabc62-f5a4-4025-9b29-5adf82c86c84	Stage IIA		primary	Infiltrating duct carcinoma, NOS		white	not hispanic or latino	Alive
TCGA-AO-A1KQ	d2219a3f-4c55-4dee-9b08-c6f330dd1acf	Stage IIIB		primary	Infiltrating duct carcinoma, NOS		white	not hispanic or latino	Alive
TCGA-AO-A1KR	b7f74ae1-6f58-447c-be50-a7666eb19d9a	Stage IIA		primary	Infiltrating duct carcinoma, NOS		white	not hispanic or latino	Alive
TCGA-AO-A1KS	bb8d42d3-ad65-4d88-ae1d-f9aadfc7962d	Stage IIA		primary	Lobular carcinoma, NOS		white	not hispanic or latino	Alive
TCGA-AO-A1KT	1f8f87cb-8a0b-474c-97fb-c71b4fd88d97	Stage IIA		primary	Infiltrating duct carcinoma, NOS		white	not hispanic or latino	Alive
TCGA-AQ-A04H	83f943c7-3975-4b4f-985d-9c057741793b	Stage IIIA		primary	Infiltrating duct carcinoma, NOS		white	not hispanic or latino	Alive
TCGA-AQ-A04J	9938ce5c-e74e-446e-a932-f096f85cc3b1	Stage IIA		primary	Infiltrating duct carcinoma, NOS		white	not hispanic or latino	Alive
TCGA-AQ-A04L	78582fbc-dcc7-48ae-9f95-5271c9bc5b72	Stage IIA		primary	Infiltrating duct carcinoma, NOS		white	not hispanic or latino	Alive
TCGA-AQ-A0Y5	d0b78f3f-a198-437a-ab8c-204345d3b75d			Prior primary	Myelodysplastic syndrome, NOS		white	not hispanic or latino	Dead
TCGA-AQ-A1H2	4d120899-9a80-4736-b097-285e9e261bcb	Stage IIIA		primary	Infiltrating duct carcinoma, NOS		white	not hispanic or latino	Alive
TCGA-AQ-A1H3	82ec33dd-e783-4c74-9a87-797a699e11df	Stage IIIC		primary	Infiltrating duct carcinoma, NOS		white	not hispanic or latino	Alive
TCGA-AQ-A54N	58090433-d8d1-4499-a235-810c3e9d5b74			Prior primary	Not Reported		black or african american	hispanic or latino	Alive
TCGA-AQ-A54O	35ca5e2a-861a-4dd2-a4ce-d294cf080da3			Prior primary	Clear cell carcinoma		black or african american	not hispanic or latino	Alive
TCGA-AQ-A7U7	19015644-9c17-4ae7-a656-0fe8623c04ae	Stage IIIA		primary	Lobular carcinoma, NOS		white	not hispanic or latino	Dead
TCGA-AR-A0TP	ab89bb2e-da84-4116-a8cd-49aad7bbfd4d	Stage IIA		primary	Infiltrating duct carcinoma, NOS		white	not hispanic or latino	Alive
TCGA-AR-A0TQ	5dc1bee9-c44d-4fdc-9ae5-83426c4d6880	Stage IIIA		primary	Infiltrating duct carcinoma, NOS		white	not hispanic or latino	Alive
TCGA-AR-A0TR	d1703dbd-5c93-4cf2-a4d1-0d90640882bd	Stage IIB		primary	Infiltrating duct carcinoma, NOS		white	not hispanic or latino	Dead
TCGA-AR-A0TS	972447aa-4332-47e7-bddd-2eb699dbb664	Stage IIB		primary	Infiltrating duct carcinoma, NOS		white	not hispanic or latino	Alive
TCGA-AR-A0TT	13ca97a1-75bb-4a49-b8c3-181e5b2c9e86	Stage IIIA		primary	Infiltrating duct carcinoma, NOS		black or african american	not reported	Alive
TCGA-AR-A0TU	dfe6db17-cf45-488e-bd3c-b8433d7343ca	Stage IIA		primary	Infiltrating duct carcinoma, NOS		not reported	not reported	Alive
TCGA-AR-A0TV	6439621e-da61-4723-91cc-c5d87d0a4abc	Stage IIA		primary	Infiltrating duct carcinoma, NOS		not reported	not reported	Alive
TCGA-AR-A0TW	8da3d6cf-381b-4d1b-93fa-41fd9d2b2e66			not reported	Not Reported		white	not hispanic or latino	Alive
TCGA-AR-A0TX	c364e81c-eb1e-4870-ab37-9c661f5f2e3d	Stage IIA		primary	Infiltrating duct carcinoma, NOS		not reported	not reported	Alive
TCGA-AR-A0TY	da1c58a7-c6bd-47d9-95c2-8d2ac70e20e4			metastasis	Infiltrating duct carcinoma, NOS		white	not hispanic or latino	Dead
TCGA-AR-A0TZ	c7c34fd9-3021-45b7-b6ff-30b4196585a8			not reported	Not Reported		white	not hispanic or latino	Dead
TCGA-AR-A0U0	e3c336f5-c32f-4c5d-81fb-e2408ae145b2	Stage IIB		primary	Infiltrating duct carcinoma, NOS		white	not reported	Alive
TCGA-AR-A0U1	17d9e646-6ab3-40b3-a0bc-2c834d3c3213	Stage IIB		primary	Infiltrating duct carcinoma, NOS		white	not hispanic or latino	Alive
TCGA-AR-A0U2	9ad603dc-3fd0-44f5-ae4e-64eeb1ae8d6d			metastasis	Infiltrating duct carcinoma, NOS		white	not hispanic or latino	Dead
TCGA-AR-A0U3	c5f00132-1c6b-4337-af6f-596c652665cc	Stage IIB		primary	Infiltrating duct carcinoma, NOS		white	hispanic or latino	Alive
TCGA-AR-A0U4	71f97b63-c970-44ee-98c2-e02e663d5a40	Stage IIA		primary	Infiltrating duct carcinoma, NOS		white	not hispanic or latino	Alive
TCGA-AR-A1AH	a6e11b30-3ae8-4dd1-b04c-a730c6a79746			Subsequent Primary	Not Reported		white	not hispanic or latino	Alive
TCGA-AR-A1AI	9848307d-1bd5-40c1-b655-a33297aaf74f			Subsequent Primary	Not Reported		white	not hispanic or latino	Alive
TCGA-AR-A1AJ	23e7a78a-1d56-4ad1-9bb4-72ec0178aff2	Stage I		primary	Infiltrating duct carcinoma, NOS		white	not hispanic or latino	Alive
TCGA-AR-A1AK	94b03e1d-50ec-4680-bffd-7086d1536ff2	Stage I		primary	Lobular carcinoma, NOS		white	not hispanic or latino	Alive
TCGA-AR-A1AL	1f99e4d4-4e8b-4cc1-a129-227a2a82780e	Stage IIIA		primary	Lobular carcinoma, NOS		white	not hispanic or latino	Alive
TCGA-AR-A1AM	ebd1512a-4865-4193-97b3-f599d555759a			Synchronous primary	Infiltrating duct carcinoma, NOS		white	not hispanic or latino	Alive
TCGA-AR-A1AN	43029932-feb0-4658-97fa-645c1e775009	Stage IIA		primary	Infiltrating duct carcinoma, NOS		white	hispanic or latino	Alive
TCGA-AR-A1AO	623befd6-0ca4-4a6c-9cf5-d9385c3b718f	Stage IIA		primary	Infiltrating duct carcinoma, NOS		white	not hispanic or latino	Alive
TCGA-AR-A1AP	9495f029-9882-4c9b-a557-b3aec9e91698	Stage I		primary	Infiltrating duct carcinoma, NOS		white	not hispanic or latino	Alive
TCGA-AR-A1AQ	98e0b4de-52fc-4945-9bf5-11e29368f939	Stage IIA		primary	Infiltrating duct carcinoma, NOS		white	not hispanic or latino	Alive
TCGA-AR-A1AR	eda6d2d5-4199-4f76-a45b-1d0401b4e54c	Stage IIIA		primary	Infiltrating duct carcinoma, NOS		white	not hispanic or latino	Dead
TCGA-AR-A1AS	7d681cc6-689d-41c8-9e84-e13733089ec9	Stage IIB		primary	Infiltrating duct carcinoma, NOS		asian	not reported	Alive
TCGA-AR-A1AT	4d26dada-5eb7-4d4e-8eb8-f5465c5c3428	Stage IIA		primary	Lobular carcinoma, NOS		white	not hispanic or latino	Dead
TCGA-AR-A1AU	36220587-1c1c-4f92-b177-3b2155e7e273	Stage IIIA		primary	Infiltrating duct carcinoma, NOS		white	not hispanic or latino	Alive
TCGA-AR-A1AV	daf62b56-6dd2-4ab7-adaa-f296bb86a0a5	Stage IIB		primary	Infiltrating duct carcinoma, NOS		white	hispanic or latino	Alive
TCGA-AR-A1AW	a12fd22a-7f84-4b6e-b6d8-012e38eb73d7	Stage IIA		primary	Infiltrating duct carcinoma, NOS		white	not hispanic or latino	Alive
TCGA-AR-A1AX	f72c1d69-da35-459f-8542-59bfd6c09c23	Stage I		primary	Infiltrating duct carcinoma, NOS		white	not hispanic or latino	Alive
TCGA-AR-A1AY	5fd9552a-c742-4388-940d-295d1107ae00	Stage I		primary	Infiltrating duct carcinoma, NOS		white	not hispanic or latino	Alive
TCGA-AR-A24H	6f89509c-f802-482e-b4da-94553aa76fe9	Stage IIA		primary	Lobular carcinoma, NOS		white	not hispanic or latino	Alive
TCGA-AR-A24K	599c3701-df7a-4a75-a347-fa9b510dd242	Stage IIA		primary	Infiltrating duct carcinoma, NOS		white	not reported	Alive
TCGA-AR-A24L	de646f6a-6d50-4be2-b3cd-f17554b234df			not reported	Not Reported		white	not hispanic or latino	Dead
TCGA-AR-A24M	aa30ac3d-4216-45dd-a314-1ae192fafcb2	Stage IIIA		primary	Infiltrating duct and lobular carcinoma		white	not hispanic or latino	Alive
TCGA-AR-A24N	30047d32-0833-4aca-98d1-3b9ab7122863	Stage I		primary	Infiltrating duct carcinoma, NOS		white	not hispanic or latino	Alive
TCGA-AR-A24O	125b0a9a-6cbe-4207-9178-e7ff03487e87	Stage IIIA		primary	Infiltrating duct and lobular carcinoma		white	not hispanic or latino	Alive
TCGA-AR-A24P	d1fd8ed2-be13-4272-b31e-df86911db3b1	Stage I		primary	Infiltrating duct carcinoma, NOS		white	not hispanic or latino	Alive
TCGA-AR-A24Q	28e9048a-e540-42de-a1f4-4ef894fccc4c	Stage IIB		primary	Infiltrating duct carcinoma, NOS		white	not reported	Alive
TCGA-AR-A24R	db62d9c7-8343-4771-84fc-146d2e307bb8	Stage IIIA		primary	Infiltrating duct carcinoma, NOS		white	not hispanic or latino	Alive
TCGA-AR-A24S	074e8b06-3929-4896-9263-3b80ad6a355b	Stage I		primary	Infiltrating duct carcinoma, NOS		white	not hispanic or latino	Alive
TCGA-AR-A24T	9e3de467-fb0d-4021-89f8-b34968a7c7bc	Stage IIIC		primary	Lobular carcinoma, NOS		white	not hispanic or latino	Alive
TCGA-AR-A24U	241fffc8-4250-4cfa-b2e7-e68c33ae07dc	Stage IIA		primary	Infiltrating duct carcinoma, NOS		white	not hispanic or latino	Alive
TCGA-AR-A24V	3cb06c7a-f2a8-448b-91a8-dd201bbf2ddd	Stage IIB		primary	Infiltrating duct carcinoma, NOS		white	not hispanic or latino	Alive
TCGA-AR-A24W	67526f5a-3a30-45b2-aeab-2b21a855063e	Stage IIB		primary	Infiltrating duct carcinoma, NOS		white	not reported	Alive
TCGA-AR-A24X	491d5ebb-e9ab-4b17-acb8-630ff9fef0f2	Stage IIA		primary	Infiltrating duct and lobular carcinoma		white	not reported	Alive
TCGA-AR-A24Z	9fefbe7c-f66a-4940-843e-285cb7b392c1	Stage IIA		primary	Infiltrating duct carcinoma, NOS		white	not reported	Alive
TCGA-AR-A250	a0963e93-b63e-4de2-86c1-81302e271d3e	Stage IIA		primary	Infiltrating duct carcinoma, NOS		white	not hispanic or latino	Alive
TCGA-AR-A251	8c51bbcb-7c8d-47ad-9193-70ca157c6900	Stage IIIA		primary	Infiltrating duct carcinoma, NOS		white	not hispanic or latino	Alive
TCGA-AR-A252	4d0fec97-e024-4608-a0cc-426a3decc7b1	Stage I		primary	Infiltrating duct carcinoma, NOS		white	not hispanic or latino	Alive
TCGA-AR-A254	6014a582-d22e-46e1-9000-c8e2fbad7acf	Stage IIIA		primary	Infiltrating duct carcinoma, NOS		white	not hispanic or latino	Alive
TCGA-AR-A255	e8f3cc64-5e15-4f4d-b73e-5c9b250a664c	Stage I		primary	Infiltrating duct carcinoma, NOS		white	not hispanic or latino	Alive
TCGA-AR-A256	d3d545b3-457f-4389-821f-704cb24aff7f			recurrence	Infiltrating duct carcinoma, NOS		white	not reported	Dead
TCGA-AR-A2LE	e3fcbf94-d3ef-4a37-aa45-5297f96af9eb	Stage I		primary	Lobular carcinoma, NOS		white	not hispanic or latino	Alive
TCGA-AR-A2LH	376ffe63-efd7-42af-90e1-261255b28bb7			not reported	Not Reported		white	not hispanic or latino	Dead
TCGA-AR-A2LJ	738e1acc-1f0c-4a96-9c8a-222727ef5af8	Stage IIIA		primary	Lobular carcinoma, NOS		white	not hispanic or latino	Alive
TCGA-AR-A2LK	1b703058-e596-45bc-80fe-8b98d545c2e2			metastasis	Lobular carcinoma, NOS		white	not hispanic or latino	Dead
TCGA-AR-A2LL	70fc011c-0f22-4026-9d72-87351126203a	Stage IIB		primary	Lobular carcinoma, NOS		white	not hispanic or latino	Alive
TCGA-AR-A2LM	0bf6e772-1aa1-4f54-9a50-c1414e2f22f3	Stage II		primary	Lobular carcinoma, NOS		white	not hispanic or latino	Alive
TCGA-AR-A2LN	a076f135-be82-40fa-8516-285ed355c965	Stage IIA		primary	Lobular carcinoma, NOS		white	not hispanic or latino	Alive
TCGA-AR-A2LO	ad0fa961-c085-4f38-b3db-5fc0cbf6b64f	Stage IIB		primary	Lobular carcinoma, NOS		white	not hispanic or latino	Alive
TCGA-AR-A2LQ	4229e432-6ac5-49d2-b58a-e8713ddb79bd	Stage IIB		primary	Lobular carcinoma, NOS		white	not hispanic or latino	Alive
TCGA-AR-A2LR	d093173f-08ab-4138-bf3c-399c45a6e163			Prior primary	Infiltrating duct carcinoma, NOS		white	not hispanic or latino	Alive
TCGA-AR-A5QM	9c895825-d6f6-4d14-a662-23212200f6e5	Stage IIA		primary	Lobular carcinoma, NOS		white	not hispanic or latino	Alive
TCGA-AR-A5QN	077506ea-8f11-405d-bb8e-3c9924fe54d0	Stage IIIC		primary	Lobular carcinoma, NOS		white	not hispanic or latino	Alive
TCGA-AR-A5QP	3c275152-d04b-440c-9621-2fc05ea977b6	Stage IIB		primary	Lobular carcinoma, NOS		white	not hispanic or latino	Alive
TCGA-AR-A5QQ	3af31fcf-ad0c-4fd9-a8e3-10f9176b5e9d			metastasis	Metaplastic carcinoma, NOS		white	not hispanic or latino	Dead
TCGA-B6-A0I1	5dd423e8-feaa-4568-a750-500948c41d6c			metastasis	Infiltrating duct carcinoma, NOS		black or african american	not hispanic or latino	Dead
TCGA-B6-A0I2	328dfcb0-b5ae-43f2-bc87-dad0ab3df9e7	Stage IA		primary	Infiltrating duct carcinoma, NOS		white	not hispanic or latino	Alive
TCGA-B6-A0I5	1a18974d-967c-4727-b42e-12ae7be66589	Stage IIB		primary	Infiltrating duct carcinoma, NOS		white	not hispanic or latino	Alive
TCGA-B6-A0I6	045c13ef-3db7-4adf-b0a3-23338f0479f3	Stage IIA		primary	Infiltrating duct carcinoma, NOS		black or african american	not hispanic or latino	Dead
TCGA-B6-A0I8	6e6408d6-6c48-4dfc-9f1c-28b7386e87b4	Stage II		Prior primary	Adenocarcinoma, NOS		white	not hispanic or latino	Dead
TCGA-B6-A0I9	44954053-0b93-4577-a436-42777e442300	Stage IV		primary	Infiltrating duct carcinoma, NOS		white	not hispanic or latino	Dead
TCGA-B6-A0IA	0807435a-e75e-4e04-8e45-ed0cd49a841a	Stage IIA		primary	Infiltrating duct mixed with other types of carcinoma		white	not hispanic or latino	Alive
TCGA-B6-A0IB	157ec9e0-ca6e-4da1-9233-f976cf0db433			metastasis	Infiltrating duct carcinoma, NOS		white	not hispanic or latino	Dead
TCGA-B6-A0IC	b804f7ae-da8f-4414-be11-f880f1859160	Stage X		primary	Intraductal papillary adenocarcinoma with invasion		white	not hispanic or latino	Dead
TCGA-B6-A0IE	3f834fa7-6d7b-4b85-98c0-5c55d55b6c95			metastasis	Lobular carcinoma, NOS		black or african american	not hispanic or latino	Dead
TCGA-B6-A0IG	34ab0cb8-bf19-4cbb-b4eb-3c45ee5aa60b	Stage IIB		primary	Infiltrating duct carcinoma, NOS		white	not hispanic or latino	Dead
TCGA-B6-A0IH	2476dda9-da2a-4242-9642-b92b8b9b1c79	Stage IIIA		primary	Lobular carcinoma, NOS		white	not hispanic or latino	Dead
TCGA-B6-A0IJ	2c86c3ea-d926-4d39-a5ae-39ece4774287	Stage IIB		primary	Infiltrating duct carcinoma, NOS		black or african american	not hispanic or latino	Alive
TCGA-B6-A0IK	0491063c-14a7-4104-8002-1459126332f3			metastasis	Infiltrating duct carcinoma, NOS		white	not hispanic or latino	Dead
TCGA-B6-A0IM	5a4b7098-1f6a-49e9-b364-29d6d34f5bd5	Stage IIB		primary	Infiltrating duct mixed with other types of carcinoma		black or african american	not hispanic or latino	Dead
TCGA-B6-A0IN	16a8d916-ad46-4690-b1a5-3b2b323f4336			metastasis	Infiltrating duct mixed with other types of carcinoma		white	not hispanic or latino	Dead
TCGA-B6-A0IO	04af44fc-c487-4005-b3cb-cb64815824a2	Stage IIA		primary	Infiltrating duct carcinoma, NOS		white	not hispanic or latino	Alive
TCGA-B6-A0IP	1402082d-25c9-4148-8a1e-f58450b706bb	Stage IA		primary	Lobular carcinoma, NOS		white	not hispanic or latino	Dead
TCGA-B6-A0IQ	01eef340-598c-4205-a990-cec190ac2ca5	Stage IIIA		primary	Infiltrating duct carcinoma, NOS		white	not hispanic or latino	Alive
TCGA-B6-A0RE	08da7c4c-3067-4bcf-9d7a-78566df72e69	Stage X		primary	Infiltrating duct carcinoma, NOS		black or african american	not hispanic or latino	Alive
TCGA-B6-A0RG	9b13927c-7357-44fd-8385-92ae6a656b7d	Stage IIB		primary	Infiltrating duct carcinoma, NOS		white	not hispanic or latino	Alive
TCGA-B6-A0RH	c3148e68-1739-4334-abda-1dcbc2166846			recurrence	Infiltrating duct carcinoma, NOS		black or african american	not hispanic or latino	Dead
TCGA-B6-A0RI	bfd55808-dddd-44c3-97d7-41600497b992			recurrence	Infiltrating duct carcinoma, NOS		white	not hispanic or latino	Alive
TCGA-B6-A0RL	5562455d-bbb8-46eb-a510-e8c6e1e26789	Stage IIA		primary	Infiltrating duct carcinoma, NOS		black or african american	not hispanic or latino	Dead
TCGA-B6-A0RM	151f3677-6854-4265-9126-d92c646c67ae	Stage X		primary	Infiltrating duct carcinoma, NOS		black or african american	not hispanic or latino	Dead
TCGA-B6-A0RN	2199b7a1-bd47-4bb5-b36a-a3e291e3e259	Stage IA		primary	Infiltrating duct carcinoma, NOS		white	not hispanic or latino	Alive
TCGA-B6-A0RO	0b172e29-6166-4863-803d-a0a010887c11	Stage IIIB		primary	Infiltrating duct carcinoma, NOS		white	not hispanic or latino	Alive
TCGA-B6-A0RP	451e1a67-47e6-4738-99d7-fb7771ef61a3			metastasis	Infiltrating duct and lobular carcinoma		white	not hispanic or latino	Dead
TCGA-B6-A0RQ	caa9b533-24b4-4ecd-9159-c165de049f6a	Stage IIB		primary	Lobular carcinoma, NOS		white	not hispanic or latino	Dead
TCGA-B6-A0RS	9416ff9b-6f29-4554-b04d-b537a3ae3969	Stage IIA		primary	Infiltrating duct carcinoma, NOS		white	not hispanic or latino	Dead
TCGA-B6-A0RT	4bf50455-9ab7-4521-a791-089f66d3b877	Stage IIIA		primary	Infiltrating duct carcinoma, NOS		white	not hispanic or latino	Alive
TCGA-B6-A0RU	6956473b-92e5-4069-a26b-b48e280e76f2			Subsequent Primary	Not Reported		white	not hispanic or latino	Alive
TCGA-B6-A0RV	cd3faa15-743c-476f-ab0d-f205b14126b6	Stage IIIA		primary	Infiltrating duct and lobular carcinoma		white	not hispanic or latino	Alive
TCGA-B6-A0WS	197741de-a098-4f04-bb37-8ea8b3bb39bc	Stage X		primary	Infiltrating duct carcinoma, NOS		black or african american	not hispanic or latino	Dead
TCGA-B6-A0WT	d7195183-9fe4-4b17-bcfd-9367d2e539ce			Subsequent Primary	Not Reported		white	not hispanic or latino	Alive
TCGA-B6-A0WV	7588a286-6935-424a-bc5f-92e24c83eb37	Stage IIB		primary	Infiltrating duct carcinoma, NOS		white	not hispanic or latino	Dead
TCGA-B6-A0WW	f02931f8-d72a-481d-b532-8b141dab115f			metastasis	Infiltrating duct carcinoma, NOS		black or african american	not hispanic or latino	Dead
TCGA-B6-A0WX	a482fc4c-ff1d-46a0-a968-7df06422cc4b	Stage IIIA		primary	Lobular carcinoma, NOS		black or african american	not hispanic or latino	Dead
TCGA-B6-A0WY	f475d460-75cd-4fe9-aa54-c90be12b4ef8	Stage IIIA		primary	Infiltrating duct carcinoma, NOS		white	not hispanic or latino	Dead
TCGA-B6-A0WZ	08740d7f-5a5e-4dfa-bd48-7fbf228a7a28	Stage II		primary	Infiltrating duct carcinoma, NOS		black or african american	not hispanic or latino	Alive
TCGA-B6-A0X0	1e68e760-a4cf-4100-bf9c-e50fa8d126f6	Stage I		primary	Cribriform carcinoma, NOS		white	not hispanic or latino	Dead
TCGA-B6-A0X1	178b2c48-c07d-422e-ae17-8bcfd996ad51			primary	Infiltrating duct carcinoma, NOS		white	not hispanic or latino	Dead
TCGA-B6-A0X4	4e42fdc5-2a8b-49e9-87ef-6db7a6692d08			metastasis	Infiltrating duct carcinoma, NOS		white	not hispanic or latino	Dead
TCGA-B6-A0X5	4e6edfe6-adcb-4c12-8ff4-38a79f5887e8	Stage IIB		primary	Infiltrating duct carcinoma, NOS		black or african american	not hispanic or latino	Dead
TCGA-B6-A0X7	5b9a5cd2-5ec8-48a0-b9f2-da9bede0b089			Subsequent Primary	Not Reported		white	not hispanic or latino	Dead
TCGA-B6-A1KC	1502c7d7-1535-4e56-9f34-30623acd50d5	Stage IIB		primary	Infiltrating duct carcinoma, NOS		white	not hispanic or latino	Alive
TCGA-B6-A1KF	f30eb65f-fb44-4062-ac39-a38d072f655f	Stage IIB		primary	Infiltrating duct carcinoma, NOS		white	not hispanic or latino	Alive
TCGA-B6-A1KI	1dafdd64-527d-4d46-bbdf-7a97774f881b	Stage I		primary	Infiltrating duct carcinoma, NOS		white	not hispanic or latino	Alive
TCGA-B6-A1KN	271404de-24e8-43f6-806b-fb510c1124c4	Stage IIIB		primary	Infiltrating duct carcinoma, NOS		white	not hispanic or latino	Alive
TCGA-B6-A2IU	9857be0c-aeca-4a43-90b1-0535bd08e086	Stage IIA		primary	Lobular carcinoma, NOS		white	hispanic or latino	Alive
TCGA-B6-A3ZX	9434687a-197c-4959-b6b8-9c05f1dd7f53	Stage IV		primary	Infiltrating duct and lobular carcinoma		black or african american	not hispanic or latino	Dead
TCGA-B6-A400	d9a1c06f-7b50-46b0-878e-89e8c31863ae	Stage IIIA		primary	Infiltrating duct carcinoma, NOS		black or african american	not hispanic or latino	Alive
TCGA-B6-A401	48ff0420-0f19-4e9d-a75d-6c54949a461a	Stage IIA		primary	Infiltrating duct carcinoma, NOS		black or african american	not hispanic or latino	Alive
TCGA-B6-A402	75b3fe55-1a63-426e-867e-2ef52f54778d			recurrence	Infiltrating duct carcinoma, NOS		black or african american	not hispanic or latino	Alive
TCGA-B6-A408	9964f447-92ad-4d1e-af20-11cf84fab7b0	Stage IIIC		primary	Infiltrating duct and lobular carcinoma		black or african american	not hispanic or latino	Alive
TCGA-B6-A409	5362cbc4-cd28-4afd-a8ac-1a4c2c33cad2			metastasis	Infiltrating duct carcinoma, NOS		black or african american	not hispanic or latino	Dead
TCGA-B6-A40B	8539e15f-ba40-4219-aaeb-08d0ab101311	Stage I		primary	Lobular carcinoma, NOS		white	not hispanic or latino	Alive
TCGA-B6-A40C	fd0b1b8b-1a76-480a-b61c-d176e4e02c6b	Stage IIB		primary	Lobular carcinoma, NOS		white	not hispanic or latino	Alive
TCGA-BH-A0AU	360d1d6d-cf3e-4c78-b36f-ef5e3160aa6b	Stage IIA		primary	Infiltrating duct carcinoma, NOS		white	not hispanic or latino	Alive
TCGA-BH-A0AV	790ff5db-b7f3-4946-aaed-305f66b1dd6a	Stage I		primary	Infiltrating duct carcinoma, NOS		black or african american	not reported	Alive
TCGA-BH-A0AW	c5891c7a-fd24-4891-8f51-373967e4a6dd	Stage IIA		primary	Infiltrating duct carcinoma, NOS		white	not reported	Alive
TCGA-BH-A0AY	93ed6066-b567-4e1c-ab81-23370f9d3452	Stage IIA		primary	Infiltrating duct carcinoma, NOS		white	not reported	Alive
TCGA-BH-A0AZ	518f231c-f5f9-4a39-a97b-7fd5666d3e50	Stage IIIA		primary	Infiltrating duct carcinoma, NOS		white	not hispanic or latino	Alive
TCGA-BH-A0B0	66af34ea-f471-4092-aff6-9ac9a5b75b11	Stage I		primary	Infiltrating duct carcinoma, NOS		black or african american	not reported	Alive
TCGA-BH-A0B1	b4e4fea2-b802-4a86-923e-3fcbd3c708fe	Stage IIB		primary	Infiltrating duct carcinoma, NOS		white	not reported	Alive
TCGA-BH-A0B2	57a1604c-60b7-4b30-a75e-f70939532c5c								
TCGA-BH-A0B3	18eb4dfc-556f-4bf3-a411-4780209ed1e0	Stage IIB		primary	Infiltrating duct carcinoma, NOS		white	not reported	Alive
TCGA-BH-A0B4	c710f4ab-fbd9-42ed-95d4-4e6d51207f38	Stage IIIA		primary	Infiltrating duct carcinoma, NOS		white	not reported	Alive
TCGA-BH-A0B5	9da462b0-93c2-4305-89f6-7199a30399a7	Stage IIIA		primary	Lobular carcinoma, NOS		white	not hispanic or latino	Alive
TCGA-BH-A0B6	fa4e082a-d213-412e-8d91-842a6f4bef12	Stage I		Prior primary	Infiltrating duct carcinoma, NOS		white	not hispanic or latino	Alive
TCGA-BH-A0B7	214a4507-d974-4b3e-8525-7408fccc6a0f	Stage IIB		primary	Infiltrating duct carcinoma, NOS		white	not hispanic or latino	Alive
TCGA-BH-A0B8	d3a75976-67d3-40fa-9f6f-cf2a3d7b773c	Stage I		primary	Infiltrating duct carcinoma, NOS		white	not reported	Alive
TCGA-BH-A0B9	5a57dc25-d252-4b22-b192-4de630d7002f	Stage IA		primary	Infiltrating duct carcinoma, NOS		white	not reported	Alive
TCGA-BH-A0BA	49dc3e68-6206-4f16-969f-a758cc7be8ed	Stage IIIC		primary	Infiltrating duct and lobular carcinoma		white	not reported	Alive
TCGA-BH-A0BC	327a2395-85c8-42e1-9638-8e037a1723ed	Stage IIIC		primary	Infiltrating duct carcinoma, NOS		white	not reported	Alive
TCGA-BH-A0BD	b379bfb8-284e-4300-8325-85cfd6809cb8	Stage IIA		primary	Infiltrating duct carcinoma, NOS		white	not reported	Alive
TCGA-BH-A0BF	e6b79d7a-ed6b-459a-b040-d142616e7ab4	Stage IIB		primary	Infiltrating duct carcinoma, NOS		white	not hispanic or latino	Dead
TCGA-BH-A0BG	4f608829-ffc4-4527-886e-6bc764ab29f5	Stage I		primary	Infiltrating duct carcinoma, NOS		white	not hispanic or latino	Alive
TCGA-BH-A0BJ	d6f911b5-e895-43f8-8f86-0ac2f1bc6fae	Stage IIB		primary	Infiltrating duct carcinoma, NOS		white	not reported	Alive
TCGA-BH-A0BL	92b5de82-0221-4df1-8094-80f40c0bb4fa	Stage I		primary	Infiltrating duct carcinoma, NOS		white	not hispanic or latino	Alive
TCGA-BH-A0BM	c2aeee6c-ba10-4cf9-b560-c739580f7bf3	Stage IIB		primary	Infiltrating duct carcinoma, NOS		white	not reported	Alive
TCGA-BH-A0BO	26573441-eedb-4364-966c-e7f803deef19	Stage I		primary	Infiltrating duct carcinoma, NOS		white	not hispanic or latino	Alive
TCGA-BH-A0BP	f251cb6c-d18e-4691-9c82-24ed1ac0abf9	Stage I		primary	Infiltrating duct carcinoma, NOS		white	not hispanic or latino	Dead
TCGA-BH-A0BQ	b3bb8fd6-ee54-4813-b042-2bbe70115382	Stage I		primary	Infiltrating duct carcinoma, NOS		white	not hispanic or latino	Alive
TCGA-BH-A0BR	3ecb0147-276d-486c-9af0-ce437c24ba83	Stage I		primary	Infiltrating duct carcinoma, NOS		white	not hispanic or latino	Alive
TCGA-BH-A0BS	2b22db1d-54a1-4b9e-a86e-a174cf51d95c	Stage IIIA		primary	Infiltrating duct carcinoma, NOS		white	not hispanic or latino	Alive
TCGA-BH-A0BT	a32cb96a-78bf-456e-a6ab-2d47b2c67ad4	Stage IIA		primary	Infiltrating duct carcinoma, NOS		white	not hispanic or latino	Alive
TCGA-BH-A0BV	87f03d04-e651-4a6e-aea6-1c946aa46202	Stage IIB		primary	Infiltrating duct carcinoma, NOS		white	not reported	Alive
TCGA-BH-A0BW	5d1d00c6-fcae-479e-ae1e-de76efd41d98	Stage I		primary	Infiltrating duct carcinoma, NOS		black or african american	not hispanic or latino	Alive
TCGA-BH-A0BZ	4a032bad-e726-48f2-8f39-e3acc109cc91	Stage IIIA		primary	Infiltrating duct carcinoma, NOS		white	not hispanic or latino	Alive
TCGA-BH-A0C0	7875018b-91dc-4ab1-83b0-ee3883e2816e	Stage IIA		primary	Infiltrating duct carcinoma, NOS		white	not reported	Alive
TCGA-BH-A0C1	d10a4887-373b-4726-a61d-126f950e4a06			metastasis	Lobular carcinoma, NOS		white	not hispanic or latino	Dead
TCGA-BH-A0C3	7bcf6d42-eb8f-4aa2-825b-38671d4f9e3a			metastasis	Infiltrating duct and lobular carcinoma		white	not reported	Alive
TCGA-BH-A0C7	e1119732-3e97-4259-bc69-dc4269d9496d	Stage IIB		primary	Infiltrating duct carcinoma, NOS		white	not hispanic or latino	Alive
TCGA-BH-A0DD	dba9beec-5e51-48c0-9229-0ee286a02a1a	Stage IIB		primary	Infiltrating duct carcinoma, NOS		white	not reported	Alive
TCGA-BH-A0DE	7f0bbba1-9bc3-45db-bdda-eb3319bb15d2	Stage IIA		primary	Infiltrating duct carcinoma, NOS		white	not hispanic or latino	Alive
TCGA-BH-A0DG	0bc5744c-5fa3-45bb-87d0-70a02068b392	Stage IIA		primary	Infiltrating duct carcinoma, NOS		black or african american	not hispanic or latino	Alive
TCGA-BH-A0DH	491b6364-1223-474f-816f-e248c8c841e2	Stage IIB		primary	Infiltrating duct carcinoma, NOS		white	not reported	Alive
TCGA-BH-A0DI	27ba717a-5cd8-440a-9345-4ae086f6efca	Stage IIB		primary	Infiltrating duct carcinoma, NOS		white	not hispanic or latino	Alive
TCGA-BH-A0DK	f2bbfa9d-9a9d-4f46-9fde-378e4c44e2ad	Stage IIA		primary	Infiltrating duct carcinoma, NOS		white	not reported	Alive
TCGA-BH-A0DL	ba39bfbc-5cac-4f6c-b55c-4eee3466ee93	Stage IIA		primary	Metaplastic carcinoma, NOS		white	not hispanic or latino	Alive
TCGA-BH-A0DO	d3d4d709-ab34-4617-aa8c-51a3d0a3efe6	Stage IIA		Synchronous primary	Infiltrating duct carcinoma, NOS		white	not hispanic or latino	Alive
TCGA-BH-A0DP	14267783-5624-4fe5-ba81-9d67f1017474	Stage IIB		primary	Lobular carcinoma, NOS		white	not reported	Alive
TCGA-BH-A0DQ	a851ca14-7bbf-455b-a054-ec03979a4247	Stage IIB		primary	Infiltrating duct carcinoma, NOS		white	not reported	Alive
TCGA-BH-A0DS	fb57c598-b45b-478a-9d34-ca1f050d5b7c	Stage IIIA		primary	Infiltrating duct carcinoma, NOS		white	not reported	Alive
TCGA-BH-A0DT	74f31744-0aed-4633-beec-4e203315f0b7	Stage IIA		primary	Infiltrating duct carcinoma, NOS		white	not reported	Alive
TCGA-BH-A0DV	96b9c7db-1be1-4b60-b47c-26b654c3d64c	Stage IIIA		primary	Infiltrating duct carcinoma, NOS		white	not reported	Alive
TCGA-BH-A0DX	035cb359-eac3-484a-9e88-3ddc739440a3	Stage I		primary	Infiltrating duct carcinoma, NOS		white	not hispanic or latino	Alive
TCGA-BH-A0DZ	478eb8aa-50b8-4ce5-98e4-d518ede4b174	Stage IIB		primary	Infiltrating duct carcinoma, NOS		white	not reported	Alive
TCGA-BH-A0E0	20e8106b-1290-4735-abe4-7621e08e3dc8	Stage IIIC		primary	Infiltrating duct carcinoma, NOS		white	not reported	Alive
TCGA-BH-A0E1	606fbc6a-b41b-441d-9401-51e54912bf5e	Stage IIB		primary	Infiltrating duct carcinoma, NOS		white	not reported	Alive
TCGA-BH-A0E2	8ace3b8c-f23e-48a9-a137-9e046bd9549b	Stage IIIA		primary	Infiltrating duct carcinoma, NOS		black or african american	not reported	Alive
TCGA-BH-A0E6	6c0066e3-96df-4870-bcd3-98cda64082e9	Stage IA		primary	Infiltrating duct carcinoma, NOS		white	not reported	Alive
TCGA-BH-A0E7	d3b9d925-ae04-4721-8bfc-50b41225bc74	Stage IIB		primary	Infiltrating duct carcinoma, NOS		white	not reported	Alive
TCGA-BH-A0E9	76ace6aa-0505-442c-978a-f889cf2d44bb	Stage IIB		primary	Lobular carcinoma, NOS		white	not reported	Alive
TCGA-BH-A0EA	1f601832-eee3-48fb-acf5-80c4a454f26e	Stage I		Synchronous primary	Clear cell carcinoma		white	not hispanic or latino	Dead
TCGA-BH-A0EB	ec6930e5-2d83-435a-9a57-a2c5c22caf02	Stage IA		primary	Infiltrating duct carcinoma, NOS		white	not reported	Alive
TCGA-BH-A0EE	ca76c6fc-ff30-4833-884d-3a94fe53ff17	Stage IIB		primary	Infiltrating duct carcinoma, NOS		white	not reported	Alive
TCGA-BH-A0EI	22b35927-1c3f-4f98-ba42-deafc56b677a	Stage IIA		primary	Infiltrating duct carcinoma, NOS		white	not hispanic or latino	Alive
TCGA-BH-A0GY	7d9d3522-ec3b-4efe-8c8e-c0e675276ef5	Stage IIA		primary	Infiltrating duct carcinoma, NOS		white	not reported	Alive
TCGA-BH-A0GZ	27dfb9d4-3a2c-44bc-9acf-8f638d3f3004	Stage IIA		primary	Infiltrating duct carcinoma, NOS		white	not reported	Alive
TCGA-BH-A0H0	96457ebf-ae88-41f4-97e5-cdc3163418aa	Stage IA		primary	Infiltrating duct carcinoma, NOS		white	not reported	Alive
TCGA-BH-A0H3	6cdc0d53-f813-4101-81e5-9bee68270536	Stage I		primary	Infiltrating duct carcinoma, NOS		white	not hispanic or latino	Alive
TCGA-BH-A0H5	cab38ea8-4555-413c-b81e-4621aac4ef85	Stage I		primary	Infiltrating duct carcinoma, NOS		white	not hispanic or latino	Alive
TCGA-BH-A0H6	aeb6a3a6-b57a-4c53-90e6-e833777dd2a1	Stage I		primary	Infiltrating duct carcinoma, NOS		white	not reported	Alive
TCGA-BH-A0H7	2021ed1f-dc75-4701-b8b8-1386466e4802	Stage IIIA		primary	Infiltrating duct carcinoma, NOS		white	not reported	Alive
TCGA-BH-A0H9	0f64edec-0f1f-4025-8a53-75f9534f7828	Stage IIA		primary	Infiltrating duct carcinoma, NOS		white	not reported	Alive
TCGA-BH-A0HA	e666081b-caaf-4e8b-9446-807be71201a5	Stage I		primary	Infiltrating duct carcinoma, NOS		white	not hispanic or latino	Alive
TCGA-BH-A0HB	0c1023c0-d2ce-4940-8047-7642f1dc3965	Stage IA		primary	Infiltrating duct carcinoma, NOS		white	not reported	Alive
TCGA-BH-A0HF	17ca61a2-607a-45ff-88fa-ef72e80bf891	Stage IA		primary	Infiltrating duct carcinoma, NOS		white	not reported	Alive
TCGA-BH-A0HI	e0375a8b-a135-4103-a59d-39063fcf4a6f	Stage IA		primary	Infiltrating duct carcinoma, NOS		white	not reported	Alive
TCGA-BH-A0HK	24334ac1-28a3-4b61-b590-3f51e375b247	Stage IIB		primary	Infiltrating duct carcinoma, NOS		white	not reported	Alive
TCGA-BH-A0HL	602083f0-18d9-48b6-a529-31e165c54b37	Stage IIB		primary	Intraductal papillary adenocarcinoma with invasion		white	not reported	Alive
TCGA-BH-A0HN	a68a3361-48b4-4bd0-999d-b4cc3d43eb4a	Stage IA		primary	Infiltrating duct carcinoma, NOS		white	not reported	Alive
TCGA-BH-A0HO	8332806e-f547-4aae-89af-6d5bec831fd2	Stage IIA		primary	Infiltrating duct carcinoma, NOS		white	not reported	Alive
TCGA-BH-A0HP	fcef8cb5-fb2c-4bfb-82cd-6b9f3145182c	Stage IIIA		primary	Lobular carcinoma, NOS		white	not reported	Alive
TCGA-BH-A0HQ	f31c21b6-0f7f-435b-9e24-97c909755c36	Stage IIA		primary	Infiltrating duct carcinoma, NOS		white	not reported	Alive
TCGA-BH-A0HU	dc657ca8-98e8-4ec4-a513-1b848be0e85d	Stage IA		primary	Infiltrating duct carcinoma, NOS		white	not reported	Alive
TCGA-BH-A0HW	29fdc464-f216-4828-b456-829f71436e27	Stage IA		primary	Infiltrating duct carcinoma, NOS		asian	not reported	Alive
TCGA-BH-A0HX	3b01d064-8c00-4972-9f07-407eac8e7534	Stage IIB		primary	Infiltrating duct carcinoma, NOS		white	not reported	Alive
TCGA-BH-A0HY	844ad251-3ee4-42f6-ad00-59a7a1670eea	Stage I		primary	Infiltrating duct carcinoma, NOS		white	not hispanic or latino	Alive
TCGA-BH-A0RX	e828455d-4680-41b2-8a1c-1582e3790d62	Stage IIA		primary	Infiltrating duct carcinoma, NOS		white	not reported	Alive
TCGA-BH-A0W3	3c612e12-6de8-44fa-a095-805c45474821	Stage IIA		primary	Infiltrating duct carcinoma, NOS		white	not hispanic or latino	Alive
TCGA-BH-A0W4	0772cdbe-8b0d-452b-8df1-bd70d1306363	Stage IIA		primary	Infiltrating duct carcinoma, NOS		white	not hispanic or latino	Alive
TCGA-BH-A0W5	da9c10ea-c13f-4d88-8b94-a0cbc106d036	Stage IIA		primary	Infiltrating duct carcinoma, NOS		white	not hispanic or latino	Alive
TCGA-BH-A0W7	9f80649b-a249-4fb5-97ad-059a30e13fea	Stage I		primary	Infiltrating duct carcinoma, NOS		white	not hispanic or latino	Alive
TCGA-BH-A0WA	786e8dbe-442e-4551-87b3-b4c333b04dd4	Stage I		primary	Metaplastic carcinoma, NOS		white	not hispanic or latino	Alive
TCGA-BH-A18F	bfd49783-1767-469b-9d79-7822301c5efc	Stage IIA		primary	Infiltrating duct carcinoma, NOS		white	not hispanic or latino	Alive
TCGA-BH-A18G	747083ff-0703-431b-aad4-f2adff739516	Stage IA		primary	Infiltrating duct carcinoma, NOS		white	not hispanic or latino	Alive
TCGA-BH-A18H	878f975b-94fd-4d69-b7e7-1ed3ac2ee438	Stage IA		primary	Infiltrating duct carcinoma, NOS		white	not hispanic or latino	Alive
TCGA-BH-A18I	9c1ceb7d-6fed-4c2f-a89a-bf3c5b15ca58	Stage IIA		primary	Infiltrating duct carcinoma, NOS		white	not hispanic or latino	Alive
TCGA-BH-A18J	cc074b7f-d3b2-4880-902e-bf10e667b665	Stage IV		primary	Infiltrating duct carcinoma, NOS		white	not hispanic or latino	Dead
TCGA-BH-A18K	50619f8c-10aa-464a-a227-90a7aa6ffd43	Stage I		primary	Infiltrating duct carcinoma, NOS		white	not hispanic or latino	Dead
TCGA-BH-A18L	9ddc3e7b-8b54-4a83-8335-8053940f56c1	Stage IIIA		primary	Infiltrating duct carcinoma, NOS		white	not hispanic or latino	Dead
TCGA-BH-A18M	f63722c1-a0bb-4bf9-8a10-1d76a8e1a0ba	Stage IIIA		primary	Infiltrating duct carcinoma, NOS		white	not hispanic or latino	Dead
TCGA-BH-A18N	665dd3d3-779c-4abd-b5d7-13342340451d	Stage IIA		primary	Infiltrating duct carcinoma, NOS		white	not hispanic or latino	Dead
TCGA-BH-A18P	557cb0a3-6f1b-4faf-8296-0a15c24158f9	Stage I		primary	Infiltrating duct carcinoma, NOS		white	not reported	Dead
TCGA-BH-A18Q	db4bc6aa-2e7d-4bcb-8519-a455f624d33b	Stage IIB		primary	Infiltrating duct carcinoma, NOS		white	not hispanic or latino	Dead
TCGA-BH-A18R	f6e1ec78-5ad9-4879-9b7e-262d17b166ad	Stage IIA		primary	Infiltrating duct carcinoma, NOS		white	not hispanic or latino	Dead
TCGA-BH-A18S	433427a1-bacf-4381-91ba-5fec8a0953f9	Stage I		primary	Infiltrating duct mixed with other types of carcinoma		white	not hispanic or latino	Dead
TCGA-BH-A18T	30ec8b1f-28c4-4f46-8a1b-a8d51e558c7d	Stage IIA		primary	Infiltrating duct carcinoma, NOS		white	not hispanic or latino	Dead
TCGA-BH-A18U	233b02f3-c4f0-4a67-9db5-e68d5cdaccb6	Stage IIIA		primary	Infiltrating duct carcinoma, NOS		white	not hispanic or latino	Dead
TCGA-BH-A18V	6b960b58-28e1-41c6-bd6e-7e669c6aa4ef	Stage IIB		primary	Infiltrating duct carcinoma, NOS		white	not hispanic or latino	Dead
TCGA-BH-A1EN	858652b8-c4c2-41d8-be32-fdc88e1a7bb0	Stage IIA		primary	Infiltrating duct carcinoma, NOS		white	not hispanic or latino	Dead
TCGA-BH-A1EO	4510295e-8aa7-4ef1-b2b7-91cc902f8200	Stage IIA		primary	Infiltrating duct and lobular carcinoma		white	not hispanic or latino	Dead
TCGA-BH-A1ES	51ccbf1b-7cae-44ba-991a-11eda8b8c404	Stage IIB		primary	Infiltrating duct carcinoma, NOS		white	not hispanic or latino	Dead
TCGA-BH-A1ET	8986a141-eae7-4157-b695-02cc6fc3b071	Stage I		primary	Infiltrating duct carcinoma, NOS		white	not hispanic or latino	Dead
TCGA-BH-A1EU	a1093598-d3a8-4ffe-83fc-bc7d1faff7e5	Stage I		primary	Infiltrating duct carcinoma, NOS		white	not hispanic or latino	Dead
TCGA-BH-A1EV	417dea5f-f68e-4dab-940e-43ae8c67e5e6	Stage IIIA		primary	Infiltrating duct carcinoma, NOS		white	not hispanic or latino	Dead
TCGA-BH-A1EW	9d166970-07c8-4ca3-9cfa-ed0049df9ecc	Stage IIA		primary	Infiltrating duct carcinoma, NOS		white	not hispanic or latino	Dead
TCGA-BH-A1EX	7b892055-c59d-4550-8688-ad039790af3d	Stage IIB		primary	Infiltrating duct carcinoma, NOS		white	not hispanic or latino	Dead
TCGA-BH-A1EY	0741b5db-4405-42ba-b63a-c6ee4f341480	Stage IIA		primary	Infiltrating duct carcinoma, NOS		white	not hispanic or latino	Dead
TCGA-BH-A1F0	21ef1730-e5a7-47ce-b419-d000bb59ae15	Stage IIA		primary	Infiltrating duct carcinoma, NOS		white	not hispanic or latino	Dead
TCGA-BH-A1F2	6a2972e3-cca9-47e5-aac0-b770f2399eeb	Stage IIIB		primary	Paget disease and infiltrating duct carcinoma of breast		white	not hispanic or latino	Dead
TCGA-BH-A1F5	e663954c-05a8-479a-a623-400c1eb5efc6	Stage IIA		primary	Infiltrating duct carcinoma, NOS		white	not hispanic or latino	Dead
TCGA-BH-A1F6	ad18820b-a804-49c0-ba8a-86c09fa6bce2			primary	Infiltrating duct carcinoma, NOS		white	not hispanic or latino	Dead
TCGA-BH-A1F8	ee554215-bea2-4268-aaf9-784e68cdb969	Stage IIIB		primary	Infiltrating duct carcinoma, NOS		white	not hispanic or latino	Dead
TCGA-BH-A1FB	ecab16bc-28d5-4c3a-8735-3c785bd047c4	Stage IIB		primary	Infiltrating duct carcinoma, NOS		white	not hispanic or latino	Dead
TCGA-BH-A1FC	b97bf89a-7a85-4eef-ae7e-f787aead1f0a	Stage IIA		primary	Medullary carcinoma, NOS		black or african american	not hispanic or latino	Dead
TCGA-BH-A1FD	3c8b5af9-c34d-43c2-b8c9-39ea11e44fa6	Stage I		primary	Infiltrating duct carcinoma, NOS		white	not hispanic or latino	Dead
TCGA-BH-A1FE	4aa68586-6331-4795-b40c-859386640df6	Stage IIB		primary	Infiltrating duct carcinoma, NOS		white	not hispanic or latino	Dead
TCGA-BH-A1FG	d4e7426c-9739-4585-9114-e564b13c7c02	Stage I		primary	Infiltrating duct carcinoma, NOS		white	not hispanic or latino	Dead
TCGA-BH-A1FH	1783cac1-253a-40af-a9ac-48dfb20e1ab8	Stage IV		primary	Infiltrating duct carcinoma, NOS		white	not hispanic or latino	Dead
TCGA-BH-A1FJ	f6581eee-61b9-43d4-ab0d-ce5ce3ba1c74	Stage IIIA		primary	Infiltrating duct carcinoma, NOS		white	not hispanic or latino	Dead
TCGA-BH-A1FL	14d1d84e-99e1-41ad-8892-3b4da3d4f948	Stage IIB		primary	Infiltrating duct carcinoma, NOS		white	not hispanic or latino	Dead
TCGA-BH-A1FM	7eb18190-5a41-4637-9783-f81bbde499e4	Stage IIIA		primary	Infiltrating duct carcinoma, NOS		white	not hispanic or latino	Dead
TCGA-BH-A1FN	6dd0dd7b-62ff-4fd1-a99a-b265f1a91dca	Stage IIA		primary	Infiltrating duct carcinoma, NOS		white	not hispanic or latino	Dead
TCGA-BH-A1FR	bf3b1481-ae31-4406-b084-b6cc1d7163e3	Stage IIIB		primary	Infiltrating duct mixed with other types of carcinoma		white	not hispanic or latino	Dead
TCGA-BH-A1FU	c348a9b3-c901-4384-a222-144387bac0c5	Stage IA		primary	Infiltrating duct carcinoma, NOS		white	not hispanic or latino	Dead
TCGA-BH-A201	3bf81a9f-abb4-4495-a514-fd3865e13a03	Stage IA		primary	Infiltrating duct carcinoma, NOS		white	not hispanic or latino	Alive
TCGA-BH-A202	e7a00d67-2c26-4d1f-bd17-35f659e88bc1	Stage II		primary	Infiltrating duct carcinoma, NOS		white	not hispanic or latino	Alive
TCGA-BH-A203	b3264748-947a-43aa-b227-b294fbcc8447	Stage IIB		primary	Infiltrating duct carcinoma, NOS		white	not hispanic or latino	Dead
TCGA-BH-A204	05135396-df5c-49db-b34e-f4add5b65a2b	Stage IIB		primary	Infiltrating duct carcinoma, NOS		white	not hispanic or latino	Dead
TCGA-BH-A208	ddcbdac6-9e43-4146-a611-d033125eba14	Stage IIB		primary	Infiltrating duct carcinoma, NOS		white	not hispanic or latino	Dead
TCGA-BH-A209	5258294f-ef5b-4091-9183-6bcc545d54b2	Stage I		primary	Medullary carcinoma, NOS		black or african american	not hispanic or latino	Dead
TCGA-BH-A28O	84b7ccf2-8ab3-4b21-96de-800d231bc072	Stage IIIC		primary	Lobular carcinoma, NOS		white	not hispanic or latino	Alive
TCGA-BH-A28Q	32861b48-83f5-43a3-bb54-45215ad2c5d6	Stage IIB		primary	Lobular carcinoma, NOS		white	not hispanic or latino	Alive
TCGA-BH-A2L8	bac4b268-c781-4408-96d8-43a48fec7418	Stage IIA		primary	Lobular carcinoma, NOS		white	not hispanic or latino	Alive
TCGA-BH-A42T	10c829ec-fd66-49c4-8afe-ad3ae567372c	Stage IIA		primary	Lobular carcinoma, NOS		black or african american	not hispanic or latino	Dead
TCGA-BH-A42U	2dc1cec9-925a-417f-9e21-3c2143e711b4	Stage IIA		primary	Lobular carcinoma, NOS		black or african american	not hispanic or latino	Alive
TCGA-BH-A42V	57cf380d-ab52-467f-b9ae-740b2f84c820	Stage IB		primary	Infiltrating duct carcinoma, NOS		black or african american	not hispanic or latino	Alive
TCGA-BH-A5IZ	a8a33ba9-0976-4e19-b0e9-fa5ba4d4eaa8	Stage IIB		primary	Infiltrating duct carcinoma, NOS		black or african american	not hispanic or latino	Alive
TCGA-BH-A5J0	db55d9d9-dd56-4ca9-b1f1-0d929697b280	Stage IA		primary	Infiltrating duct carcinoma, NOS		black or african american	not hispanic or latino	Alive
TCGA-BH-A6R8	91b09291-5944-4691-a0d8-7d1ccc649b9b	Stage IIA		primary	Infiltrating duct carcinoma, NOS		black or african american	not hispanic or latino	Alive
TCGA-BH-A6R9	43cc074d-b85a-4b0b-8feb-833094ffc565	Stage IIA		primary	Metaplastic carcinoma, NOS		white	not hispanic or latino	Alive
TCGA-BH-A8FY	5f4d16aa-9cc4-4edb-b714-394e2661439a	Stage IA		primary	Lobular carcinoma, NOS		white	not hispanic or latino	Dead
TCGA-BH-A8FZ	1cc30842-4a5b-4f07-b36f-5b84ceaa5662	Stage IA		primary	Lobular carcinoma, NOS		white	not hispanic or latino	Alive
TCGA-BH-A8G0	59d60247-e549-4326-a672-50b05c13a291	Stage IIB		primary	Lobular carcinoma, NOS		white	not hispanic or latino	Alive
TCGA-BH-AB28	09d6e904-7184-4788-8a19-04f8c46cb13f	Stage IIIA		primary	Lobular carcinoma, NOS		white	not hispanic or latino	Alive
TCGA-C8-A12K	6b923e30-2ddc-407f-91b1-c202f1373fbb	Stage IIB		primary	Infiltrating duct carcinoma, NOS		asian	not hispanic or latino	Alive
TCGA-C8-A12L	441919eb-8c9f-478c-bda3-8de4f8295e8a	Stage IIA		primary	Infiltrating duct carcinoma, NOS		asian	not hispanic or latino	Alive
TCGA-C8-A12M	dd0f8e5a-383d-4f03-bb71-0e115d4e442c	Stage IIA		primary	Infiltrating duct carcinoma, NOS		asian	not hispanic or latino	Alive
TCGA-C8-A12N	b8a615f9-d19b-4b09-8ec8-0674e5c648cd	Stage IIA		primary	Infiltrating duct carcinoma, NOS		asian	not hispanic or latino	Alive
TCGA-C8-A12O	83f26720-007c-42c9-a7de-7484bf8afa89	Stage IIA		primary	Infiltrating duct carcinoma, NOS		asian	not hispanic or latino	Alive
TCGA-C8-A12P	abdc76db-f85e-4337-a57e-6d098789da03	Stage IIB		primary	Infiltrating duct carcinoma, NOS		asian	not hispanic or latino	Alive
TCGA-C8-A12Q	a824b3bd-34d5-4cc1-a92f-f9d6ac0f1814			metastasis	Infiltrating duct carcinoma, NOS		asian	not hispanic or latino	Dead
TCGA-C8-A12T	71229981-97c2-4ae1-a130-fe5de336b37d	Stage IIA		primary	Infiltrating duct carcinoma, NOS		asian	not hispanic or latino	Alive
TCGA-C8-A12U	97b5f490-1cd9-4833-b903-5f4c6e45670d	Stage IIB		primary	Infiltrating duct carcinoma, NOS		asian	not hispanic or latino	Alive
TCGA-C8-A12V	7e1673f8-5758-4963-8804-d5e39f06205b	Stage IIA		primary	Infiltrating duct carcinoma, NOS		asian	not hispanic or latino	Alive
TCGA-C8-A12W	6adca853-1b09-47ff-814c-47b732a76d96	Stage IIIB		primary	Infiltrating duct carcinoma, NOS		asian	not hispanic or latino	Alive
TCGA-C8-A12X	65cde5d5-1efc-4e30-b1bd-a93598794f2c	Stage IIB		primary	Mucinous adenocarcinoma		asian	not hispanic or latino	Alive
TCGA-C8-A12Y	298a1710-deb4-4064-a0f2-da32d43aa217	Stage IIB		primary	Infiltrating duct carcinoma, NOS		asian	not hispanic or latino	Alive
TCGA-C8-A12Z	42621dfa-abfd-4c7d-8bc5-a02a09d1c2b4	Stage IIB		primary	Infiltrating duct carcinoma, NOS		asian	not hispanic or latino	Alive
TCGA-C8-A130	8cf54607-01ce-42b0-9bd9-8627edd9f3b7	Stage IIIA		primary	Infiltrating duct carcinoma, NOS		asian	not hispanic or latino	Alive
TCGA-C8-A131	c49e3b18-fd88-48f4-8b01-300692ceb367	Stage IIIA		primary	Infiltrating duct carcinoma, NOS		asian	not hispanic or latino	Alive
TCGA-C8-A132	89e867de-d30e-4bfc-a453-0a76309dabd5	Stage IIB		primary	Infiltrating duct carcinoma, NOS		asian	not hispanic or latino	Alive
TCGA-C8-A133	b8b6cebc-26dc-43ae-a94a-20da6018f7ae	Stage IIIA		primary	Infiltrating duct mixed with other types of carcinoma		white	not hispanic or latino	Alive
TCGA-C8-A134	f1692f4b-ce1b-4fc5-ac55-1022ecae0d1e	Stage IIA		primary	Infiltrating duct carcinoma, NOS		asian	not hispanic or latino	Alive
TCGA-C8-A135	33cea538-4c3f-470a-972d-257c43241ab4	Stage IIB		primary	Infiltrating duct carcinoma, NOS		asian	not hispanic or latino	Alive
TCGA-C8-A137	03ab1e9f-4918-404d-b178-3a4fd929c5e8	Stage IIB		primary	Infiltrating duct carcinoma, NOS		asian	not hispanic or latino	Alive
TCGA-C8-A138	b6c286c6-2755-419b-87d3-59c7feda9653	Stage IIIA		primary	Infiltrating duct carcinoma, NOS		asian	not hispanic or latino	Alive
TCGA-C8-A1HE	b26d41cd-393b-4cd4-8925-a9488f7de576	Stage IIA		primary	Infiltrating duct carcinoma, NOS		asian	not hispanic or latino	Alive
TCGA-C8-A1HF	a2453bcb-90f2-4505-949d-a89cf4bfc9b8	Stage IIA		primary	Infiltrating duct carcinoma, NOS		asian	not hispanic or latino	Alive
TCGA-C8-A1HG	0c23c380-363c-474d-b64c-b47f612a8225	Stage IIA		primary	Infiltrating duct carcinoma, NOS		asian	not hispanic or latino	Alive
TCGA-C8-A1HI	444374f8-9282-439c-af00-0f828edcbff3	Stage IIIA		primary	Infiltrating duct carcinoma, NOS		asian	not hispanic or latino	Alive
TCGA-C8-A1HJ	a855c228-a263-44df-87a0-cbc32187e3f5	Stage IIA		primary	Infiltrating duct carcinoma, NOS		asian	not hispanic or latino	Alive
TCGA-C8-A1HK	52c35691-efca-42f5-a03e-02c9f872275c	Stage IIB		primary	Infiltrating duct carcinoma, NOS		asian	not hispanic or latino	Alive
TCGA-C8-A1HL	a8a199c9-d781-4e6c-af8c-c85d60c7cd40			Prior primary	Not Reported		asian	not hispanic or latino	Alive
TCGA-C8-A1HM	8b525ec6-d24b-49d4-bfcb-b354de4dae7c	Stage IIA		primary	Infiltrating duct carcinoma, NOS		asian	not hispanic or latino	Alive
TCGA-C8-A1HN	86a18ae0-dfb1-49c3-b5c4-67ec331d6e40	Stage IIA		primary	Infiltrating duct carcinoma, NOS		asian	not hispanic or latino	Alive
TCGA-C8-A1HO	b3354b72-2637-4edc-9a95-e55801d3ac13	Stage IIIC		primary	Infiltrating duct carcinoma, NOS		asian	not hispanic or latino	Alive
TCGA-C8-A26V	89414e79-7f89-42d9-8228-101b5bf2f31f	Stage IIIA		primary	Infiltrating duct carcinoma, NOS		asian	not hispanic or latino	Alive
TCGA-C8-A26W	ff0f875f-113a-4c0f-8c0a-4259cd496e6d	Stage IIB		primary	Infiltrating duct carcinoma, NOS		asian	not hispanic or latino	Alive
TCGA-C8-A26X	70ab4f23-23c4-409f-a5cc-18a010c3a24e	Stage IIA		primary	Infiltrating duct carcinoma, NOS		asian	not hispanic or latino	Alive
TCGA-C8-A26Y	4d51159f-ab2f-40e3-a363-847c3654431e	Stage IIA		primary	Infiltrating duct carcinoma, NOS		asian	not hispanic or latino	Alive
TCGA-C8-A26Z	dc11b1c7-1f00-4813-b4b5-ecf776b2eb37	Stage IIA		primary	Infiltrating duct carcinoma, NOS		asian	not hispanic or latino	Alive
TCGA-C8-A273	5a5f0f48-2b13-4e78-b130-901b85d9a7f3	Stage IIB		primary	Infiltrating duct carcinoma, NOS		asian	not hispanic or latino	Alive
TCGA-C8-A274	dbcad60f-86c7-41e3-b0ae-baa39c9f83dd	Stage IIA		primary	Infiltrating duct carcinoma, NOS		asian	not hispanic or latino	Alive
TCGA-C8-A275	ce887e90-0660-4f44-a3a4-b3b894cb7eda	Stage IIA		primary	Infiltrating duct carcinoma, NOS		asian	not hispanic or latino	Alive
TCGA-C8-A278	65077db7-dd59-4362-9d28-d5a9154e9be0	Stage IIIA		primary	Infiltrating duct carcinoma, NOS		asian	not hispanic or latino	Alive
TCGA-C8-A27A	3b1f7e48-216d-47de-ba79-db350f52bff0	Stage IIB		primary	Infiltrating duct carcinoma, NOS		asian	not hispanic or latino	Alive
TCGA-C8-A27B	f0d8a1fe-e313-44f1-99cc-b965cbeeff0e	Stage IIB		primary	Infiltrating duct carcinoma, NOS		asian	not hispanic or latino	Alive
TCGA-C8-A3M7	959ff069-8a49-4c9b-85c2-5291cac0acff	Stage IIIB		primary	Lobular carcinoma, NOS		asian	not hispanic or latino	Dead
TCGA-C8-A3M8	c1e704d6-a33b-4891-90bd-992b0040c075	Stage IA		primary	Lobular carcinoma, NOS		asian	not hispanic or latino	Alive
TCGA-C8-A8HP	8db69f1d-72e2-40ba-ad8a-cf228499840d	Stage IIIA		primary	Metaplastic carcinoma, NOS		asian	not hispanic or latino	Alive
TCGA-C8-A8HQ	6951fe6a-d7d1-4f41-85af-76655b5d1f62	Stage IIB		primary	Mucinous adenocarcinoma		asian	not hispanic or latino	Alive
TCGA-C8-A8HR	dcb68327-1537-4ca6-81de-3910d0663cb8	Stage IIIA		primary	Lobular carcinoma, NOS		asian	not hispanic or latino	Alive
TCGA-C8-A9FZ	726c6892-0dce-4869-a7a7-cc44c26fe843	Stage IIB		primary	Infiltrating lobular mixed with other types of carcinoma		white	not hispanic or latino	Alive
TCGA-D8-A13Y	17f275c1-a0d4-487d-8f02-ea279584b4cd	Stage IA		primary	Infiltrating duct carcinoma, NOS		white	not hispanic or latino	Alive
TCGA-D8-A13Z	5a17dcd9-5ced-4a69-8069-23c7fd0649d1			primary	Infiltrating duct carcinoma, NOS		white	not hispanic or latino	Alive
TCGA-D8-A140	2585edbd-3488-4100-a4ab-a161252a31ee	Stage IIB		primary	Infiltrating duct carcinoma, NOS		white	not hispanic or latino	Alive
TCGA-D8-A141	42f6f503-4cf6-4a8e-b5fe-b44bccf6b38b			primary	Infiltrating duct carcinoma, NOS		white	not hispanic or latino	Alive
TCGA-D8-A142	ccb22ecc-6e18-44b8-ad48-6ab51314b16e	Stage IIB		primary	Infiltrating duct carcinoma, NOS		white	not hispanic or latino	Alive
TCGA-D8-A143	1c40b84e-a0e3-429f-a48c-21566cf881c0	Stage IIA		primary	Infiltrating duct carcinoma, NOS		white	not hispanic or latino	Alive
TCGA-D8-A145	4958c36f-1dc7-4f14-9dec-36e14107dbe3	Stage IIA		primary	Infiltrating duct carcinoma, NOS		white	not hispanic or latino	Alive
TCGA-D8-A146	03da7a65-fa2f-42cb-a709-5fe8736f21d3	Stage IIA		primary	Infiltrating duct carcinoma, NOS		white	not hispanic or latino	Alive
TCGA-D8-A147	fc18d029-9be2-4fa0-9aef-6d647dc55f0b			primary	Infiltrating duct carcinoma, NOS		white	not hispanic or latino	Alive
TCGA-D8-A1J8	62d70067-ff77-4f95-8b69-f537abaf74ce	Stage IIB		primary	Infiltrating duct carcinoma, NOS		white	not hispanic or latino	Alive
TCGA-D8-A1J9	d5e9a403-88ce-40fc-bb85-80cf3f8ff6bc	Stage IA		primary	Infiltrating duct carcinoma, NOS		white	not hispanic or latino	Alive
TCGA-D8-A1JA	9ced0c70-c46c-4f98-8f48-840defe4b8b1			primary	Infiltrating duct carcinoma, NOS		white	not hispanic or latino	Alive
TCGA-D8-A1JB	dd96a9c7-899c-47cd-a0f9-b149ed07a5d6	Stage IIB		primary	Infiltrating duct carcinoma, NOS		white	not hispanic or latino	Alive
TCGA-D8-A1JC	02e6f999-24f2-4ad2-9b92-df3ee2b082e5	Stage IIIA		primary	Infiltrating duct carcinoma, NOS		white	not hispanic or latino	Alive
TCGA-D8-A1JD	530ad151-703d-4638-851f-0b5111ff318b	Stage IIB		primary	Infiltrating duct carcinoma, NOS		white	not hispanic or latino	Alive
TCGA-D8-A1JE	115bc72c-116f-40c1-be9b-e3dd7650efae	Stage IIA		primary	Infiltrating duct carcinoma, NOS		white	not hispanic or latino	Alive
TCGA-D8-A1JF	dcd5e079-813a-4c1a-b320-0931468d2bbc	Stage IIIA		primary	Infiltrating duct carcinoma, NOS		white	not hispanic or latino	Alive
TCGA-D8-A1JG	7f2a63e6-64d5-4be1-9814-e8416fc9e688	Stage IIA		primary	Infiltrating duct carcinoma, NOS		white	not hispanic or latino	Alive
TCGA-D8-A1JH	4d1bf9e6-5837-4aed-b568-92f014ed5a4b	Stage IA		primary	Infiltrating duct carcinoma, NOS		white	not hispanic or latino	Alive
TCGA-D8-A1JI	baf2afc8-f16c-488f-947c-efc9083c6bef	Stage IIA		primary	Infiltrating duct carcinoma, NOS		white	not hispanic or latino	Alive
TCGA-D8-A1JJ	f7ab565c-83b5-4988-b9be-8a46f65dca8c	Stage IIA		primary	Infiltrating duct carcinoma, NOS		white	not hispanic or latino	Alive
TCGA-D8-A1JK	56203436-8634-4fd0-96b5-ba6be9d87857	Stage IIA		primary	Infiltrating duct carcinoma, NOS		white	not hispanic or latino	Alive
TCGA-D8-A1JL	aa4244a8-0454-4247-a1c3-357fd51746fa	Stage IIA		primary	Infiltrating duct carcinoma, NOS		white	not hispanic or latino	Alive
TCGA-D8-A1JM	3e775c99-ceda-4246-8d6f-0f58ca5097c8	Stage IIB		primary	Infiltrating duct carcinoma, NOS		white	not hispanic or latino	Alive
TCGA-D8-A1JN	28911b97-42bf-4189-9961-522fc0aeebc6	Stage IIIC		primary	Lobular carcinoma, NOS		white	not hispanic or latino	Alive
TCGA-D8-A1JP	752f4773-5a12-4485-a1f6-896e148ddf4d	Stage IA		primary	Infiltrating duct carcinoma, NOS		white	not hispanic or latino	Alive
TCGA-D8-A1JS	0d03055c-186b-418a-b614-e2035757bc3b	Stage IA		primary	Intraductal papillary adenocarcinoma with invasion		white	not hispanic or latino	Alive
TCGA-D8-A1JT	cd781589-3820-45a2-906b-8d60cd02f3ef	Stage IIA		primary	Infiltrating duct mixed with other types of carcinoma		white	not hispanic or latino	Alive
TCGA-D8-A1JU	af2a8e2f-2ae1-48bc-bba5-0e2c077c4e48	Stage IA		primary	Infiltrating duct carcinoma, NOS		white	not hispanic or latino	Alive
TCGA-D8-A1X5	eb93df3d-9e25-4e4c-9a5d-350f296e5acf	Stage IIIC		primary	Infiltrating duct carcinoma, NOS		white	not hispanic or latino	Alive
TCGA-D8-A1X6	42e47f3a-dff7-41e4-8f84-146d97e8ab72	Stage IIIA		primary	Infiltrating duct carcinoma, NOS		white	not hispanic or latino	Alive
TCGA-D8-A1X7	cdab777e-62de-4d51-92af-b6eb089c111f	Stage IIA		primary	Intraductal papillary adenocarcinoma with invasion		white	not hispanic or latino	Alive
TCGA-D8-A1X8	8624354c-af25-423c-9c71-48a5dd821097	Stage IIIA		primary	Lobular carcinoma, NOS		white	not hispanic or latino	Alive
TCGA-D8-A1X9	34a74805-300c-4773-ab59-2085fcc2e6cc	Stage IIB		primary	Infiltrating duct carcinoma, NOS		white	not hispanic or latino	Alive
TCGA-D8-A1XA	739cb132-51e9-41be-8064-311a13da0d74	Stage IA		primary	Infiltrating duct carcinoma, NOS		white	not hispanic or latino	Alive
TCGA-D8-A1XB	d2694b09-7844-4496-865c-5d3d8cd03330	Stage IIB		primary	Infiltrating duct carcinoma, NOS		white	not hispanic or latino	Alive
TCGA-D8-A1XC	ee14e049-b891-4dda-a730-8ce99bd93baf			metastasis	Mucinous adenocarcinoma		white	not hispanic or latino	Dead
TCGA-D8-A1XD	c4699748-f01d-4b30-9c74-1ca77fb84ac1	Stage IIIA		primary	Infiltrating duct carcinoma, NOS		white	not hispanic or latino	Alive
TCGA-D8-A1XF	6f6afd31-b5dd-48ab-b18f-6390ba18a5f0	Stage IIA		primary	Infiltrating duct carcinoma, NOS		white	not hispanic or latino	Alive
TCGA-D8-A1XG	de531604-bd1a-49df-96c2-6de3ae703f1d	Stage IIIB		primary	Infiltrating duct carcinoma, NOS		white	not hispanic or latino	Alive
TCGA-D8-A1XJ	cc510968-fe52-4109-a79f-74f216b48c78	Stage IIIA		primary	Infiltrating duct mixed with other types of carcinoma		white	not hispanic or latino	Alive
TCGA-D8-A1XK	97943d87-fed7-4f14-a0a7-c5bfee64c392	Stage IIB		primary	Infiltrating duct carcinoma, NOS		white	not hispanic or latino	Alive
TCGA-D8-A1XL	2b19a6b4-7a17-4452-b4aa-6fc18adc0c3c	Stage IIB		primary	Infiltrating duct carcinoma, NOS		white	not hispanic or latino	Alive
TCGA-D8-A1XM	92529232-8504-4541-b7e2-4df8f497c413	Stage IA		primary	Infiltrating duct carcinoma, NOS		white	not hispanic or latino	Alive
TCGA-D8-A1XO	6a186809-3422-41d0-83d2-867145830936	Stage IIB		primary	Lobular carcinoma, NOS		white	not hispanic or latino	Alive
TCGA-D8-A1XQ	3886b4fb-ba22-4a50-b11a-a6893951f170	Stage IIA		primary	Infiltrating duct carcinoma, NOS		white	not hispanic or latino	Alive
TCGA-D8-A1XR	70f34c5c-3671-44c8-9469-99f9786efec1	Stage IIB		primary	Infiltrating duct carcinoma, NOS		white	not hispanic or latino	Alive
TCGA-D8-A1XS	1026e0bf-5640-4fa5-b65f-4f11e8e76b18	Stage IIIC		primary	Invasive micropapillary carcinoma		white	not hispanic or latino	Alive
TCGA-D8-A1XT	64975923-d032-4182-8565-59fc37127d8d	Stage IIA		primary	Infiltrating duct carcinoma, NOS		white	not hispanic or latino	Alive
TCGA-D8-A1XU	332148f5-f070-4c20-8eb1-4d8c0673aa52	Stage IA		primary	Infiltrating duct carcinoma, NOS		white	not hispanic or latino	Alive
TCGA-D8-A1XV	87b85935-a058-44ad-8fb6-8511130eaffe	Stage IIA		primary	Mucinous adenocarcinoma		white	not hispanic or latino	Alive
TCGA-D8-A1XW	887b9e5b-99db-44ac-9c30-c0dc6877b41c	Stage IIA		primary	Infiltrating duct carcinoma, NOS		white	not hispanic or latino	Alive
TCGA-D8-A1XY	0130d616-885e-4a6c-9d03-2f17dd692a05	Stage IIA		primary	Infiltrating duct carcinoma, NOS		white	not hispanic or latino	Alive
TCGA-D8-A1XZ	2c90d5e3-ac8c-4c86-a06f-42ccc064eb49	Stage IIIA		primary	Infiltrating duct carcinoma, NOS		white	not hispanic or latino	Alive
TCGA-D8-A1Y0	ced2c048-b047-43ff-b0e7-cd7ad480850c	Stage IIIA		primary	Infiltrating duct carcinoma, NOS		white	not hispanic or latino	Alive
TCGA-D8-A1Y1	38a631a1-6875-4216-a335-ee93c90a86d6	Stage IIIA		primary	Infiltrating duct carcinoma, NOS		white	not hispanic or latino	Dead
TCGA-D8-A1Y2	c7d7a770-23c0-4310-ab48-1f6152dc2849	Stage IIA		primary	Infiltrating duct carcinoma, NOS		white	not hispanic or latino	Alive
TCGA-D8-A1Y3	632984bd-dc81-42b6-b024-476cfd0bb2ae	Stage IIIA		primary	Infiltrating duct carcinoma, NOS		white	not hispanic or latino	Alive
TCGA-D8-A27E	680f23a9-fcce-493e-b908-27c1ad202e4c	Stage IA		primary	Infiltrating duct mixed with other types of carcinoma		white	not hispanic or latino	Alive
TCGA-D8-A27F	1549dc64-3dab-43fc-96e9-b07d520957e1	Stage IIA		primary	Infiltrating duct carcinoma, NOS		white	not hispanic or latino	Alive
TCGA-D8-A27G	6f6e7356-3521-4674-8eec-ad01340d4b8e	Stage IIA		primary	Lobular carcinoma, NOS		white	not hispanic or latino	Alive
TCGA-D8-A27H	0dca98b0-f43e-45b6-9a02-00092c78678c	Stage IIA		primary	Infiltrating duct carcinoma, NOS		white	not hispanic or latino	Alive
TCGA-D8-A27I	9c55032f-4db7-4026-ae83-8d060dd8e3fe	Stage IIIA		primary	Lobular carcinoma, NOS		white	not hispanic or latino	Alive
TCGA-D8-A27K	7f97971b-2818-4e4b-9c9e-7c0246f9484c	Stage IIB		primary	Infiltrating duct carcinoma, NOS		white	not hispanic or latino	Alive
TCGA-D8-A27L	6020d1b4-ee20-4cc9-82a3-340b5e3122f1	Stage IIIA		primary	Infiltrating duct carcinoma, NOS		white	not hispanic or latino	Alive
TCGA-D8-A27M	ae65baeb-6b78-492a-8c63-bb7e93e83dc2	Stage IA		primary	Infiltrating duct carcinoma, NOS		white	not hispanic or latino	Alive
TCGA-D8-A27N	d5be2ab3-f748-480d-954b-385cf01b4c81	Stage IIIA		primary	Infiltrating duct carcinoma, NOS		white	not hispanic or latino	Alive
TCGA-D8-A27P	c54d5507-bba5-4a1e-8885-3c3b1eed13c1	Stage IA		primary	Infiltrating duct carcinoma, NOS		white	not hispanic or latino	Alive
TCGA-D8-A27R	0b23b5fe-6c7e-4297-bc55-f93fcb830ac4	Stage IIIC		primary	Infiltrating duct carcinoma, NOS		white	not hispanic or latino	Alive
TCGA-D8-A27T	27c1c094-690b-4973-8900-a797ad88f98c	Stage IIIC		primary	Lobular carcinoma, NOS		white	not hispanic or latino	Alive
TCGA-D8-A27V	ad6d26ab-6568-40db-bfb0-394d40e801cf	Stage IIA		primary	Lobular carcinoma, NOS		white	not hispanic or latino	Alive
TCGA-D8-A27W	bfa3dbc0-361c-400e-8c10-0aca7049fce9	Stage IIIB		primary	Mucinous adenocarcinoma		white	not hispanic or latino	Alive
TCGA-D8-A3Z5	77e25ae8-82ec-4dea-8e62-1176f27e47ba	Stage IIIC		primary	Lobular carcinoma, NOS		white	not hispanic or latino	Alive
TCGA-D8-A3Z6	a6e5f869-1182-4f81-b4bb-cf55261c8f3f	Stage IIIC		primary	Lobular carcinoma, NOS		white	not hispanic or latino	Alive
TCGA-D8-A4Z1	80419545-4e5d-4baf-8948-f84589b5ef3e	Stage IA		primary	Lobular carcinoma, NOS		white	not hispanic or latino	Alive
TCGA-D8-A73U	96f02be7-f2df-483c-8968-a5bd2d887206	Stage IIA		primary	Lobular carcinoma, NOS		white	not hispanic or latino	Alive
TCGA-D8-A73W	ea8dbc7a-54c6-469c-865e-f49d00b0223d			metastasis	Mucinous adenocarcinoma		white	not hispanic or latino	Dead
TCGA-D8-A73X	1be375fe-5ae5-4e75-a729-69f86a661d9a	Stage IIA		primary	Tubular adenocarcinoma		white	not hispanic or latino	Alive
TCGA-E2-A105	b0bcb829-cee0-4247-bb75-093a5bea89ee	Stage IIA		primary	Infiltrating duct carcinoma, NOS		white	not hispanic or latino	Alive
TCGA-E2-A106	87e09544-eddb-473b-8617-212407ce644e	Stage IB		primary	Infiltrating duct carcinoma, NOS		asian	not hispanic or latino	Alive
TCGA-E2-A107	eff2360e-399a-4167-ab2b-798e27bef739	Stage IIIA		primary	Lobular carcinoma, NOS		white	not hispanic or latino	Alive
TCGA-E2-A108	4f04bd10-9902-4a23-b15d-4f4409d79499	Stage IIIA		primary	Infiltrating duct carcinoma, NOS		white	not hispanic or latino	Alive
TCGA-E2-A109	f0787165-6f58-4d67-b510-928eea2c4882	Stage IIA		primary	Infiltrating duct carcinoma, NOS		white	not hispanic or latino	Alive
TCGA-E2-A10A	4da7abaf-ac7a-41c0-8033-5780a398545c	Stage IIB		primary	Infiltrating duct carcinoma, NOS		white	not hispanic or latino	Alive
TCGA-E2-A10B	f801aeed-dc43-49d7-a319-84c8851979d9	Stage IIB		primary	Infiltrating duct carcinoma, NOS		white	not hispanic or latino	Alive
TCGA-E2-A10C	9ac44381-5d43-4f63-aa3f-7703bfc923c9	Stage IIB		primary	Infiltrating duct carcinoma, NOS		white	not hispanic or latino	Alive
TCGA-E2-A10E	dc15a8ae-991e-421c-bc70-70e94f79dd17	Stage IIA		primary	Infiltrating duct carcinoma, NOS		white	not hispanic or latino	Alive
TCGA-E2-A10F	8e159b50-8136-42d4-b9c7-d579a74e4931	Stage IIA		primary	Lobular carcinoma, NOS		white	not hispanic or latino	Alive
TCGA-E2-A14N	752ad011-79e0-494f-9868-98bf6feb28f8	Stage IIB		primary	Infiltrating duct carcinoma, NOS		white	not hispanic or latino	Alive
TCGA-E2-A14O	fb356957-f620-4d99-b675-1355a1d9f932	Stage IIIA		primary	Infiltrating duct carcinoma, NOS		white	not hispanic or latino	Alive
TCGA-E2-A14P	e4fc0909-f284-4471-866d-d8967b6adcbc	Stage IIIC		primary	Infiltrating duct carcinoma, NOS		white	not hispanic or latino	Alive
TCGA-E2-A14Q	303a1d77-a37a-4966-a4a4-9981d99ba1b4	Stage IIB		primary	Infiltrating duct carcinoma, NOS		white	not hispanic or latino	Alive
TCGA-E2-A14R	4fba3deb-db94-44b5-a0f2-a575d270779e	Stage IIA		primary	Infiltrating duct carcinoma, NOS		white	not hispanic or latino	Alive
TCGA-E2-A14S	c2b104ee-f914-4e79-9e1b-56bf88157472	Stage I		primary	Infiltrating duct carcinoma, NOS		white	not hispanic or latino	Alive
TCGA-E2-A14T	e0929c47-cff3-4518-a188-8764af01073a	Stage IIA		primary	Infiltrating duct carcinoma, NOS		white	not hispanic or latino	Alive
TCGA-E2-A14U	23b7aaea-1119-4b10-aa1a-0ae255d2f2a6	Stage I		primary	Lobular carcinoma, NOS		white	not hispanic or latino	Alive
TCGA-E2-A14V	3144f1fb-4342-4079-bfe8-940da4bfd88e	Stage IIB		primary	Infiltrating duct carcinoma, NOS		white	not hispanic or latino	Alive
TCGA-E2-A14W	eadb0562-2165-4adb-ad58-018e73f82780	Stage IIA		primary	Infiltrating duct carcinoma, NOS		white	not hispanic or latino	Alive
TCGA-E2-A14X	60df7543-6da5-4c75-943b-5800c1e08234	Stage IIIA		primary	Infiltrating duct carcinoma, NOS		black or african american	not hispanic or latino	Alive
TCGA-E2-A14Y	a0576d44-9add-429b-9eeb-f7b234b7385f	Stage IIA		primary	Infiltrating duct carcinoma, NOS		white	not hispanic or latino	Alive
TCGA-E2-A14Z	d7ce6b79-f7c0-481e-9dbd-6273f01c9786			metastasis	Infiltrating duct carcinoma, NOS		white	not hispanic or latino	Dead
TCGA-E2-A150	4ac693e9-10f3-46b3-9d46-df3af7b0d259	Stage IIA		primary	Infiltrating duct carcinoma, NOS		white	not hispanic or latino	Alive
TCGA-E2-A152	a8015490-9740-45c9-8bd2-eb6d1beefc2e	Stage I		primary	Infiltrating duct carcinoma, NOS		white	not hispanic or latino	Alive
TCGA-E2-A153	be9bf36a-12e1-4386-addf-1686dc8b49de	Stage IIB		primary	Infiltrating duct carcinoma, NOS		white	not hispanic or latino	Alive
TCGA-E2-A154	24e39609-9645-43e5-960b-db5446eaea65	Stage I		primary	Infiltrating duct carcinoma, NOS		white	not hispanic or latino	Alive
TCGA-E2-A155	01f50abf-fc15-446e-9d07-edeecc545a32	Stage IIB		primary	Infiltrating duct carcinoma, NOS		white	not hispanic or latino	Alive
TCGA-E2-A156	f05d314c-5ec5-4e2a-b785-9a702716f111	Stage I		primary	Infiltrating duct carcinoma, NOS		white	not hispanic or latino	Alive
TCGA-E2-A158	a6edb6ca-ae9f-4da7-8ebe-92d83d2987fb	Stage I		Synchronous primary	Not Reported		white	not hispanic or latino	Alive
TCGA-E2-A159	d7308344-5bab-4073-bb4f-4d8cd8d7bd17	Stage IIA		primary	Infiltrating duct carcinoma, NOS		white	not hispanic or latino	Alive
TCGA-E2-A15A	73ccc949-01b7-48d3-a7c4-c4bcd261672a	Stage IIIC		primary	Infiltrating duct carcinoma, NOS		white	not hispanic or latino	Alive
TCGA-E2-A15C	da840a22-8d30-4682-bbd0-8fa87bd40528	Stage I		primary	Infiltrating duct carcinoma, NOS		white	not hispanic or latino	Alive
TCGA-E2-A15D	c85f080a-1075-41df-959f-1b514a11b3c4	Stage IIA		primary	Infiltrating duct carcinoma, NOS		white	not hispanic or latino	Alive
TCGA-E2-A15E	0a2a3529-f645-4967-9a58-89ee20b8bb62	Stage IIA		primary	Infiltrating duct carcinoma, NOS		white	not hispanic or latino	Alive
TCGA-E2-A15F	ec77a23d-84f5-47e4-bf2a-fa1c03baf3db	Stage I		primary	Infiltrating duct carcinoma, NOS		white	not hispanic or latino	Alive
TCGA-E2-A15G	271e8024-a008-4bf0-9f6e-177f60096b1b	Stage IIA		primary	Infiltrating duct and lobular carcinoma		white	not hispanic or latino	Alive
TCGA-E2-A15H	5580b21a-2cdb-4777-ad79-6e06654144f5	Stage IIA		primary	Infiltrating duct carcinoma, NOS		white	not hispanic or latino	Alive
TCGA-E2-A15I	64089c20-939f-48b4-ae8b-904ad0597145	Stage IIA		primary	Infiltrating duct carcinoma, NOS		white	not hispanic or latino	Alive
TCGA-E2-A15J	1fef9454-b3e8-4d9d-a9aa-aa1f1a32b80c	Stage I		primary	Infiltrating duct carcinoma, NOS		white	not hispanic or latino	Alive
TCGA-E2-A15K	17c1d42c-cb84-4655-a4cd-b54bae17ecaf	Stage IIB		primary	Infiltrating duct carcinoma, NOS		white	not hispanic or latino	Alive
TCGA-E2-A15L	37242f5a-25ae-4b1f-9ce6-09ce1dc92539	Stage IIA		primary	Lobular carcinoma, NOS		black or african american	not hispanic or latino	Alive
TCGA-E2-A15M	59be60a3-e0f6-4d63-b98c-574ef92428c4	Stage IIA		primary	Lobular carcinoma, NOS		white	not hispanic or latino	Dead
TCGA-E2-A15O	eafa45a4-2fd1-4fa3-860c-9d52ed382b7d	Stage IIA		Synchronous primary	Not Reported		black or african american	not hispanic or latino	Alive
TCGA-E2-A15P	a1674d7b-787a-45c4-bf16-1b7d0efce207	Stage IA		primary	Infiltrating duct carcinoma, NOS		white	not hispanic or latino	Alive
TCGA-E2-A15R	33b7bf50-53f4-4839-aa83-9665f85671d8	Stage IIA		primary	Infiltrating duct carcinoma, NOS		white	not hispanic or latino	Alive
TCGA-E2-A15S	0f7ab21b-1fd0-45e0-9a47-17c4691eb84f	Stage IIB		primary	Infiltrating duct carcinoma, NOS		white	not hispanic or latino	Alive
TCGA-E2-A15T	e68ebfd4-3688-4caa-9e38-7764f9258c30	Stage IIA		primary	Infiltrating duct carcinoma, NOS		white	not hispanic or latino	Alive
TCGA-E2-A1AZ	89128dba-403f-4a96-bb3b-23ed0d5e2147	Stage IIB		primary	Infiltrating duct carcinoma, NOS		white	hispanic or latino	Alive
TCGA-E2-A1B0	996bd3f0-d767-4eff-9c82-99fcb5a3006a	Stage IIIA		primary	Infiltrating duct carcinoma, NOS		white	not hispanic or latino	Alive
TCGA-E2-A1B1	8a0ef221-8070-43fc-9d98-def90abe4871	Stage IIB		primary	Infiltrating duct carcinoma, NOS		white	not hispanic or latino	Alive
TCGA-E2-A1B4	dbb2da92-99dd-400c-bc05-e87d7273656c	Stage IIIA		primary	Infiltrating duct carcinoma, NOS		white	not hispanic or latino	Dead
TCGA-E2-A1B5	7241b3d4-31ee-4fd2-a4a5-35a9d5f37d6a	Stage IIA		primary	Lobular carcinoma, NOS		white	not hispanic or latino	Alive
TCGA-E2-A1B6	e0b1bcd2-1139-44b9-98b3-67bcf92bcc39	Stage IIA		primary	Infiltrating duct carcinoma, NOS		white	not hispanic or latino	Alive
TCGA-E2-A1BC	d8492ebd-3d94-4a4b-8de7-386526691cc2	Stage IA		Synchronous primary	Infiltrating duct carcinoma, NOS		not reported	not reported	Alive
TCGA-E2-A1BD	0e1d0d46-7a7b-4538-95dd-b9fc20a15aec	Stage IIA		primary	Infiltrating duct carcinoma, NOS		white	not hispanic or latino	Alive
TCGA-E2-A1IE	2d0d7ff4-7866-4ae1-9cf1-a3c7f4cbe48d	Stage IIB		primary	Infiltrating duct carcinoma, NOS		white	not hispanic or latino	Alive
TCGA-E2-A1IF	718db047-9f32-48c4-98c9-515218441bca	Stage I		primary	Infiltrating duct carcinoma, NOS		white	not hispanic or latino	Alive
TCGA-E2-A1IG	bc0bc70f-c6cf-4dbc-9dc3-8b7bc5f381a4	Stage IIB		primary	Infiltrating duct carcinoma, NOS		white	not hispanic or latino	Alive
TCGA-E2-A1IH	ec0155ab-1b14-498d-8fa9-9f63e3ccb990	Stage I		primary	Lobular carcinoma, NOS		white	not hispanic or latino	Alive
TCGA-E2-A1II	0fe1419e-a005-407c-8ae7-15c4c1579539	Stage I		primary	Infiltrating duct carcinoma, NOS		white	not hispanic or latino	Alive
TCGA-E2-A1IJ	b09643c2-ded5-4346-b3c5-90a48f88a02e	Stage I		primary	Lobular carcinoma, NOS		white	not hispanic or latino	Alive
TCGA-E2-A1IK	becedbfd-b2aa-4dde-b7f4-29e6f59ec32c	Stage IIA		primary	Infiltrating duct carcinoma, NOS		white	not hispanic or latino	Alive
TCGA-E2-A1IL	b63391a0-73f8-4544-9e94-f6529245ca2a	Stage IIA		primary	Lobular carcinoma, NOS		white	not hispanic or latino	Alive
TCGA-E2-A1IN	f43d622f-eed5-4933-adc6-ae9ad1e33028	Stage I		primary	Infiltrating duct carcinoma, NOS		white	not hispanic or latino	Alive
TCGA-E2-A1IO	71fc8941-4cfb-47ea-a533-873d38f8c95c	Stage I		primary	Infiltrating duct carcinoma, NOS		white	not hispanic or latino	Alive
TCGA-E2-A1IU	001cef41-ff86-4d3f-a140-a647ac4b10a1	Stage IA		primary	Infiltrating duct carcinoma, NOS		white	not hispanic or latino	Alive
TCGA-E2-A1L6	2e32f31f-9817-4935-b259-96c59936ee33	Stage IIA		primary	Infiltrating duct carcinoma, NOS		white	not hispanic or latino	Alive
TCGA-E2-A1L7	791c5768-f0f5-4ab6-86eb-998e5c4b49e3	Stage IIIA		primary	Infiltrating duct carcinoma, NOS		white	not hispanic or latino	Alive
TCGA-E2-A1L8	eebad74f-5961-4e91-b0eb-157a2f6f952b			Synchronous primary	Not Reported		black or african american	not hispanic or latino	Alive
TCGA-E2-A1L9	5ea18514-51ad-4844-abea-15e82f0b10c9	Stage IIA		primary	Infiltrating duct carcinoma, NOS		white	not hispanic or latino	Alive
TCGA-E2-A1LA	ce9e0309-9756-42d2-ae94-d91264a79498	Stage IIA		primary	Infiltrating duct carcinoma, NOS		not reported	not hispanic or latino	Alive
TCGA-E2-A1LB	fa176764-a76f-44c7-b97a-cd6d21e052be	Stage IIB		primary	Infiltrating duct carcinoma, NOS		black or african american	not hispanic or latino	Alive
TCGA-E2-A1LE	7317e605-93ba-49a9-8743-20613b02767a	Stage IIIC		primary	Infiltrating duct carcinoma, NOS		white	not hispanic or latino	Dead
TCGA-E2-A1LG	ef4cbd38-bc79-4d60-a715-647edd2ebe9e	Stage IIA		primary	Lobular carcinoma, NOS		black or african american	not hispanic or latino	Alive
TCGA-E2-A1LH	d8ecba6a-9fff-4993-a799-9a8d2aea524e	Stage I		primary	Infiltrating duct carcinoma, NOS		white	not hispanic or latino	Alive
TCGA-E2-A1LI	3558dec7-eae3-4a41-a217-266c6a4535fb	Stage IIB		primary	Infiltrating duct carcinoma, NOS		white	not hispanic or latino	Alive
TCGA-E2-A1LK	1d27253f-b036-44e7-a04d-8da5bbf57419			recurrence	Infiltrating duct carcinoma, NOS		black or african american	not hispanic or latino	Dead
TCGA-E2-A1LL	2a84997d-ccee-4f46-bea2-752534f26416			metastasis	Infiltrating duct carcinoma, NOS		black or african american	not hispanic or latino	Alive
TCGA-E2-A1LS	91a2f2af-e4b1-4a0b-ab20-6a36ce63c533	Stage IA		primary	Infiltrating duct carcinoma, NOS		white	not reported	Alive
TCGA-E2-A2P5	f0de67ff-8967-4fce-9c12-0e07193285cd			Synchronous primary	Intraductal carcinoma, noninfiltrating, NOS		black or african american	not hispanic or latino	Dead
TCGA-E2-A2P6	f83b866b-0b2e-4bba-9367-be6dccf56232	Stage IIB		primary	Lobular carcinoma, NOS		not reported	hispanic or latino	Alive
TCGA-E2-A3DX	31427699-e27a-4035-8925-6d8d6900d097	Stage IIIC		primary	Lobular carcinoma, NOS		white	not hispanic or latino	Alive
TCGA-E2-A56Z	45c3975c-d333-4237-93f7-e12dc2451c38	Stage IIB		primary	Infiltrating duct carcinoma, NOS		black or african american	not hispanic or latino	Alive
TCGA-E2-A570	cdd8c046-fd97-482a-a11f-2217b321c4d1	Stage IB		primary	Infiltrating duct carcinoma, NOS		black or african american	not hispanic or latino	Alive
TCGA-E2-A572	06ef6e83-5583-45b9-a0bd-edea68943083	Stage IIIA		primary	Infiltrating duct carcinoma, NOS		black or african american	not hispanic or latino	Alive
TCGA-E2-A573	6429c443-8ac3-407f-bb9c-66420b904bbf	Stage IA		primary	Infiltrating duct carcinoma, NOS		black or african american	not hispanic or latino	Alive
TCGA-E2-A574	029ce650-5e5a-4100-8596-cd94300e7ef5	Stage IIA		primary	Infiltrating duct carcinoma, NOS		black or african american	not hispanic or latino	Alive
TCGA-E2-A576	f04dca9e-409b-4300-b11d-12243e5d361d	Stage IA		primary	Lobular carcinoma, NOS		black or african american	not hispanic or latino	Alive
TCGA-E2-A9RU	6f18f96e-c0c9-4cc4-9fb2-cba8949d5402	Stage IIIC		primary	Infiltrating duct carcinoma, NOS		black or african american	not hispanic or latino	Alive
TCGA-E9-A1N3	03c143e0-d8a1-4d60-a4a3-df0501fc6b6e	Stage IIIA		primary	Infiltrating duct and lobular carcinoma		white	not hispanic or latino	Alive
TCGA-E9-A1N4	69a68fbc-e43d-4652-85ee-693211bded47	Stage IIIA		primary	Lobular carcinoma, NOS		white	not hispanic or latino	Alive
TCGA-E9-A1N5	f954de05-1b44-4087-8933-6cc72d81028d	Stage IIB		primary	Infiltrating duct and lobular carcinoma		white	not hispanic or latino	Alive
TCGA-E9-A1N6	955d4263-61f7-42e8-8a6e-772a0d6c209d			recurrence	Infiltrating duct carcinoma, NOS		white	not hispanic or latino	Dead
TCGA-E9-A1N8	ac075bc0-1b59-4557-beea-541694faee03	Stage IIA		primary	Infiltrating duct carcinoma, NOS		white	not hispanic or latino	Alive
TCGA-E9-A1N9	994ca1f5-ad10-44ec-aa21-71fc2940653b	Stage IIA		primary	Infiltrating duct and lobular carcinoma		white	not hispanic or latino	Alive
TCGA-E9-A1NA	af577366-0258-49e7-b6af-e70056c081a4	Stage IIA		primary	Infiltrating duct and lobular carcinoma		white	not hispanic or latino	Alive
TCGA-E9-A1NC	e74aea7c-ca14-49df-b5cf-dacb839ac27a	Stage IIB		primary	Infiltrating duct and lobular carcinoma		white	not hispanic or latino	Alive
TCGA-E9-A1ND	f06f09f3-8133-4a92-ac86-fbe64295e0d8	Stage IIB		primary	Infiltrating duct carcinoma, NOS		white	not hispanic or latino	Alive
TCGA-E9-A1NE	3d676bba-154b-4d22-ab59-d4d4da051b94	Stage IIB		primary	Infiltrating duct and lobular carcinoma		white	not hispanic or latino	Alive
TCGA-E9-A1NF	a8b1f6e7-2bcf-460d-b1c6-1792a9801119			metastasis	Infiltrating duct and lobular carcinoma		white	not hispanic or latino	Dead
TCGA-E9-A1NG	659b0170-e914-45ff-aa55-fcb8d3dc7b8a	Stage IIA		primary	Infiltrating duct carcinoma, NOS		white	not hispanic or latino	Dead
TCGA-E9-A1NH	b2aac45b-2073-4c7a-adb9-769a4fdcc111	Stage IIB		primary	Infiltrating duct carcinoma, NOS		white	not hispanic or latino	Alive
TCGA-E9-A1NI	c65b835a-2d38-4250-a173-0780d2c2cf58	Stage IIA		primary	Infiltrating duct and lobular carcinoma		white	not hispanic or latino	Alive
TCGA-E9-A1QZ	b6b932ce-6856-4d94-9e6c-16dfbe51906f	Stage IIA		primary	Infiltrating duct carcinoma, NOS		white	not hispanic or latino	Alive
TCGA-E9-A1R0	f2da1d3f-f226-4c99-a97e-9b26f67d7a5d	Stage IIA		primary	Infiltrating duct carcinoma, NOS		white	not hispanic or latino	Alive
TCGA-E9-A1R2	8631969d-4ac6-4fe1-9db3-d47db604494a	Stage IIIC		primary	Infiltrating duct carcinoma, NOS		white	not hispanic or latino	Alive
TCGA-E9-A1R3	4922cddc-575c-4b8a-8245-ce5f6876760c	Stage IIIC		primary	Infiltrating duct carcinoma, NOS		white	not hispanic or latino	Alive
TCGA-E9-A1R4	b7a4df9a-4e25-4550-9c10-338ca1921c2f	Stage IA		primary	Infiltrating duct carcinoma, NOS		white	not hispanic or latino	Alive
TCGA-E9-A1R5	23c21dea-3713-408f-ba56-f7c586e9f206	Stage IA		primary	Infiltrating duct carcinoma, NOS		white	not hispanic or latino	Alive
TCGA-E9-A1R6	4842bac3-abaa-4900-871f-f2c3ba6457f5	Stage IIA		primary	Infiltrating duct carcinoma, NOS		white	not hispanic or latino	Alive
TCGA-E9-A1R7	2680da86-c977-4611-b75f-df015283c023	Stage IIA		primary	Infiltrating duct carcinoma, NOS		white	not hispanic or latino	Alive
TCGA-E9-A1RA	4b4e4ea8-6eb9-49ad-b880-c5065fe6517f	Stage IA		primary	Infiltrating duct carcinoma, NOS		white	not hispanic or latino	Alive
TCGA-E9-A1RB	94b95984-b2fb-4e42-8887-45e7086c3179	Stage IIA		primary	Infiltrating duct carcinoma, NOS		white	not hispanic or latino	Dead
TCGA-E9-A1RC	5cdae21d-eee5-478f-932a-0f51fcf5f031	Stage IIIC		primary	Infiltrating duct and lobular carcinoma		white	not hispanic or latino	Alive
TCGA-E9-A1RD	5fe3c51f-65e2-4da6-8924-a6fae17c022d	Stage IIA		primary	Infiltrating duct carcinoma, NOS		white	not hispanic or latino	Alive
TCGA-E9-A1RE	24046547-d038-4616-b190-52ac93f4965f	Stage IIIA		primary	Infiltrating duct carcinoma, NOS		white	not hispanic or latino	Alive
TCGA-E9-A1RF	c694615c-b1c6-499c-8058-995633ebf948	Stage IIIA		primary	Infiltrating duct carcinoma, NOS		white	not hispanic or latino	Alive
TCGA-E9-A1RG	8744733a-7b46-43aa-bdef-64876816adbb	Stage IIIA		primary	Infiltrating duct carcinoma, NOS		white	not hispanic or latino	Alive
TCGA-E9-A1RH	408cb583-6dc3-4698-8bd2-e284042bd5ef	Stage IIA		primary	Infiltrating duct carcinoma, NOS		white	not hispanic or latino	Alive
TCGA-E9-A1RI	dd3bfb26-b534-4917-9c4d-9fe7b6477762	Stage IIIA		primary	Infiltrating duct and lobular carcinoma		white	not hispanic or latino	Alive
TCGA-E9-A226	dd67408e-46ba-4573-9415-d4814e9f84de	Stage IIIA		primary	Infiltrating duct carcinoma, NOS		white	not hispanic or latino	Dead
TCGA-E9-A227	89a8da07-4487-47c6-8d3c-442a87e4f632	Stage IIB		primary	Infiltrating duct carcinoma, NOS		white	not hispanic or latino	Alive
TCGA-E9-A228	b95eef8a-205f-4cf8-9d3c-ae51d406e1e0	Stage IIB		primary	Infiltrating duct carcinoma, NOS		white	not hispanic or latino	Alive
TCGA-E9-A229	cea9d8f9-e18c-4947-a461-5f712e3c1e6d	Stage IA		primary	Infiltrating duct carcinoma, NOS		white	not hispanic or latino	Alive
TCGA-E9-A22A	4aacbc42-5ac5-4339-b9fa-c6e812084837	Stage IIA		primary	Infiltrating duct carcinoma, NOS		white	not hispanic or latino	Alive
TCGA-E9-A22B	b956df1b-bc77-4bdb-a5bd-5dda7b4c8da7	Stage IA		primary	Infiltrating duct and lobular carcinoma		white	not hispanic or latino	Alive
TCGA-E9-A22D	cf0a3f38-5850-44e1-8574-808bd37d84a3	Stage IIA		primary	Infiltrating duct carcinoma, NOS		white	not hispanic or latino	Alive
TCGA-E9-A22E	64d4dfae-8d91-464b-adc3-80ba7caf54ae	Stage IIIA		primary	Infiltrating duct carcinoma, NOS		white	not hispanic or latino	Alive
TCGA-E9-A22G	56033839-35d5-4d72-8b8c-400cb345263d	Stage IIA		primary	Infiltrating duct carcinoma, NOS		white	not hispanic or latino	Alive
TCGA-E9-A22H	161917b8-88ad-407b-ade6-d6b98478b359	Stage IIB		primary	Infiltrating duct carcinoma, NOS		white	not hispanic or latino	Alive
TCGA-E9-A243	d4a1ecdc-399c-4f82-aa7a-68a0c82ded3f			metastasis	Infiltrating duct carcinoma, NOS		white	not hispanic or latino	Alive
TCGA-E9-A244	a4c59287-1ad5-46a5-8040-e591e6ce064f	Stage IIA		primary	Infiltrating duct carcinoma, NOS		white	not hispanic or latino	Alive
TCGA-E9-A245	8218119a-f68b-4ea7-9ee4-5e2edc2ae342	Stage IIB		primary	Infiltrating duct carcinoma, NOS		white	not hispanic or latino	Dead
TCGA-E9-A247	636b0a90-c8c2-4ad6-a77d-6cd428a826d1	Stage IA		primary	Infiltrating duct carcinoma, NOS		white	not hispanic or latino	Alive
TCGA-E9-A248	539bbbed-43fb-4fef-9c67-6406f58b186a	Stage IIA		primary	Infiltrating duct carcinoma, NOS		white	not hispanic or latino	Alive
TCGA-E9-A249	fb3607eb-858e-4ecd-8477-95140658c6d2	Stage IIA		primary	Infiltrating duct carcinoma, NOS		white	not hispanic or latino	Alive
TCGA-E9-A24A	9f3cc92b-fa22-478e-a2e4-6b4c8afb93d6	Stage IIA		primary	Infiltrating duct carcinoma, NOS		white	not hispanic or latino	Alive
TCGA-E9-A295	fec0da58-1047-44d2-b6d1-c18cceed43dc	Stage IIA		primary	Lobular carcinoma, NOS		white	not hispanic or latino	Alive
TCGA-E9-A2JS	4a831893-f4ca-4357-a756-b5e954e35dd7			metastasis	Lobular carcinoma, NOS		white	not hispanic or latino	Dead
TCGA-E9-A2JT	b35fbe19-0e6d-427e-b9be-ee3527b5fca6	Stage IIA		primary	Lobular carcinoma, NOS		white	not hispanic or latino	Alive
TCGA-E9-A3HO	807b62ed-d3f7-4211-83be-754386ff2c96	Stage IIA		primary	Lobular carcinoma, NOS		white	not hispanic or latino	Alive
TCGA-E9-A3Q9	e36e985d-2c44-4e14-854a-7dbca4bb0304	Stage IIIC		primary	Lobular carcinoma, NOS		white	not hispanic or latino	Alive
TCGA-E9-A3QA	f3cb557d-23e4-4fd1-81ca-db1a3f56d56e	Stage IIA		primary	Medullary carcinoma, NOS		white	not hispanic or latino	Alive
TCGA-E9-A3X8	95873e61-afdb-496c-9f77-3f9beb008cda	Stage IIB		primary	Lobular carcinoma, NOS		white	not hispanic or latino	Alive
TCGA-E9-A54X	3dbc8d60-3a97-47b2-91d0-c18fb46b4365	Stage IA		primary	Mucinous adenocarcinoma		white	not hispanic or latino	Alive
TCGA-E9-A54Y	182c4bdf-2c58-4303-b034-459da86b9d90	Stage IIIA		primary	Lobular carcinoma, NOS		white	not hispanic or latino	Alive
TCGA-E9-A5FK	b304302a-f2b9-4cd7-ab14-c21edf7778ea	Stage IIIC		primary	Lobular carcinoma, NOS		white	not hispanic or latino	Alive
TCGA-E9-A5FL	e3935ce4-64d3-4a66-ba11-d308b844b410	Stage IIB		primary	Metaplastic carcinoma, NOS		white	not hispanic or latino	Alive
TCGA-E9-A5UO	ed2617c3-5d3b-4688-9283-0f8a10e0b10d	Stage IIA		primary	Mucinous adenocarcinoma		white	not hispanic or latino	Alive
TCGA-E9-A5UP	a412b374-4d25-491f-b76f-ddaa989acf59	Stage IIA		primary	Intraductal papillary adenocarcinoma with invasion		white	not hispanic or latino	Alive
TCGA-E9-A6HE	7e9c8d3c-790c-46ad-8f31-b557b7c26f69	Stage IIIC		primary	Lobular carcinoma, NOS		white	not hispanic or latino	Alive
TCGA-EW-A1IW	5e2cbc56-97f9-4b94-ade2-a3f739bcc7be	Stage IIB		primary	Lobular carcinoma, NOS		white	hispanic or latino	Alive
TCGA-EW-A1IX	e8614b7d-132e-4b4e-b1ae-df8bb4f2d4d4	Stage IIA		primary	Infiltrating lobular mixed with other types of carcinoma		asian	hispanic or latino	Alive
TCGA-EW-A1IY	5ff12cbe-a3e0-4ce6-8452-12b984a1baaf	Stage I		primary	Infiltrating duct carcinoma, NOS		asian	not hispanic or latino	Alive
TCGA-EW-A1IZ	c0f88fc5-56b0-4255-bbd1-9a21ced8b37b	Stage IIIA		primary	Infiltrating duct carcinoma, NOS		white	not hispanic or latino	Alive
TCGA-EW-A1J1	ed6cef77-1bd9-4e3b-b576-550a91e4253a	Stage IIB		primary	Infiltrating duct carcinoma, NOS		white	hispanic or latino	Alive
TCGA-EW-A1J2	a381275f-8858-4793-a8a2-0ca9db7274c8			primary	Lobular carcinoma, NOS		black or african american	not hispanic or latino	Alive
TCGA-EW-A1J3	bb1de798-0c02-437e-b539-33cb556d3993	Stage IA		primary	Lobular carcinoma, NOS		white	hispanic or latino	Alive
TCGA-EW-A1J5	5d8ed961-a012-4b6b-bffb-9468d3953646			Synchronous primary	Infiltrating duct carcinoma, NOS		white	not hispanic or latino	Alive
TCGA-EW-A1J6	87281a89-91d2-44f7-9f80-668567ad5c72	Stage I		primary	Infiltrating duct carcinoma, NOS		white	hispanic or latino	Alive
TCGA-EW-A1OV	ac68d219-5670-4ddd-8df6-8aa7ad59e5c7	Stage IIB		primary	Infiltrating duct carcinoma, NOS		white	hispanic or latino	Alive
TCGA-EW-A1OW	f55dd73d-8c36-440b-84e5-9aae53107775	Stage IIA		primary	Basal cell carcinoma, NOS		black or african american	not hispanic or latino	Alive
TCGA-EW-A1OX	5fc7ff35-d3f7-4687-8759-3542bd58e988	Stage IIA		primary	Infiltrating duct mixed with other types of carcinoma		white	hispanic or latino	Alive
TCGA-EW-A1OY	53ff5893-7d5e-4bcb-be9c-665fa34b7824	Stage IIA		primary	Infiltrating duct carcinoma, NOS		white	hispanic or latino	Alive
TCGA-EW-A1OZ	8f912a40-3251-4e1f-ae65-1f93d71f9881	Stage IIA		primary	Infiltrating duct carcinoma, NOS		black or african american	not hispanic or latino	Alive
TCGA-EW-A1P0	81e32f39-3aa0-468b-87ed-dd2eb6165ddf			metastasis	Infiltrating duct mixed with other types of carcinoma		white	not hispanic or latino	Alive
TCGA-EW-A1P1	f2e28af9-c40e-41c4-9e82-205cca38f26a			metastasis	Infiltrating duct carcinoma, NOS		white	hispanic or latino	Alive
TCGA-EW-A1P3	1ff85ada-3cdd-4afb-b311-2c7befb52702	Stage IIA		primary	Infiltrating duct carcinoma, NOS		white	not hispanic or latino	Alive
TCGA-EW-A1P4	521e2140-ae5b-456f-8699-97398d009687	Stage IIA		primary	Medullary carcinoma, NOS		white	hispanic or latino	Alive
TCGA-EW-A1P5	53d0af48-d7ea-42c9-8695-c614b89b415b	Stage IIB		primary	Infiltrating duct carcinoma, NOS		white	not hispanic or latino	Alive
TCGA-EW-A1P6	ee5744c0-a8dc-43f2-abdd-0b5529a3e9fb	Stage IIB		primary	Infiltrating duct carcinoma, NOS		white	hispanic or latino	Alive
TCGA-EW-A1P7	01674b2c-5cf2-478f-84a1-f69c39f47bd4	Stage IIA		primary	Infiltrating duct carcinoma, NOS		white	hispanic or latino	Alive
TCGA-EW-A1P8	359f12f9-5c41-48a4-85bc-fd7e307bf7d8	Stage IIIC		primary	Infiltrating duct carcinoma, NOS		white	not hispanic or latino	Dead
TCGA-EW-A1PA	4cfef7f9-f1ee-401c-a2a3-c225d4adc3b6	Stage IIB		primary	Infiltrating duct carcinoma, NOS		white	hispanic or latino	Alive
TCGA-EW-A1PB	88db1340-e4bf-451a-87c0-6e9168296f5e	Stage IIIA		primary	Infiltrating duct carcinoma, NOS		black or african american	not hispanic or latino	Alive
TCGA-EW-A1PC	f45210d3-9e66-4f5e-bef1-5ee5547cc893	Stage IIB		primary	Infiltrating duct carcinoma, NOS		black or african american	not hispanic or latino	Alive
TCGA-EW-A1PD	4dfc233b-ed03-4825-8089-e04cdee99996	Stage IIA		primary	Infiltrating duct carcinoma, NOS		white	hispanic or latino	Alive
TCGA-EW-A1PE	f3b86c02-09a5-4e97-aa7a-86f13f7cda4b	Stage IIA		primary	Invasive micropapillary carcinoma		white	hispanic or latino	Alive
TCGA-EW-A1PF	848773a3-2f4a-4186-ab3f-de667129accf	Stage IA		primary	Infiltrating duct carcinoma, NOS		white	hispanic or latino	Alive
TCGA-EW-A1PG	da286247-e8bb-4941-a2af-2453fe61cd02	Stage IIB		primary	Lobular carcinoma, NOS		white	hispanic or latino	Alive
TCGA-EW-A1PH	4da999a0-ef41-4a0b-b1d1-446b39cc855a	Stage IIA		primary	Infiltrating duct carcinoma, NOS		white	hispanic or latino	Alive
TCGA-EW-A2FR	af97e043-88cb-4f99-8f8b-9bcbcccdf842	Stage IIIC		primary	Infiltrating duct carcinoma, NOS		black or african american	not hispanic or latino	Alive
TCGA-EW-A2FS	d34471a1-b367-4f8a-b35a-c5901c4f5503	Stage IIB		primary	Infiltrating duct carcinoma, NOS		black or african american	not hispanic or latino	Alive
TCGA-EW-A2FV	f45aa0b2-f3de-4db5-9730-e5c6c4e2ed3a	Stage IIIC		primary	Invasive micropapillary carcinoma		white	hispanic or latino	Alive
TCGA-EW-A2FW	e6f527a2-38eb-457e-bb39-3c5b9c0bcbec	Stage IIA		primary	Intraductal papillary adenocarcinoma with invasion		white	hispanic or latino	Alive
TCGA-EW-A3E8	c0b7b798-3383-4a45-a455-9eca5810739e	Stage IIB		primary	Lobular carcinoma, NOS		white	hispanic or latino	Alive
TCGA-EW-A3U0	d9dc3b59-613d-469e-8b4f-6c5a557eb26a	Stage IIIA		primary	Infiltrating duct carcinoma, NOS		black or african american	not hispanic or latino	Alive
TCGA-EW-A423	bdd08ec8-8892-4273-8f21-6fde0f23c52d	Stage IIA		primary	Lobular carcinoma, NOS		white	hispanic or latino	Alive
TCGA-EW-A424	a6502f17-6bee-4d5a-8520-06364593d39c	Stage IIIA		primary	Lobular carcinoma, NOS		white	hispanic or latino	Alive
TCGA-EW-A6S9	9676e46b-8f29-43cd-ab65-eb6a535cced4	Stage IIA		primary	Infiltrating duct carcinoma, NOS		black or african american	not hispanic or latino	Alive
TCGA-EW-A6SA	aba5f46a-e67a-4cd2-9c52-c0686968ff04	Stage II		primary	Infiltrating duct carcinoma, NOS		black or african american	not hispanic or latino	Alive
TCGA-EW-A6SB	5c59028f-b8fa-4811-8314-be3eaed5f364	Stage II		primary	Infiltrating duct carcinoma, NOS		black or african american	not hispanic or latino	Alive
TCGA-EW-A6SC	97862b8e-9f76-4b19-a865-156a9c00fb1e	Stage IIA		primary	Lobular carcinoma, NOS		black or african american	not hispanic or latino	Alive
TCGA-EW-A6SD	42378dbc-a123-4cf9-8502-165e89fda271	Stage IIB		primary	Infiltrating duct carcinoma, NOS		black or african american	hispanic or latino	Alive
TCGA-GI-A2C8	33fe5833-d7a0-43d7-a03d-56985ea448a6	Stage IIIB		primary	Infiltrating duct carcinoma, NOS		white	not hispanic or latino	Alive
TCGA-GI-A2C9	9f6be944-83de-42ab-8738-f0022f475e61	Stage IIB		primary	Infiltrating duct carcinoma, NOS		black or african american	not hispanic or latino	Alive
TCGA-GM-A2D9	1133b8a9-6b11-4511-b70a-f200e3b8b5db			metastasis	Infiltrating duct carcinoma, NOS		white	not hispanic or latino	Dead
TCGA-GM-A2DA	c07b122e-ac50-4db2-add2-5617a5d0e976			metastasis	Infiltrating duct carcinoma, NOS		white	not hispanic or latino	Dead
TCGA-GM-A2DB	6e6b7742-a562-490b-bb72-04a5653852e4	Stage IIA		primary	Infiltrating duct carcinoma, NOS		white	not hispanic or latino	Alive
TCGA-GM-A2DC	dd43ffd9-da18-4ad3-abe7-6f443c76a717	Stage IIA		primary	Infiltrating duct carcinoma, NOS		white	not hispanic or latino	Alive
TCGA-GM-A2DD	b343bfe0-7c23-4c6a-8c84-9ee39db2ecda	Stage I		Synchronous primary	Infiltrating duct carcinoma, NOS		white	not hispanic or latino	Alive
TCGA-GM-A2DF	d6f7afc0-1558-43ad-acb1-2b5311ed2264	Stage IIA		primary	Infiltrating duct carcinoma, NOS		black or african american	not hispanic or latino	Alive
TCGA-GM-A2DH	5700c1b3-922a-4401-8ab8-89028908d696	Stage I		primary	Infiltrating duct carcinoma, NOS		white	not hispanic or latino	Alive
TCGA-GM-A2DI	66fa504c-4ae4-49ac-9355-1e063776dc0d	Stage I		primary	Infiltrating duct carcinoma, NOS		white	not hispanic or latino	Alive
TCGA-GM-A2DK	3a0775a0-61ae-43f2-b5f6-629a44355c2f	Stage I		primary	Infiltrating duct carcinoma, NOS		white	not hispanic or latino	Alive
TCGA-GM-A2DL	a76774fe-7298-4d68-a2b2-c1bad93f0c31	Stage I		primary	Infiltrating duct carcinoma, NOS		white	not hispanic or latino	Alive
TCGA-GM-A2DM	753d5d49-3b40-4737-9d4c-b1ec29cc2692	Stage IIA		primary	Infiltrating duct carcinoma, NOS		white	hispanic or latino	Alive
TCGA-GM-A2DN	56bbd282-b88d-4730-9242-ab97d08dc83a	Stage IIA		primary	Infiltrating duct carcinoma, NOS		white	not hispanic or latino	Alive
TCGA-GM-A2DO	5fd37868-4762-4109-9dcf-6fdbab5b645d	Stage 0		Synchronous primary	Lobular carcinoma in situ, NOS		black or african american	not hispanic or latino	Alive
TCGA-GM-A3NW	6ddaee34-46eb-490c-bd13-f0ab963c4322	Stage IIA		primary	Lobular carcinoma, NOS		white	not hispanic or latino	Alive
TCGA-GM-A3NY	bd5374c9-7f36-457f-b66b-7cc7ff64224e	Stage IIB		primary	Lobular carcinoma, NOS		white	not hispanic or latino	Alive
TCGA-GM-A3XG	6f0fd68f-ed6a-4c9e-be02-c97ba4950f76	Stage IIIA		primary	Lobular carcinoma, NOS		white	not hispanic or latino	Alive
TCGA-GM-A3XL	65cac997-4d39-4501-85ec-4fcb328a8eb5	Stage IIA		primary	Infiltrating duct carcinoma, NOS		black or african american	not hispanic or latino	Alive
TCGA-GM-A3XN	0930e97a-72ea-4bd5-b2f0-50c76af695f3	Stage IIIA		primary	Lobular carcinoma, NOS		white	not hispanic or latino	Alive
TCGA-GM-A4E0	6397d7bc-9cb1-4a84-81ad-76954e0a8cee	Stage IIIC		primary	Lobular carcinoma, NOS		white	not hispanic or latino	Alive
TCGA-GM-A5PV	67c8dc41-edcb-4563-96b3-3f93f9edcbe9	Stage IIB		primary	Lobular carcinoma, NOS		white	not hispanic or latino	Alive
TCGA-GM-A5PX	f7064d01-29d8-49a2-ad60-1e0c5f148f3e	Stage IIB		primary	Lobular carcinoma, NOS		white	not hispanic or latino	Alive
TCGA-HN-A2NL	124b693c-77dc-4fa8-b703-54e8b5054a92	Stage IIA		primary	Lobular carcinoma, NOS		not reported	not reported	Alive
TCGA-HN-A2OB	61204cdf-3b1c-44a1-bda6-0fef1ac4a333			metastasis	Lobular carcinoma, NOS		not reported	not reported	Dead
TCGA-JL-A3YW	a2434f47-2168-47d0-9bbb-981071597843	Stage IIB		primary	Lobular carcinoma, NOS		asian	not hispanic or latino	Alive
TCGA-JL-A3YX	75f6e476-233a-409c-a3ef-0240be569813	Stage IIA		primary	Lobular carcinoma, NOS		asian	not hispanic or latino	Alive
TCGA-LD-A66U	38dc3e09-0b0e-4a29-b318-cc0352013dae	Stage IIB		primary	Lobular carcinoma, NOS		white	not hispanic or latino	Alive
TCGA-LD-A74U	38a4e9bd-93e9-432d-a756-3b1055b823bd	Stage IIIC		primary	Infiltrating lobular mixed with other types of carcinoma		white	not hispanic or latino	Alive
TCGA-LD-A7W5	a06ff6ae-b0dd-4516-a75c-0db71694b46b	Stage IIIC		primary	Infiltrating duct carcinoma, NOS		black or african american	not hispanic or latino	Alive
TCGA-LD-A7W6	0b0f9938-ce1e-4814-8821-0132d137eb9e	Stage IIB		primary	Infiltrating lobular mixed with other types of carcinoma		white	not hispanic or latino	Alive
TCGA-LD-A9QF	95c53ecf-d8f1-4bcb-9b1a-c9a0542939f0	Stage IA		primary	Infiltrating duct carcinoma, NOS		black or african american	not hispanic or latino	Alive
TCGA-LL-A440	00b11ca8-8540-4a3d-b602-ec754b00230b	Stage 0		Synchronous primary	Intraductal carcinoma, noninfiltrating, NOS		white	not hispanic or latino	Alive
TCGA-LL-A441	69fc24fc-cfe2-487a-935f-1a954b30b709	Stage IA		primary	Infiltrating duct carcinoma, NOS		black or african american	not hispanic or latino	Alive
TCGA-LL-A442	3f56d67f-5a9c-4353-9408-e7f60eb6477b			Prior primary	Intraductal carcinoma, noninfiltrating, NOS		black or african american	not hispanic or latino	Alive
TCGA-LL-A50Y	91da548b-5c64-49c3-a44a-1ef115f53311			Synchronous primary	Lobular carcinoma in situ, NOS		white	not hispanic or latino	Alive
TCGA-LL-A5YL	1d75e89d-4b01-443c-be54-749c7a667bf4	Stage IIB		primary	Lobular carcinoma, NOS		white	not hispanic or latino	Alive
TCGA-LL-A5YM	e9a12df9-024e-4cbc-b6bf-e4e87485fa90	Stage IIIB		primary	Paget disease and infiltrating duct carcinoma of breast		black or african american	not hispanic or latino	Alive
TCGA-LL-A5YN	ef1b3332-cd7f-41bb-a2d3-2538e7becc5c	Stage IIA		primary	Infiltrating duct carcinoma, NOS		black or african american	not hispanic or latino	Alive
TCGA-LL-A5YO	b8aefc48-4a6e-4254-a57f-5f688399b582	Stage IA		primary	Infiltrating duct carcinoma, NOS		black or african american	not hispanic or latino	Alive
TCGA-LL-A5YP	6d24e675-2fa4-4102-861f-7516650b3049	Stage IIB		primary	Infiltrating duct carcinoma, NOS		black or african american	not hispanic or latino	Alive
TCGA-LL-A6FP	5c9d8163-a68e-43ce-9cba-effb7405761e	Stage IIA		primary	Lobular carcinoma, NOS		white	not hispanic or latino	Alive
TCGA-LL-A6FQ	92b842c5-f71b-4ef7-ba86-358d28e0966f	Stage IIIA		primary	Infiltrating duct carcinoma, NOS		black or african american	not hispanic or latino	Alive
TCGA-LL-A6FR	1347c23d-8d6e-4c15-9461-640249838c96	Stage IIA		primary	Infiltrating duct carcinoma, NOS		black or african american	not hispanic or latino	Alive
TCGA-LL-A73Y	ea645243-df49-4466-a255-9f3d4321e357	Stage IA		primary	Infiltrating duct carcinoma, NOS		black or african american	not hispanic or latino	Alive
TCGA-LL-A73Z	3e637872-f5e5-49d3-bb0d-9c16b8713382	Stage IV		primary	Infiltrating duct carcinoma, NOS		black or african american	not hispanic or latino	Dead
TCGA-LL-A740	aa60fa8d-c374-40e0-af2d-b007701e67e3	Stage IA		primary	Infiltrating duct carcinoma, NOS		black or african american	not hispanic or latino	Alive
TCGA-LL-A7SZ	09a5e9fd-d816-4f8c-baa9-0e40ba607b16	Stage IIB		primary	Infiltrating duct carcinoma, NOS		black or african american	not hispanic or latino	Alive
TCGA-LL-A7T0	d8f8064f-02ef-4fed-942b-714cbe5e8455	Stage IIB		primary	Infiltrating duct carcinoma, NOS		black or african american	not hispanic or latino	Alive
TCGA-LL-A8F5	e1786e78-ac46-46fd-8ce0-8f7456e46082	Stage IIA		primary	Infiltrating duct carcinoma, NOS		black or african american	not hispanic or latino	Alive
TCGA-LL-A9Q3	6af6d256-a753-46d2-b611-e4094ff265aa	Stage IIIC		primary	Lobular carcinoma, NOS		white	not hispanic or latino	Alive
TCGA-LQ-A4E4	4f321d41-3255-46a4-ae0d-1cf39699e624	Stage IIIA		primary	Lobular carcinoma, NOS		white	not hispanic or latino	Alive
TCGA-MS-A51U	910655da-2c12-4572-96b7-ded616e69b4b	Stage IIB		primary	Lobular carcinoma, NOS		white	not hispanic or latino	Alive
TCGA-OK-A5Q2	cd7fb75e-1c2e-4201-86d3-b3ba21f476bf	Stage II		primary	Lobular carcinoma, NOS		not reported	not reported	Alive
TCGA-OL-A5D6	c3a981c7-f148-4252-bd50-af8a49ec0df8	Stage IIA		primary	Infiltrating duct carcinoma, NOS		black or african american	not hispanic or latino	Dead
TCGA-OL-A5D7	c8f39325-5382-447c-9291-a6915fc978b8	Stage IIA		primary	Infiltrating duct carcinoma, NOS		black or african american	not hispanic or latino	Alive
TCGA-OL-A5D8	6d4860b2-21c6-4b7b-9093-2f32700d0612	Stage IIB		primary	Infiltrating duct carcinoma, NOS		black or african american	not hispanic or latino	Alive
TCGA-OL-A5DA	4e509f73-99c7-48eb-a3a4-d34e3bface33	Stage IIA		primary	Lobular carcinoma, NOS		white	not hispanic or latino	Alive
TCGA-OL-A5RU	b8a44fdf-9cb9-4123-9ab0-4bc198921fee	Stage IIA		primary	Infiltrating duct carcinoma, NOS		black or african american	Unknown	Alive
TCGA-OL-A5RV	1d38d356-d126-4476-94d0-26616b9375b1	Stage IIIC		primary	Infiltrating duct carcinoma, NOS		black or african american	Unknown	Alive
TCGA-OL-A5RW	a82d0a57-4383-473d-b334-d13b278404b1	Stage IIA		primary	Infiltrating duct carcinoma, NOS		black or african american	Unknown	Alive
TCGA-OL-A5RX	43c0bec6-6fac-47b1-83cb-200a15a932be	Stage IA		primary	Infiltrating duct carcinoma, NOS		black or african american	Unknown	Alive
TCGA-OL-A5RY	8360cec6-daf6-41c9-9a4f-7fc03c958dcc	Stage IIA		primary	Infiltrating duct carcinoma, NOS		black or african american	Unknown	Alive
TCGA-OL-A5RZ	7e8713bd-0b17-4f09-9696-bc29707d862b	Stage IA		primary	Infiltrating duct carcinoma, NOS		black or african american	Unknown	Alive
TCGA-OL-A5S0	43b3bf47-7313-4dfb-952a-ec0b9d48e16c	Stage IIB		primary	Infiltrating duct carcinoma, NOS		black or african american	Unknown	Alive
TCGA-OL-A66H	76bd9bb9-9a8b-4a90-bb7c-eafe76472ee4	Stage IB		primary	Mucinous adenocarcinoma		black or african american	not hispanic or latino	Alive
TCGA-OL-A66I	35bd694d-1dd2-466f-ab27-03320614b40e	Stage IIA		primary	Infiltrating duct carcinoma, NOS		black or african american	not hispanic or latino	Alive
TCGA-OL-A66J	96e1fc6d-693f-4f4f-b5f7-8d6e1c6c43f8	Stage I		primary	Lobular carcinoma, NOS		white	not hispanic or latino	Alive
TCGA-OL-A66K	2ab1b35b-9e56-475c-ac9b-15ed0a422683	Stage IIA		primary	Lobular carcinoma, NOS		white	not hispanic or latino	Dead
TCGA-OL-A66L	af0acaa9-a61c-4e57-bc0d-453ad5bf193a	Stage IA		primary	Infiltrating duct carcinoma, NOS		black or african american	not hispanic or latino	Alive
TCGA-OL-A66N	e9002f4e-ba0b-4738-9368-dd9614a5da8a	Stage IIIC		primary	Lobular carcinoma, NOS		white	not hispanic or latino	Alive
TCGA-OL-A66O	a45833e1-7cc9-4273-b408-620f74679a12	Stage IIB		primary	Infiltrating duct carcinoma, NOS		black or african american	not hispanic or latino	Alive
TCGA-OL-A66P	f81ac8a2-4ce6-439e-b027-1c0bfc88ceaa	Stage IIA		primary	Infiltrating duct carcinoma, NOS		black or african american	not hispanic or latino	Alive
TCGA-OL-A6VO	398fb71b-ca83-44e7-bf0d-b1ca464b0283	Stage IA		primary	Infiltrating duct carcinoma, NOS		black or african american	not hispanic or latino	Alive
TCGA-OL-A6VQ	34126cd5-cc38-4198-8582-c14fb5db7acb	Stage IIA		primary	Lobular carcinoma, NOS		white	not hispanic or latino	Alive
TCGA-OL-A6VR	db3e1ce8-4a05-4bfc-b5ae-13cf789369e1	Stage IA		primary	Infiltrating duct carcinoma, NOS		black or african american	not hispanic or latino	Alive
TCGA-OL-A97C	6ffd1b8c-6f0b-456a-9160-e0c8021e5897	Stage IIB		primary	Phyllodes tumor, malignant		black or african american	not hispanic or latino	Alive
TCGA-PE-A5DC	76099beb-0abe-4b56-8b4e-e4485e0402e6	Stage IIIA		primary	Lobular carcinoma, NOS		white	not hispanic or latino	Dead
TCGA-PE-A5DD	b0700958-5f90-4546-b35f-635cd506889b	Stage IIA		primary	Lobular carcinoma, NOS		asian	not hispanic or latino	Alive
TCGA-PE-A5DE	89c128b9-1c6b-4c04-a4af-7066772e783c	Stage IIA		primary	Lobular carcinoma, NOS		white	Unknown	Alive
TCGA-PL-A8LV	389e5b18-8f89-41a9-9fa5-efd4172836e2	Stage IIIB		primary	Medullary carcinoma, NOS		black or african american	not hispanic or latino	Alive
TCGA-PL-A8LX	fe2cd610-aa52-4789-ac62-7683281bb22f	Stage IV		primary	Infiltrating duct carcinoma, NOS		black or african american	not hispanic or latino	Alive
TCGA-PL-A8LY	9ba11ea8-97d3-464a-90a4-ec1151be9088	Stage IIB		primary	Infiltrating duct carcinoma, NOS		black or african american	not hispanic or latino	Alive
TCGA-PL-A8LZ	9087585f-e792-4f33-baaa-56ffe0f745be	Stage IIIB		primary	Infiltrating duct carcinoma, NOS		black or african american	not hispanic or latino	Alive
TCGA-S3-A6ZF	fbee40f1-d6d8-4156-8d42-36e09bb9f095	Stage IIA		primary	Infiltrating duct carcinoma, NOS		black or african american	not hispanic or latino	Alive
TCGA-S3-A6ZG	1a679332-30a3-4495-a2e5-39d299e14333	Stage IIB		primary	Lobular carcinoma, NOS		black or african american	not hispanic or latino	Alive
TCGA-S3-A6ZH	ec461eaf-f5cb-4225-a9a0-59d8e6c17ea6	Stage IIIC		primary	Infiltrating duct carcinoma, NOS		black or african american	not hispanic or latino	Alive
TCGA-S3-AA0Z	cffe832c-8a81-4cdb-8b25-df7f35afafdc	Stage IIB		primary	Infiltrating duct carcinoma, NOS		black or african american	not hispanic or latino	Alive
TCGA-S3-AA10	23c31c2e-336c-4878-a476-cf8d811b4875	Stage IIA		primary	Infiltrating duct carcinoma, NOS		black or african american	not hispanic or latino	Alive
TCGA-S3-AA11	0dd8dbc1-c48b-4e7c-b401-57101f724967	Stage IIA		primary	Infiltrating duct carcinoma, NOS		black or african american	not hispanic or latino	Alive
TCGA-S3-AA12	2bcacfd1-6a45-4b96-9b80-2ad569b1ab45	Stage IIIA		primary	Infiltrating duct carcinoma, NOS		black or african american	not hispanic or latino	Alive
TCGA-S3-AA14	929acc67-b8bf-4f65-9110-380e44ab66b7	Stage I		primary	Infiltrating duct carcinoma, NOS		black or african american	not hispanic or latino	Alive
TCGA-S3-AA15	e783e518-c1e5-4eac-8eaf-e2d65ccd9692	Stage IIB		primary	Infiltrating duct carcinoma, NOS		black or african american	not hispanic or latino	Alive
TCGA-S3-AA17	49a2fd48-744d-4d88-b9b4-8c778d4f48fd	Stage 0		Synchronous primary	Intraductal carcinoma, noninfiltrating, NOS		black or african american	not hispanic or latino	Alive
TCGA-UL-AAZ6	4b54e06e-a280-4981-a4e1-9aea154341b4	Stage IIA		primary	Infiltrating duct carcinoma, NOS		black or african american	not hispanic or latino	Alive
TCGA-UU-A93S	45013972-2dfd-4f82-a076-e3e4af1b43b8	Stage IV		primary	Infiltrating duct carcinoma, NOS		black or african american	not hispanic or latino	Dead
TCGA-V7-A7HQ	1285eb55-415c-494a-aa58-936f0427cdd0	Stage IIIA		primary	Infiltrating duct carcinoma, NOS		black or african american	not hispanic or latino	Alive
TCGA-W8-A86G	90ff48c3-b14b-4a8b-94a1-98c0bab0d27b	Stage IIA		primary	Lobular carcinoma, NOS		white	not hispanic or latino	Alive
TCGA-WT-AB41	e7db08a7-b439-4230-8dc4-1b54af4736c4			Prior primary	Not Reported		black or african american	not hispanic or latino	Alive
TCGA-WT-AB44	5cd79093-1571-4f71-8136-0d84ccabdcac	Stage IA		primary	Lobular carcinoma, NOS		white	not hispanic or latino	Alive
TCGA-XX-A899	f89588e9-ca73-4465-a7fb-7246edb45e3a	Stage IIIA		primary	Lobular carcinoma, NOS		white	not hispanic or latino	Alive
TCGA-XX-A89A	ca20249f-b7ea-4fd9-9ecb-34f74755ae35	Stage IIB		primary	Lobular carcinoma, NOS		white	not hispanic or latino	Alive
TCGA-Z7-A8R5	23f438bd-1dbb-4d46-972f-1e8e74ddbd37			recurrence	Lobular carcinoma, NOS		white	not hispanic or latino	Alive
TCGA-Z7-A8R6	b1d44c81-747d-471f-9093-aeb262a17975	Stage I		primary	Pleomorphic carcinoma		white	not hispanic or latino	Alive
